优先级,车系(族/名),搜索词,缺口格,行数,缺口字段,预期品牌令牌,共享名,已抽取
1,欧拉R1 / 欧拉R1,欧拉R1,48,8,车长(mm)×8;轴距(mm)×8;整备质量(kg)×8;电池容量(kWh)×8;电池类型×8;电池能量密度(Wh/kg)×8,长城 长城汽车股份有限公司,是,
2,瑞驰 EC75 / 瑞驰 EC75,瑞驰 EC75,44,10,车长(mm)×10;轴距(mm)×10;整备质量(kg)×2;电池容量(kWh)×2;电池类型×10;电池能量密度(Wh/kg)×10,赛力 赛力斯汽车有限公司,是,
3,V919 / V919,V919,38,12,车长(mm)×12;轴距(mm)×12;整备质量(kg)×1;电池容量(kWh)×1;电池能量密度(Wh/kg)×12,河北 河北长安汽车有限公司,是,
4,菱智M5EV / 菱智M5EV,菱智M5EV,36,8,车长(mm)×8;轴距(mm)×8;整备质量(kg)×5;电池容量(kWh)×5;电池类型×5;电池能量密度(Wh/kg)×5,东风 东风柳州汽车有限公司,,
5,比亚迪唐 / 比亚迪唐,比亚迪唐,35,8,车长(mm)×5;轴距(mm)×5;整备质量(kg)×6;纯电续航里程(km)×1;百公里电耗(kWh/100km)×1;电池容量(kWh)×6;电池类型×5;电池能量密度(Wh/kg)×6,比亚 比亚迪 比亚迪汽车工业有限公司,是,是
6,乐福 / 乐福,乐福,29,7,车长(mm)×7;轴距(mm)×7;整备质量(kg)×4;电池容量(kWh)×4;电池能量密度(Wh/kg)×7,北汽 北汽福田汽车股份有限公司,,
7,Hyper GT / Hyper GT,Hyper GT,28,14,车长(mm)×14;轴距(mm)×14,aion 埃安 广汽 广汽乘用车有限公司 广汽埃安新能源汽车股份有限公司,,
8,Hyper HT / Hyper HT,Hyper HT,28,14,车长(mm)×14;轴距(mm)×14,aion 埃安 广汽 广汽乘用车有限公司 广汽埃安新能源汽车股份有限公司,,
9,eQ1 / eQ1,eQ1,26,8,车长(mm)×8;轴距(mm)×8;电池容量(kWh)×5;电池能量密度(Wh/kg)×5,奇瑞 奇瑞新能源汽车股份有限公司,是,
10,欧拉iQ / 欧拉iQ,欧拉iQ,25,5,车长(mm)×5;轴距(mm)×5;整备质量(kg)×5;电池容量(kWh)×5;电池能量密度(Wh/kg)×5,长城 长城汽车股份有限公司,,
11,聚星 / 聚星,聚星,24,12,车长(mm)×12;轴距(mm)×12,依维 依维柯 南京 南京汽车集团有限公司,,
12,比亚迪e3 / 比亚迪e3,比亚迪e3,24,6,整备质量(kg)×6;电池容量(kWh)×6;电池类型×6;电池能量密度(Wh/kg)×6,比亚 比亚迪汽车工业有限公司,是,
13,eQ5 / eQ5,eQ5,22,5,车长(mm)×5;轴距(mm)×5;整备质量(kg)×3;电池容量(kWh)×3;电池类型×3;电池能量密度(Wh/kg)×3,奇瑞 奇瑞新能源汽车股份有限公司,,
14,ELEXIO / ELEXIO,ELEXIO,20,5,车长(mm)×5;轴距(mm)×5;电池类型×5;电池能量密度(Wh/kg)×5,北京 北京现代汽车有限公司 现代,,
15,大众汽车（安 / ID.UNYX 与众07,ID.UNYX 与众07,20,4,车长(mm)×4;轴距(mm)×4;百公里电耗(kWh/100km)×4;电池类型×4;电池能量密度(Wh/kg)×4,大众 大众汽车有限公司,是,
16,河南森源电动 / V8,V8,20,4,车长(mm)×4;轴距(mm)×4;百公里电耗(kWh/100km)×4;电池类型×4;电池能量密度(Wh/kg)×4,河南 河南森源电动汽车有限公司,,
17,大众汽车（安 / ID.UNYX 与众06,ID.UNYX 与众06,20,4,车长(mm)×4;轴距(mm)×4;百公里电耗(kWh/100km)×4;电池类型×4;电池能量密度(Wh/kg)×4,大众 大众汽车有限公司,是,
18,G3i / G3i,G3i,18,9,车长(mm)×9;轴距(mm)×9,小鹏 肇庆 肇庆小鹏新能源投资有限公司,,
19,HYCAN Z03 / HYCAN Z03,HYCAN Z03,18,9,车长(mm)×9;轴距(mm)×9,合创 广汽 广汽乘用车有限公司,,
20,五菱 / 宏光MINI EV,宏光MINI EV,17,21,电池能量密度(Wh/kg)×17,上汽 上汽通用五菱汽车股份有限公司 五菱,,是
21,糯玉米 / 糯玉米,糯玉米,16,11,车长(mm)×7;轴距(mm)×7;电池能量密度(Wh/kg)×2,合肥 合肥长安汽车有限公司 重庆 重庆长安汽车股份有限公司 长安,是,
22,问界M7 / 赛力斯问界M7,赛力斯问界M7,16,8,车长(mm)×8;轴距(mm)×8,赛力 赛力斯 赛力斯汽车有限公司,,
23,HT / HT,HT,16,8,车长(mm)×8;轴距(mm)×8,广汽 广汽埃安新能源汽车股份有限公司 昊铂,,
24,海豚K5 / 海豚K5,海豚K5,16,4,车长(mm)×4;轴距(mm)×4;电池类型×4;电池能量密度(Wh/kg)×4,宜宾 宜宾凯翼汽车有限公司,,
25,AION LX / AION LX,AION LX,15,11,整备质量(kg)×5;电池容量(kWh)×5;电池能量密度(Wh/kg)×5,aion 埃安 广汽 广汽乘用车有限公司 广汽埃安新能源汽车股份有限公司,,
26,北京汽车股份 / 星钽5X,星钽5X,15,3,车长(mm)×3;轴距(mm)×3;百公里电耗(kWh/100km)×3;电池类型×3;电池能量密度(Wh/kg)×3,北京 北京汽车股份有限公司,是,
27,北汽蓝谷麦格 / αS5,αS5,15,3,车长(mm)×3;轴距(mm)×3;百公里电耗(kWh/100km)×3;电池类型×3;电池能量密度(Wh/kg)×3,北汽 北汽蓝谷麦格纳汽车有限公司,是,
28,小虎EV / 小虎,小虎,14,7,车长(mm)×7;轴距(mm)×7,东风 东风汽车有限公司 霆睿,是,
29,V09 / HYCAN V09,HYCAN V09,14,7,车长(mm)×7;轴距(mm)×7,合创 广汽 广汽乘用车有限公司,,
30,新途EV90 / EV90,EV90,14,7,车长(mm)×7;轴距(mm)×7,上汽 上汽大通汽车有限公司 大通,是,
31,睿行EM60Ⅱ / 睿行EM60Ⅱ,睿行EM60Ⅱ,14,6,车长(mm)×6;轴距(mm)×6;电池类型×1;电池能量密度(Wh/kg)×1,河北 河北长安汽车有限公司 长安,,
32,传祺AION.S;AION S / 传祺AION.S,传祺AION.S,14,5,车长(mm)×2;轴距(mm)×2;整备质量(kg)×5;电池容量(kWh)×2;电池能量密度(Wh/kg)×3,广汽 广汽乘用车有限公司,,
33,传祺AION.S;AION S / AION S,AION S,14,5,车长(mm)×2;轴距(mm)×2;整备质量(kg)×5;电池容量(kWh)×2;电池能量密度(Wh/kg)×3,广汽 广汽乘用车有限公司,是,是
34,特斯拉 MODEL Y / 特斯拉 MODEL Y,特斯拉 MODEL Y,13,12,车长(mm)×2;轴距(mm)×2;整备质量(kg)×2;电池容量(kWh)×2;电池类型×2;电池能量密度(Wh/kg)×3,特斯 特斯拉 特斯拉有限公司,是,
35,吉利车型 / SV,SV,12,18,电池类型×9;电池能量密度(Wh/kg)×3,浙江 浙江豪情汽车制造有限公司 远程,,
36,锐胜M8 / 锐胜M8,锐胜M8,12,6,电池类型×6;电池能量密度(Wh/kg)×6,北京 北京汽车制造厂有限公司 北京汽车股份有限公司 北汽 锐胜,是,
37,岚图知音 / 岚图知音,岚图知音,12,7,车长(mm)×6;轴距(mm)×6,东风 东风汽车有限公司 岚图 岚图汽车科技有限公司,是,
38,bZ4X / bZ4X,bZ4X,12,6,车长(mm)×6;轴距(mm)×6,toyota 丰田 天津 天津一汽丰田汽车有限公司 广汽 广汽丰田汽车有限公司,,
39,比亚迪秦 / 比亚迪秦,比亚迪秦,12,4,整备质量(kg)×4;电池容量(kWh)×4;电池能量密度(Wh/kg)×4,比亚 比亚迪汽车有限公司,是,
40,蓝山 / 蓝山,蓝山,12,4,百公里电耗(kWh/100km)×4;电池容量(kWh)×4;电池能量密度(Wh/kg)×4,长城 长城汽车股份有限公司 魏,,
41,iA5 / iA5,iA5,12,4,车长(mm)×4;轴距(mm)×4;整备质量(kg)×1;电池容量(kWh)×1;电池类型×1;电池能量密度(Wh/kg)×1,gac 广汽 广汽丰田汽车有限公司,,
42,红旗 / 红旗E-HS9,红旗E-HS9,12,7,整备质量(kg)×4;电池容量(kWh)×4;电池能量密度(Wh/kg)×4,中国 中国第一汽车集团有限公司 红旗,,
43,U5 / U5,U5,12,3,整备质量(kg)×3;电池容量(kWh)×3;电池类型×3;电池能量密度(Wh/kg)×3,江铃 江铃控股有限公司,是,
44,欧拉白猫 / 欧拉R2,欧拉R2,12,3,整备质量(kg)×3;电池容量(kWh)×3;电池类型×3;电池能量密度(Wh/kg)×3,长城 长城汽车股份有限公司,是,
45,海豚K7 / 海豚K7,海豚K7,12,3,车长(mm)×3;轴距(mm)×3;电池类型×3;电池能量密度(Wh/kg)×3,宜宾 宜宾凯翼汽车有限公司,,
46,GL8 ENCASA / GL8 ENCASA,GL8 ENCASA,12,3,百公里电耗(kWh/100km)×3;电池容量(kWh)×3;电池类型×3;电池能量密度(Wh/kg)×3,buick 上汽 上汽通用汽车有限公司 别克,是,
47,ARRIZO5 e / ARRIZO5 e,ARRIZO5 e,12,3,车长(mm)×3;轴距(mm)×3;电池容量(kWh)×3;电池能量密度(Wh/kg)×3,奇瑞 奇瑞新能源汽车股份有限公司,,
48,欧拉黑猫 / 欧拉黑猫,欧拉黑猫,12,3,整备质量(kg)×3;电池容量(kWh)×3;电池类型×3;电池能量密度(Wh/kg)×3,长城 长城汽车股份有限公司,是,是
49,TIGGO e / TIGGO e,TIGGO e,12,2,车长(mm)×2;轴距(mm)×2;整备质量(kg)×2;电池容量(kWh)×2;电池类型×2;电池能量密度(Wh/kg)×2,奇瑞 奇瑞汽车股份有限公司,,
50,欧拉R2 / 欧拉R2,欧拉R2,12,2,车长(mm)×2;轴距(mm)×2;整备质量(kg)×2;电池容量(kWh)×2;电池类型×2;电池能量密度(Wh/kg)×2,长城 长城汽车股份有限公司,是,
51,EQC 400 4MATIC / EQC 400 4MATIC,EQC 400 4MATIC,12,2,车长(mm)×2;轴距(mm)×2;整备质量(kg)×2;电池容量(kWh)×2;电池类型×2;电池能量密度(Wh/kg)×2,北京 北京奔驰汽车有限公司,,
52,理念VE-1 / 理念VE-1,理念VE-1,12,2,车长(mm)×2;轴距(mm)×2;整备质量(kg)×2;电池容量(kWh)×2;电池类型×2;电池能量密度(Wh/kg)×2,广汽 广汽本田汽车有限公司,,
53,EQC 350 4MATIC / EQC 350 4MATIC,EQC 350 4MATIC,12,2,车长(mm)×2;轴距(mm)×2;整备质量(kg)×2;电池容量(kWh)×2;电池类型×2;电池能量密度(Wh/kg)×2,北京 北京奔驰汽车有限公司,,
54,比亚迪M3 / 比亚迪M3,比亚迪M3,12,2,车长(mm)×2;轴距(mm)×2;整备质量(kg)×2;电池容量(kWh)×2;电池类型×2;电池能量密度(Wh/kg)×2,比亚 比亚迪汽车工业有限公司,是,
55,EU7 / EU7,EU7,12,2,车长(mm)×2;轴距(mm)×2;整备质量(kg)×2;电池容量(kWh)×2;电池类型×2;电池能量密度(Wh/kg)×2,北汽 北汽汽车有限公司,是,
56,e-tron / e-tron,e-tron,12,2,车长(mm)×2;轴距(mm)×2;整备质量(kg)×2;电池容量(kWh)×2;电池类型×2;电池能量密度(Wh/kg)×2,一汽 一汽-大众汽车有限公司,,
57,悦也plus / 悦也plus,悦也plus,11,4,车长(mm)×4;轴距(mm)×4;电池类型×3,上汽 上汽通用五菱汽车股份有限公司,是,
58,ARIYA / ARIYA,ARIYA,10,5,车长(mm)×5;轴距(mm)×5,东风 东风日产 东风汽车有限公司,,
59,E5 Sportback / E5 Sportback,E5 Sportback,10,5,车长(mm)×5;轴距(mm)×5,audi 上汽 上汽大众汽车有限公司 奥迪,,
60,问界M9 / 赛力斯问界M9,赛力斯问界M9,10,5,车长(mm)×5;轴距(mm)×5,赛力 赛力斯 赛力斯汽车有限公司,,
61,EU5 / EU5,EU5,10,10,整备质量(kg)×4;电池容量(kWh)×4;电池类型×1;电池能量密度(Wh/kg)×1,北京 北京汽车股份有限公司 北汽 北汽云南瑞丽汽车有限公司,是,
62,EX90 / EX90,EX90,10,5,车长(mm)×5;轴距(mm)×5,沃尔 沃尔沃 浙江 浙江豪情汽车制造有限公司,是,
63,五菱 / 五菱扬光Pro,五菱扬光Pro,10,4,整备质量(kg)×3;电池容量(kWh)×3;电池能量密度(Wh/kg)×4,上汽 上汽通用五菱汽车股份有限公司,,
64,睿行EM80Ⅱ / 睿行EM80Ⅱ,睿行EM80Ⅱ,10,4,车长(mm)×4;轴距(mm)×4;电池类型×1;电池能量密度(Wh/kg)×1,河北 河北长安汽车有限公司 长安,,
65,欧拉黑猫 / 欧拉R1,欧拉R1,10,3,整备质量(kg)×2;电池容量(kWh)×3;电池类型×2;电池能量密度(Wh/kg)×3,长城 长城汽车股份有限公司,是,
66,M-NV / M-NV,M-NV,10,3,车长(mm)×3;轴距(mm)×3;整备质量(kg)×1;电池容量(kWh)×1;电池类型×1;电池能量密度(Wh/kg)×1,nv 东风 东风本田汽车有限公司 毅威,,
67,东风汽车集团 / eπ008,eπ008,10,2,车长(mm)×2;轴距(mm)×2;百公里电耗(kWh/100km)×2;电池类型×2;电池能量密度(Wh/kg)×2,东风 东风汽车集团有限公司,,
68,"风景i9,风景i9+ / 风景i9",风景i9,10,2,车长(mm)×2;轴距(mm)×2;整备质量(kg)×1;电池容量(kWh)×1;电池类型×2;电池能量密度(Wh/kg)×2,北汽 北汽福田汽车股份有限公司,是,
69,"风景i9,风景i9+ / 风景i9+",风景i9+,10,2,车长(mm)×2;轴距(mm)×2;整备质量(kg)×1;电池容量(kWh)×1;电池类型×2;电池能量密度(Wh/kg)×2,北汽 北汽福田汽车股份有限公司,是,
70,奇瑞汽车股份 / 环游者,环游者,10,2,车长(mm)×2;轴距(mm)×2;百公里电耗(kWh/100km)×2;电池类型×2;电池能量密度(Wh/kg)×2,奇瑞 奇瑞汽车股份有限公司,,
71,睿行EM60 / 睿行EM60,睿行EM60,10,2,车长(mm)×2;轴距(mm)×2;整备质量(kg)×1;电池容量(kWh)×1;电池类型×2;电池能量密度(Wh/kg)×2,河北 河北长安汽车有限公司,是,
72,长城汽车股份 / ORA 5,ORA 5,10,2,车长(mm)×2;轴距(mm)×2;百公里电耗(kWh/100km)×2;电池类型×2;电池能量密度(Wh/kg)×2,长城 长城汽车股份有限公司,是,是
73,海狮王EV / 海狮王EV,海狮王EV,10,2,车长(mm)×2;轴距(mm)×2;整备质量(kg)×1;电池容量(kWh)×1;电池类型×2;电池能量密度(Wh/kg)×2,华晨 华晨雷诺金杯汽车有限公司,,
74,奇瑞汽车股份 / 捷途环游者,捷途环游者,10,2,车长(mm)×2;轴距(mm)×2;百公里电耗(kWh/100km)×2;电池类型×2;电池能量密度(Wh/kg)×2,奇瑞 奇瑞汽车股份有限公司,是,是
75,北汽蓝谷麦格 / αT7,αT7,10,2,车长(mm)×2;轴距(mm)×2;百公里电耗(kWh/100km)×2;电池类型×2;电池能量密度(Wh/kg)×2,北汽 北汽蓝谷麦格纳汽车有限公司,是,
76,吉利车型 / 熊猫mini,熊猫mini,9,13,车长(mm)×9,几何 浙江 浙江吉利汽车有限公司 浙江豪情汽车制造有限公司,,
77,奥迪Q4 e-tron / Q4,Q4,9,9,轴距(mm)×9,audi 一汽 一汽-大众汽车有限公司 奥迪,,
78,东风风神 / 风神E70,风神E70,9,17,整备质量(kg)×3;电池容量(kWh)×2;电池类型×2;电池能量密度(Wh/kg)×2,东风 东风汽车集团有限公司 风神,,
79,特顺EV / 特顺EV,特顺EV,9,4,车长(mm)×4;轴距(mm)×4;电池容量(kWh)×1,江铃 江铃汽车股份有限公司,,
80,埃安i60 / 埃安i60,埃安i60,9,3,车长(mm)×2;轴距(mm)×2;电池类型×2;电池能量密度(Wh/kg)×3,aion 埃安 广汽 广汽埃安新能源汽车股份有限公司,,
81,"比亚迪宋LGT,比亚迪宋GT / 比亚迪宋LGT",比亚迪宋LGT,9,3,车长(mm)×3;轴距(mm)×3;电池类型×3,比亚 比亚迪汽车工业有限公司,,
82,MIFA 7;大通大家7;大家7 / 大通大家7,大通大家7,9,3,车长(mm)×3;轴距(mm)×3;整备质量(kg)×3,上汽 上汽大通汽车有限公司 大通,,
83,X30LEV / X30LEV,X30LEV,9,3,车长(mm)×3;轴距(mm)×3;整备质量(kg)×1;电池容量(kWh)×1;电池类型×1,华晨 华晨鑫源重庆汽车有限公司 鑫源,,
84,比亚迪秦Pro / 比亚迪秦Pro,比亚迪秦Pro,9,3,整备质量(kg)×3;电池容量(kWh)×3;电池能量密度(Wh/kg)×3,比亚 比亚迪汽车有限公司,是,
85,比亚迪汉 / 比亚迪汉,比亚迪汉,9,8,整备质量(kg)×3;电池容量(kWh)×3;电池能量密度(Wh/kg)×3,比亚 比亚迪 比亚迪汽车工业有限公司,是,
86,"MILA 1,大拿 V1,大拿 M1 / MILA 1",MILA 1,9,3,车长(mm)×3;轴距(mm)×3;电池能量密度(Wh/kg)×3,上汽 上汽大通汽车有限公司,是,
87,红旗HS7 / 红旗HS7,红旗HS7,9,3,百公里电耗(kWh/100km)×3;电池容量(kWh)×3;电池能量密度(Wh/kg)×3,中国 中国第一汽车集团有限公司 红旗,,
88,"比亚迪宋LGT,比亚迪宋GT / 比亚迪宋GT",比亚迪宋GT,9,3,车长(mm)×3;轴距(mm)×3;电池类型×3,比亚 比亚迪汽车工业有限公司,,
89,全顺TRANSIT / 全顺EV,全顺EV,9,3,车长(mm)×3;轴距(mm)×3;电池类型×3,江铃 江铃全顺 江铃汽车股份有限公司,,
90,MIFA 7;大通大家7;大家7 / MIFA 7,MIFA 7,9,3,车长(mm)×3;轴距(mm)×3;整备质量(kg)×3,上汽 上汽大通汽车有限公司 大通,,
91,"MILA 1,大拿 V1,大拿 M1 / 大拿 M1",大拿 M1,9,3,车长(mm)×3;轴距(mm)×3;电池能量密度(Wh/kg)×3,上汽 上汽大通汽车有限公司,是,
92,"MILA 1,大拿 V1,大拿 M1 / 大拿 V1",大拿 V1,9,3,车长(mm)×3;轴距(mm)×3;电池能量密度(Wh/kg)×3,上汽 上汽大通汽车有限公司,是,
93,MIFA 7;大通大家7;大家7 / 大家7,大家7,9,3,车长(mm)×3;轴距(mm)×3;整备质量(kg)×3,上汽 上汽大通汽车有限公司 大通,,
94,悠宝利A3 / 悠宝利A3,悠宝利A3,9,2,车长(mm)×2;轴距(mm)×2;整备质量(kg)×1;电池容量(kWh)×1;电池类型×2;电池能量密度(Wh/kg)×1,belief 悠宝 悠宝利 观致 观致汽车有限公司,,
95,问界M9 / 问界M9,问界M9,8,6,车长(mm)×2;轴距(mm)×2;电池能量密度(Wh/kg)×4,赛力 赛力斯 赛力斯汽车有限公司 问界,,
96,哪吒U / 哪吒U,哪吒U,8,7,整备质量(kg)×6;电池容量(kWh)×2,合众 合众新能源汽车有限公司 哪吒 浙江 浙江合众新能源汽车有限公司,是,是
97,03T / 03T,03T,8,4,车长(mm)×4;轴距(mm)×4,奇瑞 奇瑞新能源汽车股份有限公司 爱咖,是,
98,传祺AION V;AION V / AION V,AION V,8,4,整备质量(kg)×2;电池容量(kWh)×2;电池能量密度(Wh/kg)×4,广汽 广汽乘用车有限公司,是,是
99,风景G7 / 风景G7,风景G7,8,4,车长(mm)×4;轴距(mm)×4,北汽 北汽福田汽车股份有限公司 福田,,
100,长安CS75PLUS / CS75 Plus,CS75 Plus,8,4,车长(mm)×4;轴距(mm)×4,合肥 合肥长安汽车有限公司 长安,,
101,ID.UNYX 与众 / ID.UNYX 与众,ID.UNYX 与众,8,4,车长(mm)×4;轴距(mm)×4,大众 大众汽车 大众汽车有限公司,,
102,江淮A5 PLUS / A5,A5,8,4,车长(mm)×4;轴距(mm)×4,赛力 赛力斯 赛力斯汽车有限公司,是,
103,恒驰5 LX / 恒驰5 LX,恒驰5 LX,8,4,车长(mm)×4;轴距(mm)×4,恒大 恒大新能源汽车有限公司 恒驰,,
104,bZ3X / bZ3X,bZ3X,8,4,车长(mm)×4;轴距(mm)×4,toyota 丰田 广汽 广汽丰田汽车有限公司,,
105,传祺AION V;AION V / 传祺AION V,传祺AION V,8,4,整备质量(kg)×2;电池容量(kWh)×2;电池能量密度(Wh/kg)×4,广汽 广汽乘用车有限公司,,
106,ID.7 VIZZION / ID.7 VIZZION,ID.7 VIZZION,8,4,车长(mm)×4;轴距(mm)×4,一汽 一汽-大众汽车有限公司 大众,,
107,HiPhi Z / HiPhi Z,HiPhi Z,8,4,车长(mm)×4;轴距(mm)×4,悦达 江苏 江苏悦达起亚汽车有限公司,,
108,EZ-6 / EZ-6,EZ-6,8,4,车长(mm)×4;轴距(mm)×4,mazda 长安 长安马自达汽车有限公司 马自 马自达,,
109,ec1 / ec1,ec1,8,4,车长(mm)×4;轴距(mm)×4,奇瑞 奇瑞新能源汽车股份有限公司,,
110,ARRIZO e / ARRIZO e,ARRIZO e,8,4,车长(mm)×4;轴距(mm)×4,奇瑞 奇瑞新能源汽车股份有限公司,是,
111,欧拉白猫 / 欧拉白猫,欧拉白猫,8,2,整备质量(kg)×2;电池容量(kWh)×2;电池类型×2;电池能量密度(Wh/kg)×2,长城 长城汽车股份有限公司,是,
112,A5;R-A5;S-A5;E-A5 / R-A5,R-A5,8,2,车长(mm)×2;轴距(mm)×2;整备质量(kg)×2;电池类型×2,赛力 赛力斯 赛力斯汽车有限公司,,
113,东风风光 / 东风风光,东风风光,8,2,整备质量(kg)×2;电池容量(kWh)×2;电池类型×2;电池能量密度(Wh/kg)×2,东风 东风小康汽车有限公司,,
114,ID.UNYX 与众06 / ID.UNYX 与众06,ID.UNYX 与众06,8,2,车长(mm)×2;轴距(mm)×2;整备质量(kg)×1;电池容量(kWh)×1;电池类型×1;电池能量密度(Wh/kg)×1,大众 大众汽车 大众汽车有限公司,是,
115,图雅诺 / 图雅诺,图雅诺,8,3,车长(mm)×2;轴距(mm)×2;电池类型×2;电池能量密度(Wh/kg)×2,北汽 北汽福田汽车股份有限公司 福田,是,
116,福瑞通 / 福瑞通,福瑞通,8,2,车长(mm)×2;轴距(mm)×2;电池类型×2;电池能量密度(Wh/kg)×2,东风 东风汽车股份有限公司,,
117,"瑞驰 EC75,瑞驰 R5 / 瑞驰 R5",瑞驰 R5,8,2,车长(mm)×2;轴距(mm)×2;电池类型×2;电池能量密度(Wh/kg)×2,赛力 赛力斯汽车有限公司,是,
118,A5;R-A5;S-A5;E-A5 / E-A5,E-A5,8,2,车长(mm)×2;轴距(mm)×2;整备质量(kg)×2;电池类型×2,赛力 赛力斯 赛力斯汽车有限公司,,
119,K3 / K3,K3,8,2,整备质量(kg)×2;电池容量(kWh)×2;电池类型×2;电池能量密度(Wh/kg)×2,东风 东风悦达起亚汽车有限公司,,
120,"瑞驰 EC75,瑞驰 R5 / 瑞驰 EC75",瑞驰 EC75,8,2,车长(mm)×2;轴距(mm)×2;电池类型×2;电池能量密度(Wh/kg)×2,赛力 赛力斯汽车有限公司,是,
121,欧拉R1 / 欧拉黑猫,欧拉黑猫,8,2,整备质量(kg)×2;电池容量(kWh)×2;电池类型×2;电池能量密度(Wh/kg)×2,长城 长城汽车股份有限公司,是,是
122,D60EV / D60EV,D60EV,8,2,车长(mm)×2;轴距(mm)×2;整备质量(kg)×2;电池容量(kWh)×2,东风 东风汽车有限公司,,
123,A5;R-A5;S-A5;E-A5 / A5,A5,8,2,车长(mm)×2;轴距(mm)×2;整备质量(kg)×2;电池类型×2,赛力 赛力斯 赛力斯汽车有限公司,是,
124,A5;R-A5;S-A5;E-A5 / S-A5,S-A5,8,2,车长(mm)×2;轴距(mm)×2;整备质量(kg)×2;电池类型×2,赛力 赛力斯 赛力斯汽车有限公司,,
125,北京汽车制造厂 / 摩登,摩登,8,2,纯电续航里程(km)×2;百公里电耗(kWh/100km)×2;电池容量(kWh)×2;电池能量密度(Wh/kg)×2,北京 北京汽车 北京汽车制造厂有限公司,,
126,瑞驰 R5 / 瑞驰 R5,瑞驰 R5,7,8,电池能量密度(Wh/kg)×7,瑞驰 赛力 赛力斯汽车有限公司,是,
127,小鹏G9L / 小鹏G9L,小鹏G9L,7,6,整备质量(kg)×1;电池能量密度(Wh/kg)×6,小鹏 肇庆 肇庆小鹏新能源投资有限公司,,
128,比亚迪海狮05 / 比亚迪海狮05,比亚迪海狮05,7,6,车长(mm)×3;轴距(mm)×3;电池能量密度(Wh/kg)×1,比亚 比亚迪 比亚迪汽车工业有限公司,是,
129,田野 / FM3,FM3,7,1,车长(mm)×1;轴距(mm)×1;整备质量(kg)×1;纯电续航里程(km)×1;百公里电耗(kWh/100km)×1;电池容量(kWh)×1;电池能量密度(Wh/kg)×1,河北 河北中兴汽车制造有限公司 田野,,
130,智界RX / 智界RX,智界RX,6,6,电池能量密度(Wh/kg)×6,奇瑞 奇瑞汽车股份有限公司 智界,是,是
131,江铃E途顺 / 江铃E途顺,江铃E途顺,6,4,整备质量(kg)×2;电池能量密度(Wh/kg)×4,江铃 江铃汽车股份有限公司,,是
132,东风 / 星海V6,星海V6,6,4,整备质量(kg)×2;电池能量密度(Wh/kg)×4,东风 东风柳州汽车有限公司,是,是
133,传祺AION.S AION S / 传祺AION.S AION S,传祺AION.S AION S,6,3,整备质量(kg)×3;电池能量密度(Wh/kg)×3,广汽 广汽乘用车有限公司,,
134,云度 / AIR,AIR,6,3,车长(mm)×3;轴距(mm)×3,云度 云度新能源汽车有限公司,,
135,Model 3(进口) / Model 3,Model 3,6,6,电池容量(kWh)×3;电池能量密度(Wh/kg)×3,特斯 特斯拉 特斯拉有限公司,,
136,小蚂蚁 / 小蚂蚁,小蚂蚁,6,3,电池容量(kWh)×3;电池能量密度(Wh/kg)×3,奇瑞 奇瑞新能源汽车股份有限公司,是,
137,HiPhi Y / Hiphi Y,Hiphi Y,6,3,车长(mm)×3;轴距(mm)×3,悦达 江苏 江苏悦达起亚汽车有限公司,,
138,HiPhi Z / Hiphi Z,Hiphi Z,6,3,车长(mm)×3;轴距(mm)×3,悦达 江苏 江苏悦达起亚汽车有限公司,,
139,传祺M8 / 传祺M8,传祺M8,6,4,车长(mm)×3;轴距(mm)×3,trumpchi 传祺 广汽 广汽传祺汽车有限公司,,
140,AION S / 埃安S Plus,埃安S Plus,6,3,车长(mm)×3;轴距(mm)×3,aion 埃安 广汽 广汽乘用车有限公司,是,
141,领途 / 百智大猫,百智大猫,6,3,车长(mm)×3;轴距(mm)×3,领途 领途汽车有限公司,,
142,UT / UT,UT,6,7,车长(mm)×3;轴距(mm)×3,aion 埃安 广汽 广汽埃安新能源汽车股份有限公司,是,
143,EX30 / EX30,EX30,6,3,车长(mm)×3;轴距(mm)×3,沃尔 沃尔沃 浙江 浙江豪情汽车制造有限公司,,
144,昆仑iHD / 昆仑iHD,昆仑iHD,6,3,车长(mm)×3;轴距(mm)×3,凯翼 宜宾 宜宾凯翼汽车有限公司,,
145,长安凯程V919 / V919,V919,6,3,车长(mm)×3;轴距(mm)×3,河北 河北长安汽车有限公司 长安,是,
146,MIFA 9 / MIFA 9,MIFA 9,6,3,车长(mm)×3;轴距(mm)×3,上汽 上汽大通汽车有限公司 大通,是,
147,玛斯丹 / Mach E,Mach E,6,3,车长(mm)×3;轴距(mm)×3,mustang 玛斯 玛斯丹 长安 长安福特汽车有限公司,,
148,MIFA 5 / MIFA 5,MIFA 5,6,2,车长(mm)×2;轴距(mm)×2;整备质量(kg)×1;电池类型×1,上汽 上汽大通汽车有限公司 大通,是,
149,全顺TRANSIT / 全顺TRANSIT,全顺TRANSIT,6,2,车长(mm)×2;轴距(mm)×2;整备质量(kg)×2,江铃 江铃全顺 江铃汽车股份有限公司,,
150,"MILA 1,大拿 M1,大拿 V1,大拿 V1L / 大拿 M1",大拿 M1,6,2,车长(mm)×2;轴距(mm)×2;电池能量密度(Wh/kg)×2,上汽 上汽大通汽车有限公司,是,
151,"MILA 1,大拿 M1,大拿 V1,大拿 V1L / 大拿 V1L",大拿 V1L,6,2,车长(mm)×2;轴距(mm)×2;电池能量密度(Wh/kg)×2,上汽 上汽大通汽车有限公司,,
152,eQ1 / 小蚂蚁,小蚂蚁,6,2,车长(mm)×2;轴距(mm)×2;电池容量(kWh)×1;电池能量密度(Wh/kg)×1,奇瑞 奇瑞新能源汽车股份有限公司,是,
153,MIFA 6 / MIFA 6,MIFA 6,6,2,车长(mm)×2;轴距(mm)×2;整备质量(kg)×2,上汽 上汽大通汽车有限公司 大通,是,
154,东风风神 / K-ZE,K-ZE,6,2,整备质量(kg)×2;电池容量(kWh)×2;电池能量密度(Wh/kg)×2,东风 东风汽车集团有限公司,,
155,五菱 / E300P,E300P,6,2,整备质量(kg)×2;电池容量(kWh)×2;电池能量密度(Wh/kg)×2,上汽 上汽通用五菱汽车股份有限公司,,
156,黄海 / Smile,Smile,6,2,车长(mm)×2;轴距(mm)×2;电池类型×2,丹东 丹东黄海汽车有限责任公司 黄海,,
157,启辰大V DD-i超混动 / V-ONLINE,V-ONLINE,6,2,车长(mm)×2;轴距(mm)×2;电池类型×2,东风 东风汽车有限公司 启辰,,
158,腾势X / 腾势X,腾势X,6,2,整备质量(kg)×2;电池容量(kWh)×2;电池能量密度(Wh/kg)×2,比亚 比亚迪汽车工业有限公司,,
159,五菱 / KiWi EV,KiWi EV,6,7,整备质量(kg)×2;电池容量(kWh)×2;电池能量密度(Wh/kg)×2,上汽 上汽通用五菱汽车股份有限公司 宝骏,,
160,MIFA 6 / 大家6,大家6,6,2,车长(mm)×2;轴距(mm)×2;整备质量(kg)×2,上汽 上汽大通汽车有限公司 大通,,
161,"MILA 1,大拿 M1,大拿 V1,大拿 V1L / 大拿 V1",大拿 V1,6,2,车长(mm)×2;轴距(mm)×2;电池能量密度(Wh/kg)×2,上汽 上汽大通汽车有限公司,是,
162,长安 / 奔奔E-Star国民版,奔奔E-Star国民版,6,5,整备质量(kg)×2;电池容量(kWh)×2;电池能量密度(Wh/kg)×2,重庆 重庆长安汽车股份有限公司 长安,,
163,MIFA 6 / 大通大家6,大通大家6,6,2,车长(mm)×2;轴距(mm)×2;整备质量(kg)×2,上汽 上汽大通汽车有限公司 大通,,
164,东风风神 / EX1,EX1,6,3,整备质量(kg)×2;电池容量(kWh)×2;电池能量密度(Wh/kg)×2,东风 东风汽车集团有限公司,,
165,吉利车型 / 银河星舰7,银河星舰7,6,7,百公里电耗(kWh/100km)×2;电池容量(kWh)×2;电池能量密度(Wh/kg)×2,吉利 浙江 浙江豪情汽车制造有限公司,是,是
166,"MILA 1,大拿 M1,大拿 V1,大拿 V1L / MILA 1",MILA 1,6,2,车长(mm)×2;轴距(mm)×2;电池能量密度(Wh/kg)×2,上汽 上汽大通汽车有限公司,是,
167,奔驰VLE / VLE,VLE,6,2,纯电续航里程(km)×2;百公里电耗(kWh/100km)×2;电池能量密度(Wh/kg)×2,benz mercedes 北京 北京奔驰汽车有限公司 梅赛 梅赛德斯-奔驰,,是
168,长安 / 奔奔E-Star,奔奔E-Star,6,3,整备质量(kg)×2;电池容量(kWh)×2;电池能量密度(Wh/kg)×2,重庆 重庆长安汽车股份有限公司 长安,,
169,比亚迪秦PLUS / 比亚迪秦PLUS,比亚迪秦PLUS,6,5,整备质量(kg)×2;电池容量(kWh)×2;电池能量密度(Wh/kg)×2,比亚 比亚迪 比亚迪汽车工业有限公司 比亚迪汽车有限公司,是,
170,特斯拉 MODEL 3 / 特斯拉 MODEL 3,特斯拉 MODEL 3,6,3,整备质量(kg)×2;电池容量(kWh)×2;电池能量密度(Wh/kg)×2,特斯 特斯拉有限公司,是,
171,福运FORTUNE EV / 福运FORTUNE EV,福运FORTUNE EV,6,2,车长(mm)×2;轴距(mm)×2;电池类型×2,晶马 江西 江西江铃集团晶马汽车有限公司,,
172,X70EV;X70SEV;远鉴X70SE / 远鉴X70SEV,远鉴X70SEV,6,1,车长(mm)×1;轴距(mm)×1;整备质量(kg)×1;电池容量(kWh)×1;电池类型×1;电池能量密度(Wh/kg)×1,奇瑞 奇瑞商用车有限公司,,
173,X70EV;X70SEV;远鉴X70SE / X70SEV,X70SEV,6,1,车长(mm)×1;轴距(mm)×1;整备质量(kg)×1;电池容量(kWh)×1;电池类型×1;电池能量密度(Wh/kg)×1,奇瑞 奇瑞商用车有限公司,,
174,EA6 / EA6,EA6,6,1,车长(mm)×1;轴距(mm)×1;整备质量(kg)×1;电池容量(kWh)×1;电池类型×1;电池能量密度(Wh/kg)×1,广汽 广汽本田汽车有限公司,,
175,MENLO / MENLO,MENLO,6,1,车长(mm)×1;轴距(mm)×1;整备质量(kg)×1;电池容量(kWh)×1;电池类型×1;电池能量密度(Wh/kg)×1,上汽 上汽通用汽车有限公司,是,
176,M9 Plus / M9 Plus,M9 Plus,6,1,车长(mm)×1;轴距(mm)×1;整备质量(kg)×1;电池容量(kWh)×1;电池类型×1;电池能量密度(Wh/kg)×1,宜宾 宜宾凯翼汽车有限公司,,
177,VELITE 7 / VELITE 7,VELITE 7,6,1,车长(mm)×1;轴距(mm)×1;整备质量(kg)×1;电池容量(kWh)×1;电池类型×1;电池能量密度(Wh/kg)×1,上汽 上汽通用汽车有限公司,,
178,C-HR / C-HR,C-HR,6,1,车长(mm)×1;轴距(mm)×1;整备质量(kg)×1;电池容量(kWh)×1;电池类型×1;电池能量密度(Wh/kg)×1,广汽 广汽丰田汽车有限公司,,
179,欧拉iQ360 / 欧拉iQ360,欧拉iQ360,6,1,车长(mm)×1;轴距(mm)×1;整备质量(kg)×1;电池容量(kWh)×1;电池类型×1;电池能量密度(Wh/kg)×1,长城 长城汽车股份有限公司,,
180,e-THARU / e-THARU,e-THARU,6,1,车长(mm)×1;轴距(mm)×1;整备质量(kg)×1;电池容量(kWh)×1;电池类型×1;电池能量密度(Wh/kg)×1,上汽 上汽大众汽车有限公司,,
181,逸动 EV460 / 逸动EV460,逸动EV460,6,1,车长(mm)×1;轴距(mm)×1;整备质量(kg)×1;电池容量(kWh)×1;电池类型×1;电池能量密度(Wh/kg)×1,合肥 合肥长安汽车有限公司,是,
182,HYCAN 007 / HYCAN 007,HYCAN 007,6,1,车长(mm)×1;轴距(mm)×1;整备质量(kg)×1;电池容量(kWh)×1;电池类型×1;电池能量密度(Wh/kg)×1,广汽 广汽乘用车有限公司,,
183,HYCAN007 / HYCAN007,HYCAN007,6,1,车长(mm)×1;轴距(mm)×1;整备质量(kg)×1;电池容量(kWh)×1;电池类型×1;电池能量密度(Wh/kg)×1,广汽 广汽乘用车有限公司,,
184,1 易至EV3 / 易至EV3,易至EV3,6,1,车长(mm)×1;轴距(mm)×1;整备质量(kg)×1;电池容量(kWh)×1;电池类型×1;电池能量密度(Wh/kg)×1,江西 江西江铃集团新能源汽车有限公司,是,
185,X70EV;X70SEV;远鉴X70SE / X70EV,X70EV,6,1,车长(mm)×1;轴距(mm)×1;整备质量(kg)×1;电池容量(kWh)×1;电池类型×1;电池能量密度(Wh/kg)×1,奇瑞 奇瑞商用车有限公司,,
186,沁威(X-NV) / 沁威(X-NV),沁威(X-NV),6,1,车长(mm)×1;轴距(mm)×1;整备质量(kg)×1;电池容量(kWh)×1;电池类型×1;电池能量密度(Wh/kg)×1,东风 东风本田汽车有限公司,,
187,逸动 EV460 / 逸动EV 460换充版,逸动EV 460换充版,6,1,车长(mm)×1;轴距(mm)×1;整备质量(kg)×1;电池容量(kWh)×1;电池类型×1;电池能量密度(Wh/kg)×1,合肥 合肥长安汽车有限公司,是,
188,VELITE 6 / VELITE 6,VELITE 6,6,1,车长(mm)×1;轴距(mm)×1;整备质量(kg)×1;电池容量(kWh)×1;电池类型×1;电池能量密度(Wh/kg)×1,上汽 上汽通用汽车有限公司,是,
189,逸动 EV460 / 逸动EV 460,逸动EV 460,6,1,车长(mm)×1;轴距(mm)×1;整备质量(kg)×1;电池容量(kWh)×1;电池类型×1;电池能量密度(Wh/kg)×1,合肥 合肥长安汽车有限公司,是,
190,五菱 / 宏光MINIEV,宏光MINIEV,5,40,电池类型×5,上汽 上汽通用五菱汽车股份有限公司 五菱,是,是
191,奔腾小马 / 奔腾小马,奔腾小马,5,5,电池能量密度(Wh/kg)×5,一汽 中国 中国第一汽车集团有限公司,是,是
192,QQ冰淇淋 / QQ冰淇淋,QQ冰淇淋,5,19,电池类型×5,奇瑞 奇瑞新能源汽车股份有限公司,是,
193,阿维塔07L / 07L,07L,5,5,电池能量密度(Wh/kg)×5,avatr 重庆 重庆长安汽车股份有限公司 阿维 阿维塔,,
194,智己LS6 / LS6,LS6,5,5,电池能量密度(Wh/kg)×5,上海 上海汽车集团股份有限公司 智己,是,
195,腾势D9 / 腾势D9,腾势D9,5,8,电池能量密度(Wh/kg)×5,比亚 比亚迪汽车工业有限公司 腾势,是,
196,江豚E7 / 江豚E7,江豚E7,5,5,电池能量密度(Wh/kg)×5,宜宾 宜宾凯翼汽车有限公司,,
197,海狮08 / 比亚迪海狮08,比亚迪海狮08,5,5,电池能量密度(Wh/kg)×5,比亚 比亚迪,,
198,比亚迪海豹08 / 比亚迪海豹08,比亚迪海豹08,5,5,电池能量密度(Wh/kg)×5,比亚 比亚迪,,
199,比亚迪宋Ultra / 比亚迪宋Ultra,比亚迪宋Ultra,5,5,电池能量密度(Wh/kg)×5,比亚 比亚迪 比亚迪汽车工业有限公司,是,
200,哪吒 / 哪吒V,哪吒V,5,19,整备质量(kg)×5,合众 合众新能源汽车有限公司 哪吒,是,
201,享界V8 / 享界V8,享界V8,5,5,电池能量密度(Wh/kg)×5,享界 北京 北京新能源汽车股份有限公司,,是
202,江铃 E福顺 / 江铃 E福顺,江铃 E福顺,5,7,电池能量密度(Wh/kg)×5,江铃 江铃汽车股份有限公司,,
203,远程V7E / 远程V7E,远程V7E,5,4,整备质量(kg)×1;电池能量密度(Wh/kg)×4,山西 山西新能源汽车工业有限公司 浙江 浙江豪情汽车制造有限公司 远程,是,
204,红旗 / 奔腾E05,奔腾E05,5,11,整备质量(kg)×2;电池类型×2;电池能量密度(Wh/kg)×1,一汽 中国 中国第一汽车集团有限公司,,
205,凌宝BOX / 凌宝BOX,凌宝BOX,5,13,整备质量(kg)×1;电池容量(kWh)×1;电池类型×2;电池能量密度(Wh/kg)×1,凌宝 江苏 江苏吉麦新能源车业有限公司,,
206,FORD BRONCO BASECAMP / FORD BRONCO BASECAMP,FORD BRONCO BASECAMP,5,2,车长(mm)×1;轴距(mm)×1;电池类型×1;电池能量密度(Wh/kg)×2,江铃 江铃汽车股份有限公司 福特,是,
207,AION S / AION S PIO,AION S PIO,5,4,车长(mm)×2;轴距(mm)×2;整备质量(kg)×1,aion 埃安 广汽 广汽乘用车有限公司,,
208,欧拉萌猫 / 欧拉好猫,欧拉好猫,5,2,车长(mm)×1;整备质量(kg)×1;电池容量(kWh)×1;电池能量密度(Wh/kg)×2,长城 长城汽车股份有限公司,是,是
209,远志M1 / 远志M1,远志M1,5,2,车长(mm)×2;轴距(mm)×2;整备质量(kg)×1,大运 成都 成都大运汽车集团有限公司,,
210,上汽通用五菱 / 星光M,星光M,5,1,车长(mm)×1;轴距(mm)×1;百公里电耗(kWh/100km)×1;电池类型×1;电池能量密度(Wh/kg)×1,上汽 上汽通用五菱汽车股份有限公司,是,是
211,上汽MAXUS EUNIQ6 / 上汽MAXUS EUNIQ6,上汽MAXUS EUNIQ6,5,1,车长(mm)×1;轴距(mm)×1;整备质量(kg)×1;电池容量(kWh)×1;电池能量密度(Wh/kg)×1,上汽 上汽大通汽车有限公司,,
212,E1 / E1,E1,5,1,车长(mm)×1;轴距(mm)×1;整备质量(kg)×1;电池容量(kWh)×1;电池能量密度(Wh/kg)×1,海马 海马汽车有限公司,是,
213,比亚迪e6 / 比亚迪e6,比亚迪e6,5,1,车长(mm)×1;轴距(mm)×1;整备质量(kg)×1;电池容量(kWh)×1;电池能量密度(Wh/kg)×1,比亚 比亚迪汽车工业有限公司,,
214,小雁EV / E1,E1,5,1,车长(mm)×1;轴距(mm)×1;整备质量(kg)×1;电池容量(kWh)×1;电池能量密度(Wh/kg)×1,海马 海马汽车有限公司,是,
215,广汽埃安新能 / 埃安Ray 01,埃安Ray 01,5,1,车长(mm)×1;轴距(mm)×1;百公里电耗(kWh/100km)×1;电池类型×1;电池能量密度(Wh/kg)×1,广汽 广汽埃安新能源汽车股份有限公司,,
216,赛力斯汽车有 / 问界M8EV,问界M8EV,5,1,车长(mm)×1;轴距(mm)×1;百公里电耗(kWh/100km)×1;电池类型×1;电池能量密度(Wh/kg)×1,赛力 赛力斯汽车有限公司,是,是
217,EV90 / EV90,EV90,5,1,车长(mm)×1;轴距(mm)×1;整备质量(kg)×1;电池容量(kWh)×1;电池能量密度(Wh/kg)×1,上汽 上汽大通汽车有限公司,是,
218,上海汽车集团 / iMAX8 EV,iMAX8 EV,5,1,车长(mm)×1;轴距(mm)×1;百公里电耗(kWh/100km)×1;电池类型×1;电池能量密度(Wh/kg)×1,上海 上海汽车集团股份有限公司,,是
219,零跑汽车有限 / Lafa 5,Lafa 5,5,1,车长(mm)×1;轴距(mm)×1;百公里电耗(kWh/100km)×1;电池类型×1;电池能量密度(Wh/kg)×1,零跑 零跑汽车有限公司,是,是
220,G3 / G3,G3,5,1,车长(mm)×1;轴距(mm)×1;整备质量(kg)×1;电池容量(kWh)×1;电池能量密度(Wh/kg)×1,海马 海马汽车有限公司,,
221,上汽大众汽车 / ID.ERA 5X,ID.ERA 5X,5,1,车长(mm)×1;轴距(mm)×1;百公里电耗(kWh/100km)×1;电池类型×1;电池能量密度(Wh/kg)×1,上汽 上汽大众汽车有限公司,是,是
222,territory / territory,territory,5,1,车长(mm)×1;轴距(mm)×1;整备质量(kg)×1;电池容量(kWh)×1;电池能量密度(Wh/kg)×1,江铃 江铃汽车股份有限公司,,
223,广汽埃安新能 / 埃安Ray 7,埃安Ray 7,5,1,车长(mm)×1;轴距(mm)×1;百公里电耗(kWh/100km)×1;电池类型×1;电池能量密度(Wh/kg)×1,广汽 广汽埃安新能源汽车股份有限公司,,是
224,T300EV / T300EV,T300EV,5,1,车长(mm)×1;轴距(mm)×1;整备质量(kg)×1;电池容量(kWh)×1;电池能量密度(Wh/kg)×1,众泰 浙江 浙江众泰汽车制造有限公司,,
225,EG10 / EG10,EG10,5,1,车长(mm)×1;轴距(mm)×1;整备质量(kg)×1;电池容量(kWh)×1;电池能量密度(Wh/kg)×1,上汽 上汽大通汽车有限公司,,
226,小雁EV / 爱尚EV,爱尚EV,5,1,车长(mm)×1;轴距(mm)×1;整备质量(kg)×1;电池容量(kWh)×1;电池能量密度(Wh/kg)×1,海马 海马汽车有限公司,是,
227,上汽MAXUS EUNIQ5 / 上汽MAXUS EUNIQ5,上汽MAXUS EUNIQ5,5,1,车长(mm)×1;轴距(mm)×1;整备质量(kg)×1;电池容量(kWh)×1;电池能量密度(Wh/kg)×1,上汽 上汽大通汽车有限公司,是,
228,帝豪EV / 帝豪EV,帝豪EV,5,2,车长(mm)×1;轴距(mm)×1;整备质量(kg)×1;电池容量(kWh)×1;电池能量密度(Wh/kg)×1,帝豪 浙江 浙江吉利汽车有限公司,,
229,上汽MAXUS EUNIQ5 / MIFA 5,MIFA 5,5,1,车长(mm)×1;轴距(mm)×1;整备质量(kg)×1;电池容量(kWh)×1;电池能量密度(Wh/kg)×1,上汽 上汽大通汽车有限公司,是,
230,小雁EV / 小雁EV,小雁EV,5,1,车长(mm)×1;轴距(mm)×1;整备质量(kg)×1;电池容量(kWh)×1;电池能量密度(Wh/kg)×1,海马 海马汽车有限公司,,
231,新特DEV L400 / 新特DEV,新特DEV,5,1,车长(mm)×1;轴距(mm)×1;整备质量(kg)×1;电池容量(kWh)×1;电池能量密度(Wh/kg)×1,天琴 重汽 重汽轻型汽车有限公司,,
232,奇瑞汽车股份 / 智界R7,智界R7,5,1,车长(mm)×1;轴距(mm)×1;百公里电耗(kWh/100km)×1;电池类型×1;电池能量密度(Wh/kg)×1,奇瑞 奇瑞汽车股份有限公司,是,
233,S3，极狐S3 / S3,S3,4,4,电池能量密度(Wh/kg)×4,北京 北京汽车股份有限公司 北汽,是,
234,奥迪Q6L Sportback e-tron / Q6L,Q6L,4,4,电池类型×4,奥迪 奥迪一汽新能源汽车有限公司,是,
235,比亚迪元Plus / 比亚迪元PLUS,比亚迪元PLUS,4,5,电池能量密度(Wh/kg)×4,比亚 比亚迪 比亚迪汽车工业有限公司,是,
236,五菱 / 五菱扬光,五菱扬光,4,6,电池能量密度(Wh/kg)×4,上汽 上汽通用五菱汽车股份有限公司 五菱,是,
237,猛士X700 / 猛士X700,猛士X700,4,4,电池能量密度(Wh/kg)×4,东风 东风汽车集团有限公司 猛士,,
238,大众ID ERA 8X / ID.ERA 8X,ID.ERA 8X,4,4,电池能量密度(Wh/kg)×4,volkswagen 上汽 上汽大众汽车有限公司 大众 大众汽车,,
239,东风风行星海V6 / 星海V6,星海V6,4,4,电池能量密度(Wh/kg)×4,东风 东风柳州汽车有限公司,是,是
240,S3，极狐S3 / 极狐S3,极狐S3,4,4,电池能量密度(Wh/kg)×4,北京 北京汽车股份有限公司 北汽,,
241,长安启源Q06 / Q06E,Q06E,4,4,电池能量密度(Wh/kg)×4,长安,是,
242,岚图追光S / 岚图追光S,岚图追光S,4,4,电池能量密度(Wh/kg)×4,岚图,,
243,EV5 / EV5,EV5,4,8,电池能量密度(Wh/kg)×4,江苏 江苏悦达起亚汽车有限公司 起亚,,是
244,启境GT7 / 启境GT7,启境GT7,4,4,电池能量密度(Wh/kg)×4,启境 广汽 广汽埃安新能源汽车股份有限公司,,
245,岚图泰山X8 / 岚图泰山X8,岚图泰山X8,4,4,电池能量密度(Wh/kg)×4,岚图,,
246,A05L / A05L,A05L,4,4,电池能量密度(Wh/kg)×4,重庆 重庆铃耀汽车有限公司 长安,,是
247,零跑A05 / A05,A05,4,4,电池能量密度(Wh/kg)×4,重庆 重庆长安汽车股份有限公司 零跑,是,
248,HiPhi X / HiPhi X,HiPhi X,4,7,整备质量(kg)×4,东风 东风悦达起亚汽车有限公司 悦达 江苏 江苏悦达起亚汽车有限公司,,是
249,瑞风E4 / 瑞风E4,瑞风E4,4,4,电池能量密度(Wh/kg)×4,安徽 安徽江淮汽车集团股份有限公司,是,
250,吉利银河A8/TT / TT,TT,4,4,电池能量密度(Wh/kg)×4,吉利,,
251,吉利银河A8/TT / 银河TT,银河TT,4,4,电池能量密度(Wh/kg)×4,吉利,,
252,M6 / M6,M6,4,4,电池能量密度(Wh/kg)×4,jetta 一汽 一汽-大众汽车有限公司 捷达,,
253,五菱 / 五菱荣光EV,五菱荣光EV,4,5,整备质量(kg)×2;电池容量(kWh)×1;电池能量密度(Wh/kg)×1,上汽 上汽通用五菱汽车股份有限公司 五菱,,
254,大马 / EA5,EA5,4,2,车长(mm)×2;轴距(mm)×2,大马 江苏 江苏九龙汽车制造有限公司,,
255,bZ5 / bZ3C,bZ3C,4,2,车长(mm)×2;轴距(mm)×2,toyota 一汽 一汽丰田汽车有限公司 丰田,,
256,EV90 / V90,V90,4,2,车长(mm)×2;轴距(mm)×2,上汽 上汽大通汽车有限公司 大通,,
257,小米澎程N70 / 小米澎程N70,小米澎程N70,4,2,整备质量(kg)×2;电池能量密度(Wh/kg)×2,小米 小米汽车科技有限公司,,
258,S60 T8 / S60 T8,S60 T8,4,2,车长(mm)×2;轴距(mm)×2,大庆 大庆沃尔沃汽车制造有限公司 沃尔 沃尔沃,,
259,雷丁芒果;雷丁芒果Pro / 芒果,芒果,4,2,车长(mm)×2;轴距(mm)×2,四川 四川野马汽车股份有限公司 野马,是,
260,问界M9EV / 赛力斯问界M9EV,赛力斯问界M9EV,4,2,车长(mm)×2;轴距(mm)×2,赛力 赛力斯 赛力斯汽车有限公司,,
261,ID.UNYX 与众09 / ID.UNYX 与众09,ID.UNYX 与众09,4,2,电池类型×2;电池能量密度(Wh/kg)×2,大众 大众汽车 大众汽车有限公司,,
262,大圣 C-DM / 山海L6 C-DM,山海L6 C-DM,4,2,车长(mm)×2;轴距(mm)×2,,是,
263,Q6L / Q6L,Q6L,4,2,电池类型×2;电池能量密度(Wh/kg)×2,奥迪 奥迪一汽新能源汽车有限公司,是,
264,"MIFA 9,大通大家9,大家9 / MIFA 9",MIFA 9,4,2,车长(mm)×2;轴距(mm)×2,上汽 上汽大通汽车有限公司 大通,是,
265,问界M5e / M5e,M5e,4,2,车长(mm)×2;轴距(mm)×2,赛力 赛力斯 重庆 重庆金康新能源汽车有限公司,,
266,启辰大V DD-i超混动 / 启辰大V DD-i超混动,启辰大V DD-i超混动,4,2,车长(mm)×2;轴距(mm)×2,东风 东风汽车有限公司 启辰,,
267,EX5400 / EX5,EX5,4,2,车长(mm)×2;轴距(mm)×2,威尔 威尔马斯特 威马 威马汽车制造温州有限公司,是,
268,问界M5 / 赛力斯问界M5,赛力斯问界M5,4,2,车长(mm)×2;轴距(mm)×2,赛力 赛力斯 赛力斯汽车有限公司,,
269,问界M8 / 问界M8,问界M8,4,13,整备质量(kg)×2;电池能量密度(Wh/kg)×2,赛力 赛力斯 赛力斯汽车有限公司 问界,是,是
270,Q05 / Q05,Q05,4,2,整备质量(kg)×2;电池能量密度(Wh/kg)×2,重庆 重庆长安汽车股份有限公司 长安,是,
271,D60EV Pro / D60 PLUS,D60 PLUS,4,2,车长(mm)×2;轴距(mm)×2,东风 东风汽车有限公司 启辰,是,
272,ID.4 X / ID.4 X,ID.4 X,4,2,整备质量(kg)×1;电池容量(kWh)×1;电池能量密度(Wh/kg)×2,上汽 上汽大众汽车有限公司 大众,是,
273,FS6;X70S EV / FS6,FS6,4,2,车长(mm)×2;轴距(mm)×2,奇瑞 奇瑞商用车有限公司 捷途,,
274,星享V6E / 星享V6E,星享V6E,4,8,车长(mm)×2;轴距(mm)×2,山西 山西新能源汽车工业有限公司 远程,是,
275,拾月 / 拾月,拾月,4,2,车长(mm)×2;轴距(mm)×2,凯翼 宜宾 宜宾凯翼汽车有限公司,,
276,"图雅诺EV,图雅诺大V / 图雅诺EV",图雅诺EV,4,2,车长(mm)×2;轴距(mm)×2,北汽 北汽福田汽车股份有限公司 福田,,
277,风行雷霆 / 雷霆,雷霆,4,3,车长(mm)×2;轴距(mm)×2,东风 东风柳州汽车有限公司 东风汽车股份有限公司,是,
278,领途 / 大熊,大熊,4,2,车长(mm)×2;轴距(mm)×2,领途 领途汽车有限公司,,
279,景逸S50EV;风行S50EV / 景逸S50EV,景逸S50EV,4,2,整备质量(kg)×2;电池类型×2,东风 东风柳州汽车有限公司,是,
280,大圣 C-DM / 大圣 C-DM,大圣 C-DM,4,2,车长(mm)×2;轴距(mm)×2,,,
281,江淮 / E·10X,E·10X,4,10,电池容量(kWh)×2;电池能量密度(Wh/kg)×2,安徽 安徽江淮汽车集团股份有限公司 思皓 江淮,,
282,悦虎 / 悦虎,悦虎,4,4,整备质量(kg)×2;电池容量(kWh)×1;电池能量密度(Wh/kg)×1,大运 成都 成都大运汽车集团有限公司,是,
283,V919荣耀版 / V919荣耀版,V919荣耀版,4,2,车长(mm)×2;轴距(mm)×2,河北 河北长安汽车有限公司,是,
284,XC60 T8 / XC60 T8,XC60 T8,4,2,车长(mm)×2;轴距(mm)×2,沃尔 沃尔沃 浙江 浙江豪情汽车制造有限公司,是,
285,哪吒U / 哪吒UPro,哪吒UPro,4,2,整备质量(kg)×1;电池容量(kWh)×1;电池类型×1;电池能量密度(Wh/kg)×1,合众 合众新能源汽车有限公司 浙江 浙江合众新能源汽车有限公司,,
286,红旗 / 红旗E-QM5,红旗E-QM5,4,10,整备质量(kg)×2;电池能量密度(Wh/kg)×2,中国 中国第一汽车集团有限公司 红旗,,
287,新纯电动BMW i3 / 新纯电动BMW i3,新纯电动BMW i3,4,2,车长(mm)×2;轴距(mm)×2,bmw 华晨 华晨宝马汽车有限公司 宝马,,
288,东风日产N7 / 东风日产N7,东风日产N7,4,2,车长(mm)×2;轴距(mm)×2,东风 东风日产 东风汽车有限公司,,
289,创业者L / C45,C45,4,2,车长(mm)×2;轴距(mm)×2,南京 南京金龙客车制造有限公司 开沃,,
290,景逸S50EV;风行S50EV / 风行S50EV,风行S50EV,4,2,整备质量(kg)×2;电池类型×2,东风 东风柳州汽车有限公司,是,
291,玛奇朵PHEV / 玛奇朵PHEV,玛奇朵PHEV,4,2,车长(mm)×2;轴距(mm)×2,日照 日照威奕汽车有限公司 魏派,,
292,赛力斯 / 金康赛力斯SF5,金康赛力斯SF5,4,2,车长(mm)×2;轴距(mm)×2,赛力 赛力斯 重庆 重庆金康新能源汽车有限公司,,
293,EQE 350 4MATIC / EQE SUV,EQE SUV,4,2,车长(mm)×2;轴距(mm)×2,ben mercedes 北京 北京奔驰汽车有限公司 梅赛 梅赛德斯-奔驰(mercedes-ben...,,
294,RL7 / RL7,RL7,4,2,车长(mm)×2;轴距(mm)×2,枫叶 重庆 重庆睿蓝汽车制造有限公司,,
295,S90 T8 / S90 T8,S90 T8,4,2,车长(mm)×2;轴距(mm)×2,大庆 大庆沃尔沃汽车制造有限公司 沃尔 沃尔沃,,
296,领克10 EM-P / 领克10 EM-P,领克10 EM-P,4,2,车长(mm)×2;轴距(mm)×2,浙江 浙江吉利控股集团有限公司 领克,,
297,开沃 / 创业者,创业者,4,2,车长(mm)×2;轴距(mm)×2,南京 南京金龙客车制造有限公司 开沃,,
298,INJOY L / INJOY L,INJOY L,4,2,车长(mm)×2;轴距(mm)×2,海马 海马汽车有限公司,,
299,极星3 / 极星3,极星3,4,2,车长(mm)×2;轴距(mm)×2,极星 浙江 浙江豪情汽车制造有限公司,,
300,恒润 / HR-S1,HR-S1,4,2,车长(mm)×2;轴距(mm)×2,恒润 湖南 湖南恒润汽车有限公司,,
301,大圣 C-DM / 捷途,捷途,4,2,车长(mm)×2;轴距(mm)×2,,是,
302,RAV4 / RAV4,RAV4,4,2,车长(mm)×2;轴距(mm)×2,toyota 一汽 一汽丰田汽车有限公司 丰田,,
303,比亚迪 / U8,U8,4,1,纯电续航里程(km)×1;百公里电耗(kWh/100km)×1;电池容量(kWh)×1;电池能量密度(Wh/kg)×1,仰望 比亚 比亚迪汽车有限公司,,
304,风景i9 / 风景i9,风景i9,4,1,车长(mm)×1;轴距(mm)×1;电池类型×1;电池能量密度(Wh/kg)×1,北汽 北汽福田汽车股份有限公司,是,
305,上汽通用汽车 / XT5,XT5,4,1,车长(mm)×1;轴距(mm)×1;电池类型×1;电池能量密度(Wh/kg)×1,上汽 上汽通用汽车有限公司,是,是
306,东风风神 / 猛士917,猛士917,4,1,纯电续航里程(km)×1;百公里电耗(kWh/100km)×1;电池容量(kWh)×1;电池能量密度(Wh/kg)×1,东风 东风汽车集团有限公司 猛士,,
307,"乐福350,乐福450 / 乐福450",乐福450,4,1,车长(mm)×1;轴距(mm)×1;电池类型×1;电池能量密度(Wh/kg)×1,北汽 北汽福田汽车股份有限公司,,
308,ID.4 CROZZ / ID.4 CROZZ,ID.4 CROZZ,4,14,整备质量(kg)×1;电池容量(kWh)×1;电池类型×1;电池能量密度(Wh/kg)×1,一汽 一汽-大众汽车有限公司 大众,,
309,祥菱 / 祥菱,祥菱,4,1,车长(mm)×1;轴距(mm)×1;电池类型×1;电池能量密度(Wh/kg)×1,北汽 北汽福田汽车股份有限公司,,
310,锐胜王牌 E-M7 / 锐胜王牌 E-M7,锐胜王牌 E-M7,4,1,车长(mm)×1;轴距(mm)×1;电池类型×1;电池能量密度(Wh/kg)×1,北京 北京汽车股份有限公司 北汽,是,
311,睿蓝蓝精灵、睿蓝蓝气球、睿蓝泡泡、睿蓝萤火 / 睿蓝萤火,睿蓝萤火,4,1,车长(mm)×1;轴距(mm)×1;电池类型×1;电池能量密度(Wh/kg)×1,睿蓝,,
312,"IONIQ,IONIQ V,艾尼氪,艾尼氪V / 艾尼氪",艾尼氪,4,1,车长(mm)×1;轴距(mm)×1;电池类型×1;电池能量密度(Wh/kg)×1,北京 北京现代汽车有限公司,是,
313,菲斯塔/LAFESTA / LAFESTA,LAFESTA,4,1,车长(mm)×1;轴距(mm)×1;电池类型×1;电池能量密度(Wh/kg)×1,北京 北京现代汽车有限公司,,
314,江豚E6 PLUS / 江豚E6 PLUS,江豚E6 PLUS,4,1,车长(mm)×1;轴距(mm)×1;电池类型×1;电池能量密度(Wh/kg)×1,宜宾 宜宾凯翼汽车有限公司,,
315,"乐福350,乐福450 / 乐福350",乐福350,4,1,车长(mm)×1;轴距(mm)×1;电池类型×1;电池能量密度(Wh/kg)×1,北汽 北汽福田汽车股份有限公司,,
316,小虎 / 小虎,小虎,4,1,车长(mm)×1;轴距(mm)×1;整备质量(kg)×1;电池容量(kWh)×1,东风 东风汽车有限公司 霆睿,是,
317,"IONIQ,IONIQ V,艾尼氪,艾尼氪V / 艾尼氪V",艾尼氪V,4,1,车长(mm)×1;轴距(mm)×1;电池类型×1;电池能量密度(Wh/kg)×1,北京 北京现代汽车有限公司,是,
318,"风景i7,祥菱U7 / 祥菱U7",祥菱U7,4,1,车长(mm)×1;轴距(mm)×1;电池类型×1;电池能量密度(Wh/kg)×1,北汽 北汽福田汽车股份有限公司,是,
319,睿蓝蓝精灵、睿蓝蓝气球、睿蓝泡泡、睿蓝萤火 / 睿蓝蓝气球,睿蓝蓝气球,4,1,车长(mm)×1;轴距(mm)×1;电池类型×1;电池能量密度(Wh/kg)×1,睿蓝,,
320,"风景i7,祥菱U7 / 风景i7",风景i7,4,1,车长(mm)×1;轴距(mm)×1;电池类型×1;电池能量密度(Wh/kg)×1,北汽 北汽福田汽车股份有限公司,是,
321,爱尚EV / 爱尚EV,爱尚EV,4,1,车长(mm)×1;轴距(mm)×1;电池容量(kWh)×1;电池能量密度(Wh/kg)×1,海马 海马汽车有限公司,是,
322,ARRIZO5 e / ARRIZO e,ARRIZO e,4,1,车长(mm)×1;轴距(mm)×1;电池容量(kWh)×1;电池能量密度(Wh/kg)×1,奇瑞 奇瑞新能源汽车股份有限公司,是,
323,菲斯塔/LAFESTA / 菲斯塔,菲斯塔,4,1,车长(mm)×1;轴距(mm)×1;电池类型×1;电池能量密度(Wh/kg)×1,北京 北京现代汽车有限公司,,
324,风景i7 / 风景i7,风景i7,4,1,车长(mm)×1;轴距(mm)×1;电池类型×1;电池能量密度(Wh/kg)×1,北汽 北汽福田汽车股份有限公司,是,
325,风景i9+ / 风景i9+,风景i9+,4,1,车长(mm)×1;轴距(mm)×1;电池类型×1;电池能量密度(Wh/kg)×1,北汽 北汽福田汽车股份有限公司,是,
326,睿蓝蓝精灵、睿蓝蓝气球、睿蓝泡泡、睿蓝萤火 / 睿蓝泡泡,睿蓝泡泡,4,1,车长(mm)×1;轴距(mm)×1;电池类型×1;电池能量密度(Wh/kg)×1,睿蓝,,
327,睿蓝蓝精灵、睿蓝蓝气球、睿蓝泡泡、睿蓝萤火 / 睿蓝蓝精灵,睿蓝蓝精灵,4,1,车长(mm)×1;轴距(mm)×1;电池类型×1;电池能量密度(Wh/kg)×1,睿蓝,,
328,S50EV;S60EV;S50EVPRO;S60EVPRO / S50,S50,4,1,车长(mm)×1;轴距(mm)×1;整备质量(kg)×1;电池类型×1,东风 东风柳州汽车有限公司,,
329,名图 纯电动/MISTRA / 名图 纯电动,名图 纯电动,4,1,车长(mm)×1;轴距(mm)×1;电池类型×1;电池能量密度(Wh/kg)×1,北京 北京现代汽车有限公司,,
330,东风汽车集团 / 奕境X9,奕境X9,4,1,车长(mm)×1;轴距(mm)×1;电池类型×1;电池能量密度(Wh/kg)×1,东风 东风汽车集团有限公司,是,是
331,"IONIQ,IONIQ V,艾尼氪,艾尼氪V / IONIQ",IONIQ,4,1,车长(mm)×1;轴距(mm)×1;电池类型×1;电池能量密度(Wh/kg)×1,北京 北京现代汽车有限公司,是,
332,哪吒V / 哪吒V,哪吒V,4,2,整备质量(kg)×1;电池容量(kWh)×1;电池类型×1;电池能量密度(Wh/kg)×1,哪吒 浙江 浙江合众新能源汽车有限公司,是,
333,睿行EM80 / 睿行EM80,睿行EM80,4,1,车长(mm)×1;轴距(mm)×1;电池类型×1;电池能量密度(Wh/kg)×1,河北 河北长安汽车有限公司,是,
334,长安之星9 / 长安之星9,长安之星9,4,5,整备质量(kg)×1;电池容量(kWh)×1;电池类型×1;电池能量密度(Wh/kg)×1,河北 河北长安汽车有限公司 长安,,
335,睿行EM80Ⅱ / 瑞行EV,瑞行EV,4,1,车长(mm)×1;轴距(mm)×1;整备质量(kg)×1;电池类型×1,河北 河北长安汽车有限公司 长安,,
336,"比亚迪元EV,比亚迪元Pro / 比亚迪元EV",比亚迪元EV,4,1,整备质量(kg)×1;电池容量(kWh)×1;电池类型×1;电池能量密度(Wh/kg)×1,比亚 比亚迪汽车工业有限公司,,
337,T60EV / T60EV,T60EV,4,1,车长(mm)×1;轴距(mm)×1;整备质量(kg)×1;电池容量(kWh)×1,东风 东风汽车有限公司,,
338,比亚迪e2 / 比亚迪e2,比亚迪e2,4,5,整备质量(kg)×1;电池容量(kWh)×1;电池类型×1;电池能量密度(Wh/kg)×1,比亚 比亚迪汽车工业有限公司,是,是
339,"比亚迪元EV,比亚迪元Pro / 比亚迪元Pro",比亚迪元Pro,4,1,整备质量(kg)×1;电池容量(kWh)×1;电池类型×1;电池能量密度(Wh/kg)×1,比亚 比亚迪汽车工业有限公司,是,
340,"IONIQ,IONIQ V,艾尼氪,艾尼氪V / IONIQ V",IONIQ V,4,1,车长(mm)×1;轴距(mm)×1;电池类型×1;电池能量密度(Wh/kg)×1,北京 北京现代汽车有限公司,是,
341,理想i6 / 理想i6,理想i6,3,3,电池能量密度(Wh/kg)×3,北京 北京理想汽车有限公司 理想,,
342,比亚迪大汉 / 比亚迪大汉,比亚迪大汉,3,3,电池能量密度(Wh/kg)×3,比亚 比亚迪,,
343,现代IONIQ V / 艾尼氪,艾尼氪,3,3,电池能量密度(Wh/kg)×3,北京 北京现代 北京现代汽车有限公司,是,
344,银河E5 / 银河E5,银河E5,3,6,电池能量密度(Wh/kg)×3,吉利 浙江 浙江吉利汽车有限公司,是,
345,智界R7 / 智界R7,智界R7,3,4,电池能量密度(Wh/kg)×3,奇瑞 奇瑞新能源汽车股份有限公司 奇瑞汽车股份有限公司 智界,是,
346,长安深蓝G318 / G318,G318,3,3,电池能量密度(Wh/kg)×3,重庆 重庆长安汽车股份有限公司 长安,是,
347,五菱 / 五菱扬光L,五菱扬光L,3,3,电池能量密度(Wh/kg)×3,上汽 上汽通用五菱汽车股份有限公司,,
348,腾势Z / 腾势Z,腾势Z,3,3,电池能量密度(Wh/kg)×3,比亚 比亚迪汽车工业有限公司 腾势,,
349,吉利银河A8/TT / Luna7,Luna7,3,3,电池能量密度(Wh/kg)×3,吉利,,
350,领克10 / 领克10,领克10,3,3,电池能量密度(Wh/kg)×3,领克,,
351,智己L6 / L6,L6,3,3,电池能量密度(Wh/kg)×3,上海 上海汽车集团股份有限公司 智己,是,
352,长安 / 跨越星V7EV,跨越星V7EV,3,5,电池类型×3,重庆 重庆长安汽车股份有限公司 长安,是,
353,光束欧拉7 / O 7,O 7,3,3,电池能量密度(Wh/kg)×3,光束 光束汽车有限公司 欧拉,,
354,光束欧拉7 / R 7,R 7,3,3,电池能量密度(Wh/kg)×3,光束 光束汽车有限公司 欧拉,,
355,长安 / 糯玉米,糯玉米,3,9,车长(mm)×1;电池类型×2,重庆 重庆长安汽车股份有限公司 长安,是,
356,远程M7E / 远程M7E,远程M7E,3,3,电池能量密度(Wh/kg)×3,浙江 浙江豪情汽车制造有限公司 远程,,
357,零跑B01 / B01,B01,3,3,电池能量密度(Wh/kg)×3,零跑 零跑汽车有限公司,是,
358,捷途旅行者7 / 旅行者7,旅行者7,3,3,电池能量密度(Wh/kg)×3,奇瑞 奇瑞汽车股份有限公司 捷途,,
359,现代IONIQ V / IONIQ,IONIQ,3,3,电池能量密度(Wh/kg)×3,北京 北京现代 北京现代汽车有限公司,是,
360,吉利几何G6 / G6,G6,3,3,车长(mm)×3,小鹏 肇庆 肇庆小鹏新能源投资有限公司,,
361,启境GX7 / 启境GX7,启境GX7,3,3,电池能量密度(Wh/kg)×3,启境 广汽 广汽埃安新能源汽车股份有限公司,,是
362,一汽奔腾小马 / 奔腾小马,奔腾小马,3,3,电池能量密度(Wh/kg)×3,一汽 中国 中国第一汽车集团有限公司,是,是
363,αT7 / αT7,αT7,3,3,电池能量密度(Wh/kg)×3,arcfox 北汽 北汽蓝谷麦格纳汽车有限公司 极狐,是,
364,长城哈弗HX / H10,H10,3,3,电池能量密度(Wh/kg)×3,哈弗 长城 长城汽车股份有限公司,是,
365,零跑B10 / B10,B10,3,3,电池能量密度(Wh/kg)×3,零跑 零跑汽车有限公司,是,
366,吉利银河A8/TT / Viva,Viva,3,3,电池能量密度(Wh/kg)×3,吉利,,
367,光束欧拉7 / T 7,T 7,3,3,电池能量密度(Wh/kg)×3,光束 光束汽车有限公司 欧拉,,
368,方程豹方程S / 方程豹方程S,方程豹方程S,3,3,电池能量密度(Wh/kg)×3,方程 方程豹,,
369,红旗天工07 / 红旗天工07,红旗天工07,3,3,电池能量密度(Wh/kg)×3,中国 中国第一汽车集团有限公司 红旗,,是
370,比亚迪宋Pro / 比亚迪宋Pro,比亚迪宋Pro,3,3,电池能量密度(Wh/kg)×3,比亚 比亚迪 比亚迪汽车有限公司,是,
371,吉利银河A8/TT / Luna,Luna,3,3,电池能量密度(Wh/kg)×3,吉利,,
372,吉利银河A8/TT / Viva7,Viva7,3,3,电池能量密度(Wh/kg)×3,吉利,,
373,吉利银河A8/TT / 银河TT7,银河TT7,3,3,电池能量密度(Wh/kg)×3,吉利,,
374,现代IONIQ V / IONIQ V,IONIQ V,3,3,电池能量密度(Wh/kg)×3,北京 北京现代 北京现代汽车有限公司,是,
375,捷途旅行者7 / 山海T2,山海T2,3,3,电池能量密度(Wh/kg)×3,奇瑞 奇瑞汽车股份有限公司 捷途,是,
376,光束欧拉7 / 长城闪电猫,长城闪电猫,3,3,电池能量密度(Wh/kg)×3,光束 光束汽车有限公司 欧拉,,
377,银河星愿 / 星愿,星愿,3,7,电池能量密度(Wh/kg)×3,吉利 浙江 浙江吉利汽车有限公司,是,
378,比亚迪海狮06 / 比亚迪海狮06,比亚迪海狮06,3,7,电池能量密度(Wh/kg)×3,比亚 比亚迪 比亚迪汽车工业有限公司,是,
379,小鹏G9L / 小鹏G9,小鹏G9,3,6,电池类型×3,小鹏 肇庆 肇庆小鹏新能源投资有限公司,是,
380,红旗H7 / 红旗H7,红旗H7,3,3,电池能量密度(Wh/kg)×3,中国 中国第一汽车集团有限公司 红旗,,
381,极狐αT7 / αT7,αT7,3,3,电池能量密度(Wh/kg)×3,arcfox 北汽 北汽蓝谷麦格纳汽车有限公司 极狐,是,
382,吉利银河A8/TT / TT7,TT7,3,3,电池能量密度(Wh/kg)×3,吉利,,
383,小鹏L05 / 小鹏L05,小鹏L05,3,3,电池能量密度(Wh/kg)×3,小鹏,,
384,北京汽车制造厂 / 锐胜王牌 E-M7,锐胜王牌 E-M7,3,11,整备质量(kg)×3,北京 北京汽车制造厂有限公司 锐胜,是,
385,现代IONIQ V / 艾尼氪V,艾尼氪V,3,3,电池能量密度(Wh/kg)×3,北京 北京现代 北京现代汽车有限公司,是,
386,小米YU7 / 小米YU7,小米YU7,3,8,电池类型×2;电池能量密度(Wh/kg)×1,小米 小米汽车科技有限公司,,
387,魏牌V8X / V8X蓝山,V8X蓝山,3,3,电池能量密度(Wh/kg)×3,长城 长城汽车股份有限公司 魏,是,
388,魏牌V8X / V8X,V8X,3,3,电池能量密度(Wh/kg)×3,长城 长城汽车股份有限公司 魏,是,
389,小鹏L03 / 小鹏L03,小鹏L03,3,3,电池能量密度(Wh/kg)×3,小鹏,,
390,光束欧拉7 / ORA 7,ORA 7,3,3,电池能量密度(Wh/kg)×3,光束 光束汽车有限公司 欧拉,,
391,零跑C16 / C16,C16,3,12,电池能量密度(Wh/kg)×3,零跑 零跑汽车有限公司,是,
392,A07 / A07,A07,3,3,电池能量密度(Wh/kg)×3,重庆 重庆长安汽车股份有限公司 长安,是,
393,比亚迪宋Ultra / 比亚迪大宋,比亚迪大宋,3,3,电池能量密度(Wh/kg)×3,比亚 比亚迪,是,
394,方程豹钛7 / 方程豹钛7,方程豹钛7,3,15,整备质量(kg)×1;电池能量密度(Wh/kg)×2,方程 方程豹 比亚 比亚迪汽车工业有限公司 比亚迪汽车有限公司,是,
395,风行星海06 / 星海V6,星海V6,3,3,电池能量密度(Wh/kg)×3,东风,是,是
396,江豚E5 / 江豚E5,江豚E5,3,3,电池能量密度(Wh/kg)×3,宜宾 宜宾凯翼汽车有限公司,,
397,捷途旅行者7 / 旅行者,旅行者,3,3,电池能量密度(Wh/kg)×3,奇瑞 奇瑞汽车股份有限公司 捷途,是,
398,长城哈弗HX / HX,HX,3,3,电池能量密度(Wh/kg)×3,哈弗 长城 长城汽车股份有限公司,,
399,福特烈马 / FORD BRONCO BASECAMP,FORD BRONCO BASECAMP,3,3,电池能量密度(Wh/kg)×3,福特 长安 长安福特汽车有限公司,是,
400,埃安Y Plus / 埃安Y Plus,埃安Y Plus,3,3,电池能量密度(Wh/kg)×3,aion 埃安 广汽 广汽埃安新能源汽车股份有限公司,,
401,岚图梦想家9 / 岚图梦想家9,岚图梦想家9,3,2,整备质量(kg)×1;电池能量密度(Wh/kg)×2,东风 东风汽车集团有限公司 岚图,,
402,斯威大虎 / 斯威大虎,斯威大虎,3,1,车长(mm)×1;轴距(mm)×1;电池类型×1,华晨 华晨鑫源重庆汽车有限公司 斯威,,
403,五菱 / E300,E300,3,1,整备质量(kg)×1;电池容量(kWh)×1;电池能量密度(Wh/kg)×1,上汽 上汽通用五菱汽车股份有限公司,,
404,EC36Ⅱ / EC36Ⅱ,EC36Ⅱ,3,1,车长(mm)×1;轴距(mm)×1;电池类型×1,东风 东风小康汽车有限公司,是,
405,金琥EV80 / 金琥EV80,金琥EV80,3,1,车长(mm)×1;轴距(mm)×1;电池能量密度(Wh/kg)×1,江铃 江铃汽车股份有限公司,,
406,"悦虎ES3,悦虎3,悦虎 / 悦虎ES3",悦虎ES3,3,1,车长(mm)×1;轴距(mm)×1;整备质量(kg)×1,成都 成都大运汽车集团有限公司,,
407,"V919,V919荣耀版 / V919",V919,3,1,车长(mm)×1;轴距(mm)×1;电池能量密度(Wh/kg)×1,河北 河北长安汽车有限公司,是,
408,"悦虎ES3,悦虎3,悦虎 / 悦虎3",悦虎3,3,1,车长(mm)×1;轴距(mm)×1;整备质量(kg)×1,成都 成都大运汽车集团有限公司,,
409,比亚迪秦PLUS / 比亚迪秦Pro,比亚迪秦Pro,3,1,整备质量(kg)×1;电池容量(kWh)×1;电池能量密度(Wh/kg)×1,比亚 比亚迪汽车有限公司,是,
410,凯翼江豚E7 / E7,E7,3,1,车长(mm)×1;轴距(mm)×1;电池类型×1,奇瑞 奇瑞商用车有限公司 开瑞,,
411,比亚迪宋PLUS / 比亚迪宋PLUS,比亚迪宋PLUS,3,1,整备质量(kg)×1;电池容量(kWh)×1;电池能量密度(Wh/kg)×1,比亚 比亚迪汽车有限公司,是,
412,依维柯 / DAILY,DAILY,3,1,车长(mm)×1;轴距(mm)×1;电池类型×1,依维 依维柯 南京 南京汽车集团有限公司,,
413,南京金龙客车 / 创维鸿途EV,创维鸿途EV,3,1,车长(mm)×1;轴距(mm)×1;电池类型×1,南京 南京金龙客车制造有限公司,,
414,"V23S,V23 / V23S",V23S,3,1,车长(mm)×1;轴距(mm)×1;电池类型×1,奇瑞 奇瑞新能源汽车股份有限公司,,
415,风云T8L C-DM / 风云T8L C-DM,风云T8L C-DM,3,1,车长(mm)×1;轴距(mm)×1;电池类型×1,奇瑞 奇瑞汽车股份有限公司,是,
416,长安 / 第二代逸动EV,第二代逸动EV,3,1,整备质量(kg)×1;电池容量(kWh)×1;电池能量密度(Wh/kg)×1,重庆 重庆长安汽车股份有限公司,,
417,长安 / EADO E-Love,EADO E-Love,3,1,整备质量(kg)×1;电池容量(kWh)×1;电池能量密度(Wh/kg)×1,重庆 重庆长安汽车股份有限公司,,
418,"旅行者,山海T2 / 旅行者",旅行者,3,1,车长(mm)×1;轴距(mm)×1;电池类型×1,奇瑞 奇瑞汽车股份有限公司 捷途,是,
419,红旗 / 奔腾E01,奔腾E01,3,1,整备质量(kg)×1;电池容量(kWh)×1;电池能量密度(Wh/kg)×1,中国 中国第一汽车集团有限公司,,
420,埃安S Plus / 埃安S Plus,埃安S Plus,3,1,车长(mm)×1;轴距(mm)×1;电池能量密度(Wh/kg)×1,广汽 广汽埃安新能源汽车股份有限公司,是,
421,长安 / CS55 E-Rock,CS55 E-Rock,3,1,整备质量(kg)×1;电池容量(kWh)×1;电池能量密度(Wh/kg)×1,重庆 重庆长安汽车股份有限公司,,
422,金琥EV80L / 金琥EV80L,金琥EV80L,3,1,车长(mm)×1;轴距(mm)×1;电池能量密度(Wh/kg)×1,江铃 江铃汽车股份有限公司,,
423,理想 / 理想L9,理想L9,3,5,百公里电耗(kWh/100km)×1;电池容量(kWh)×1;电池能量密度(Wh/kg)×1,北京 北京理想汽车有限公司 理想,,
424,风光E380 / 东风小康风光E380,东风小康风光E380,3,1,车长(mm)×1;轴距(mm)×1;电池类型×1,东风 东风小康汽车有限公司,,
425,东风风神 / 俊风EV30,俊风EV30,3,1,整备质量(kg)×1;电池容量(kWh)×1;电池能量密度(Wh/kg)×1,东风 东风汽车集团有限公司,,
426,五菱 / 宝骏E100,宝骏E100,3,1,整备质量(kg)×1;电池容量(kWh)×1;电池能量密度(Wh/kg)×1,上汽 上汽通用五菱汽车股份有限公司,,
427,菱智EV / 菱智EV,菱智EV,3,1,车长(mm)×1;轴距(mm)×1;电池能量密度(Wh/kg)×1,,是,
428,国金汽车 / 糖果,糖果,3,1,车长(mm)×1;轴距(mm)×1;电池类型×1,国金 国金汽车 山东 山东国金汽车制造有限公司,,
429,菱智REEV / 菱智REEV,菱智REEV,3,1,车长(mm)×1;轴距(mm)×1;电池类型×1,东风 东风柳州汽车有限公司,,
430,飞碟U6 / U6,U6,3,3,纯电续航里程(km)×1;电池容量(kWh)×1;电池能量密度(Wh/kg)×1,江铃 江铃控股有限公司 爱驰,,
431,长安 / 逸动EV460,逸动EV460,3,1,整备质量(kg)×1;电池容量(kWh)×1;电池能量密度(Wh/kg)×1,重庆 重庆长安汽车股份有限公司,是,
432,"V919,V919荣耀版 / V919荣耀版",V919荣耀版,3,1,车长(mm)×1;轴距(mm)×1;电池能量密度(Wh/kg)×1,河北 河北长安汽车有限公司,是,
433,长安 / CS-GXNEV,CS-GXNEV,3,1,整备质量(kg)×1;电池容量(kWh)×1;电池能量密度(Wh/kg)×1,重庆 重庆长安汽车股份有限公司 长安,,
434,大道EV / 大道EV,大道EV,3,1,车长(mm)×1;轴距(mm)×1;整备质量(kg)×1,江铃 江铃汽车股份有限公司,,
435,长安 / 逸动EV 460换充版,逸动EV 460换充版,3,1,整备质量(kg)×1;电池容量(kWh)×1;电池能量密度(Wh/kg)×1,重庆 重庆长安汽车股份有限公司,是,
436,"星享V6E,星享V6F / 星享V6F",星享V6F,3,1,车长(mm)×1;轴距(mm)×1;电池能量密度(Wh/kg)×1,山西 山西新能源汽车工业有限公司,,
437,MIFA 5 / 大家5,大家5,3,1,车长(mm)×1;轴距(mm)×1;整备质量(kg)×1,上汽 上汽大通汽车有限公司 大通,,
438,东风风神 / e30,e30,3,1,整备质量(kg)×1;电池容量(kWh)×1;电池能量密度(Wh/kg)×1,东风 东风汽车集团有限公司,,
439,红星 / TUYOU,TUYOU,3,1,车长(mm)×1;轴距(mm)×1;电池类型×1,河北 河北红星汽车制造有限公司 红星,,
440,"V23S,V23 / V23",V23,3,1,车长(mm)×1;轴距(mm)×1;电池类型×1,奇瑞 奇瑞新能源汽车股份有限公司,是,
441,MIFA 5 / 大通大家5,大通大家5,3,1,车长(mm)×1;轴距(mm)×1;整备质量(kg)×1,上汽 上汽大通汽车有限公司 大通,,
442,长安 / 逸动EV 460,逸动EV 460,3,3,整备质量(kg)×1;电池容量(kWh)×1;电池能量密度(Wh/kg)×1,合肥 合肥长安汽车有限公司 重庆 重庆长安汽车股份有限公司 长安,是,
443,"MILA 1,大拿V1 / MILA",MILA,3,1,车长(mm)×1;轴距(mm)×1;电池类型×1,上汽 上汽大通汽车有限公司 大通,是,
444,RT / RT,RT,3,3,整备质量(kg)×1;电池容量(kWh)×1;电池能量密度(Wh/kg)×1,aion 埃安 广汽 广汽埃安新能源汽车股份有限公司,是,
445,比亚迪汉 / 比亚迪e9,比亚迪e9,3,1,整备质量(kg)×1;电池容量(kWh)×1;电池能量密度(Wh/kg)×1,比亚 比亚迪汽车工业有限公司,是,
446,"MILA 1,大拿 V1 / MILA 1",MILA 1,3,1,车长(mm)×1;轴距(mm)×1;电池能量密度(Wh/kg)×1,上汽 上汽大通汽车有限公司,是,
447,CS01 / CS01,CS01,3,1,车长(mm)×1;轴距(mm)×1;电池类型×1,leopaard 湖南 湖南猎豹汽车股份有限公司 猎豹,,
448,"MILA 1,大拿 V1 / 大拿 V1",大拿 V1,3,1,车长(mm)×1;轴距(mm)×1;电池能量密度(Wh/kg)×1,上汽 上汽大通汽车有限公司,是,
449,01 / 01,01,3,1,整备质量(kg)×1;电池容量(kWh)×1;电池能量密度(Wh/kg)×1,江西 江西江铃集团新能源汽车有限公司,,
450,奇瑞 / 瑞虎8,瑞虎8,3,1,纯电续航里程(km)×1;百公里电耗(kWh/100km)×1;电池能量密度(Wh/kg)×1,奇瑞 奇瑞汽车股份有限公司,,
451,GLC 350 L 4MATIC / GLC 350 L 4MATIC,GLC 350 L 4MATIC,3,1,车长(mm)×1;轴距(mm)×1;电池类型×1,,,
452,"悦虎ES3,悦虎3,悦虎 / 悦虎",悦虎,3,1,车长(mm)×1;轴距(mm)×1;整备质量(kg)×1,成都 成都大运汽车集团有限公司,是,
453,STERRA E05 / STERRA E05,STERRA E05,3,1,车长(mm)×1;轴距(mm)×1;电池类型×1,奇瑞 奇瑞汽车股份有限公司 星途,,
454,"星享V6E,星享V6F / 星享V6E",星享V6E,3,1,车长(mm)×1;轴距(mm)×1;电池能量密度(Wh/kg)×1,山西 山西新能源汽车工业有限公司,是,
455,开瑞E5 / 开瑞E5,开瑞E5,3,1,车长(mm)×1;轴距(mm)×1;电池类型×1,奇瑞 奇瑞商用车有限公司 开瑞,,
456,"旅行者,山海T2 / 山海T2",山海T2,3,1,车长(mm)×1;轴距(mm)×1;电池类型×1,奇瑞 奇瑞汽车股份有限公司 捷途,是,
457,银河A7 / 银河A7,银河A7,3,1,百公里电耗(kWh/100km)×1;电池容量(kWh)×1;电池能量密度(Wh/kg)×1,吉利 浙江 浙江吉利汽车有限公司,是,
458,长安 / 尼欧Ⅱ,尼欧Ⅱ,3,1,整备质量(kg)×1;电池容量(kWh)×1;电池能量密度(Wh/kg)×1,重庆 重庆长安汽车股份有限公司,,
459,荣威家越07 / 家越07,家越07,2,2,电池能量密度(Wh/kg)×2,上海 上海汽车集团股份有限公司 荣威,是,
460,"比亚迪秦PLUS,比亚迪秦L / 比亚迪秦L",比亚迪秦L,2,2,电池能量密度(Wh/kg)×2,比亚 比亚迪 比亚迪汽车工业有限公司,是,
461,银河战舰700 / 银河战舰700,银河战舰700,2,2,电池能量密度(Wh/kg)×2,吉利 浙江 浙江吉利汽车有限公司,,
462,银河M8 / 银河M8,银河M8,2,2,电池能量密度(Wh/kg)×2,吉利 浙江 浙江吉利汽车有限公司,,
463,T09 / T09,T09,2,2,电池能量密度(Wh/kg)×2,avatr 重庆 重庆长安汽车股份有限公司 阿维 阿维塔,,
464,奇瑞 / TIGGO7 PLUS DP-i,TIGGO7 PLUS DP-i,2,2,电池类型×2,奇瑞 奇瑞汽车股份有限公司,,
465,领克20 / 领克 20,领克 20,2,2,电池能量密度(Wh/kg)×2,领克,,
466,景逸S50 / 风行S50EV,风行S50EV,2,4,电池类型×2,东风 东风柳州汽车有限公司,是,
467,星途EX7 / EX7,EX7,2,2,电池能量密度(Wh/kg)×2,奇瑞 奇瑞汽车股份有限公司 星途,,
468,尚界Z7 / 尚界 Z7 T,尚界 Z7 T,2,2,电池能量密度(Wh/kg)×2,上海 上海汽车集团股份有限公司 尚界,,
469,银河星耀6 EM-i / 银河星耀6 EM-i,银河星耀6 EM-i,2,4,电池类型×2,吉利 浙江 浙江吉利汽车有限公司 浙江豪情汽车制造有限公司,是,
470,吉利银河星愿 / 星愿,星愿,2,2,电池能量密度(Wh/kg)×2,吉利 浙江 浙江吉利汽车有限公司,是,
471,理想L8 Livis / 理想L8,理想L8,2,2,电池能量密度(Wh/kg)×2,理想,是,
472,哈弗H6L / 枭龙MAX,枭龙MAX,2,2,电池能量密度(Wh/kg)×2,哈弗 长城 长城汽车股份有限公司,是,
473,五菱扬光 / 五菱扬光,五菱扬光,2,2,电池能量密度(Wh/kg)×2,上汽 上汽通用五菱汽车股份有限公司 五菱,是,
474,V23 / V23,V23,2,2,电池类型×2,奇瑞 奇瑞新能源汽车股份有限公司,是,
475,长城欧拉5 / ORA 5,ORA 5,2,2,电池能量密度(Wh/kg)×2,欧拉,是,是
476,智界V9 / 智界V9,智界V9,2,5,电池能量密度(Wh/kg)×2,奇瑞 奇瑞汽车股份有限公司 智界,,
477,"V25,V25S / V25S",V25S,2,2,电池能量密度(Wh/kg)×2,奇瑞 奇瑞新能源汽车股份有限公司 爱咖,,
478,"V25,V25S / V25",V25,2,2,电池能量密度(Wh/kg)×2,奇瑞 奇瑞新能源汽车股份有限公司 爱咖,是,
479,五菱 / 五菱缤果,五菱缤果,2,9,整备质量(kg)×2,上汽 上汽通用五菱汽车股份有限公司 五菱,是,
480,海豹07 EV / 海豹07,海豹07,2,2,电池能量密度(Wh/kg)×2,比亚 比亚迪 比亚迪汽车有限公司,是,
481,五菱缤果S / 五菱缤果S,五菱缤果S,2,2,电池能量密度(Wh/kg)×2,上汽 上汽通用五菱汽车股份有限公司 五菱,是,
482,ID.AURA T6 / ID.AURA T6,ID.AURA T6,2,2,电池能量密度(Wh/kg)×2,一汽 一汽-大众汽车有限公司 大众,,
483,瑞风E3 / 瑞风E3,瑞风E3,2,2,电池能量密度(Wh/kg)×2,安徽 安徽江淮汽车集团股份有限公司,是,
484,"比亚迪秦PLUS,比亚迪秦L / 比亚迪秦PLUS",比亚迪秦PLUS,2,2,电池能量密度(Wh/kg)×2,比亚 比亚迪 比亚迪汽车工业有限公司,是,
485,景逸S50 / 景逸S50EV,景逸S50EV,2,4,电池类型×2,东风 东风柳州汽车有限公司,是,
486,比亚迪海豹06 / 比亚迪海豹06MAX,比亚迪海豹06MAX,2,2,电池能量密度(Wh/kg)×2,比亚 比亚迪,是,
487,比亚迪秦Max / 比亚迪大秦,比亚迪大秦,2,2,电池能量密度(Wh/kg)×2,比亚 比亚迪,是,
488,12 / 12,12,2,2,电池类型×2,重庆 重庆长安汽车股份有限公司,是,
489,极氪009 / 009,009,2,2,电池能量密度(Wh/kg)×2,极氪 浙江 浙江吉利汽车有限公司,是,
490,零跑 / T03,T03,2,16,电池类型×2,forta 福达 零跑 零跑汽车有限公司,是,
491,问界M8增程 / 问界M8,问界M8,2,2,电池能量密度(Wh/kg)×2,赛力 赛力斯汽车有限公司 问界,是,是
492,A06 / A06,A06,2,2,电池能量密度(Wh/kg)×2,重庆 重庆长安汽车股份有限公司 长安,是,
493,比亚迪海豹06 / 比亚迪海豹06,比亚迪海豹06,2,9,电池能量密度(Wh/kg)×2,比亚 比亚迪 比亚迪汽车工业有限公司,是,
494,比亚迪腾势Z9 / 腾势Z9,腾势Z9,2,2,电池能量密度(Wh/kg)×2,比亚 比亚迪汽车工业有限公司 腾势,是,
495,零跑A10 / A10,A10,2,2,电池能量密度(Wh/kg)×2,零跑 零跑汽车有限公司,是,
496,名爵MG4X / MG 4X,MG 4X,2,2,电池能量密度(Wh/kg)×2,上海 上海汽车集团股份有限公司 名爵,是,
497,零跑C10 / C10,C10,2,2,电池能量密度(Wh/kg)×2,零跑 零跑汽车有限公司,是,
498,VX6 / VX6,VX6,2,2,整备质量(kg)×2,东风 东风汽车有限公司,是,
499,东风风行星海V6 / 星海V6PLUS,星海V6PLUS,2,2,电池能量密度(Wh/kg)×2,东风 东风柳州汽车有限公司,,
500,哈弗H6L / H6L,H6L,2,2,电池能量密度(Wh/kg)×2,哈弗 长城 长城汽车股份有限公司,,
501,星途ES / STERRA ES,STERRA ES,2,2,电池能量密度(Wh/kg)×2,奇瑞 奇瑞汽车股份有限公司 星途,是,
502,零跑D99 / D99,D99,2,2,电池能量密度(Wh/kg)×2,零跑 零跑汽车有限公司,,
503,比亚迪大唐 / 比亚迪大唐,比亚迪大唐,2,5,电池能量密度(Wh/kg)×2,比亚 比亚迪 比亚迪汽车工业有限公司,,
504,极狐αT5 / αT5,αT5,2,11,电池能量密度(Wh/kg)×2,arcfox 北汽 北汽蓝谷麦格纳汽车有限公司 极狐,是,
505,红旗H9 / 红旗H9,红旗H9,2,2,电池能量密度(Wh/kg)×2,中国 中国第一汽车集团有限公司 红旗,,
506,问界M8EV / 问界M8EV,问界M8EV,2,4,电池类型×2,赛力 赛力斯汽车有限公司 问界,是,是
507,C16 / C16,C16,2,2,电池能量密度(Wh/kg)×2,零跑 零跑汽车有限公司,是,
508,"比亚迪唐,比亚迪唐Pro / 比亚迪唐Pro",比亚迪唐Pro,2,2,电池能量密度(Wh/kg)×2,比亚 比亚迪 比亚迪汽车工业有限公司,,
509,魏派V8X / V8X,V8X,2,2,电池能量密度(Wh/kg)×2,魏,是,
510,奇瑞风云A9 / 风云A9,风云A9,2,2,电池能量密度(Wh/kg)×2,奇瑞,是,
511,哈弗H6L / 哈弗H6L,哈弗H6L,2,2,电池能量密度(Wh/kg)×2,哈弗 长城 长城汽车股份有限公司,是,
512,领克07 GT / 领克07GT,领克07GT,2,2,电池能量密度(Wh/kg)×2,领克,,
513,广汽传祺越7 / 传祺越7,传祺越7,2,2,电池能量密度(Wh/kg)×2,trumpchi 传祺,,
514,理想i9 / 理想i9,理想i9,2,2,电池能量密度(Wh/kg)×2,北京 北京理想汽车有限公司 理想,,
515,"比亚迪唐,比亚迪唐Pro / 比亚迪唐",比亚迪唐,2,2,电池能量密度(Wh/kg)×2,比亚 比亚迪 比亚迪汽车工业有限公司,是,是
516,S07 / S07,S07,2,2,电池类型×2,重庆 重庆长安汽车股份有限公司 长安,是,
517,星途EX7 / ET7,ET7,2,2,电池能量密度(Wh/kg)×2,奇瑞 奇瑞汽车股份有限公司 星途,是,
518,MG4X / MG 4X,MG 4X,2,2,电池能量密度(Wh/kg)×2,上海 上海汽车集团股份有限公司 名爵,是,
519,传祺向往S7 / 传祺向往S7,传祺向往S7,2,2,电池能量密度(Wh/kg)×2,trumpchi 传祺,,
520,北京汽车制造厂 / S3,S3,2,2,车长(mm)×2,北京 北京汽车制造厂有限公司 燕铃,是,
521,跨越星V7EV / 跨越星V7EV,跨越星V7EV,2,2,电池类型×2,重庆 重庆长安汽车股份有限公司,是,
522,腾势Z9S / 腾势Z9S,腾势Z9S,2,2,电池能量密度(Wh/kg)×2,比亚 比亚迪汽车工业有限公司 腾势,是,
523,彩虹 / 彩虹,彩虹,2,4,电池能量密度(Wh/kg)×2,兰州 兰州知豆电动汽车有限公司 知豆,是,
524,传祺M8 / 传祺向往M8,传祺向往M8,2,2,电池能量密度(Wh/kg)×2,trumpchi 传祺,,
525,比亚迪秦Max / 比亚迪秦MAX,比亚迪秦MAX,2,2,电池能量密度(Wh/kg)×2,比亚 比亚迪,是,
526,五菱 / 悦也,悦也,2,2,整备质量(kg)×2,上汽 上汽通用五菱汽车股份有限公司 宝骏,,
527,北京星钽5X / 星钽5X,星钽5X,2,2,电池能量密度(Wh/kg)×2,北京 北京汽车股份有限公司,是,
528,传祺向往S7 / 传祺S7,传祺S7,2,2,电池能量密度(Wh/kg)×2,trumpchi 传祺,,
529,跨越星V7 / 跨越星V7EV,跨越星V7EV,2,2,电池能量密度(Wh/kg)×2,重庆 重庆长安汽车股份有限公司,是,
530,理想L6 / 理想L6,理想L6,2,2,电池能量密度(Wh/kg)×2,北京 北京理想汽车有限公司 理想,是,
531,吉利车型 / M2,M2,2,2,车长(mm)×2,几何 浙江 浙江豪情汽车制造有限公司,,
532,方程豹方程S / 方程豹方程S GT,方程豹方程S GT,2,2,电池能量密度(Wh/kg)×2,方程 方程豹,,
533,奇瑞星途EX6 / 瑶光 C-DM,瑶光 C-DM,2,2,电池能量密度(Wh/kg)×2,奇瑞 奇瑞汽车股份有限公司 星途,是,
534,东风奕派EP7 / 奕派EP7,奕派EP7,2,2,电池能量密度(Wh/kg)×2,东风,,
535,尚界Z7 / 尚界 Z7,尚界 Z7,2,2,电池能量密度(Wh/kg)×2,上海 上海汽车集团股份有限公司 尚界,,
536,比亚迪元Up / 比亚迪元UP,比亚迪元UP,2,2,电池能量密度(Wh/kg)×2,比亚 比亚迪,是,
537,A6L / A6L,A6L,2,2,电池类型×2,奥迪 奥迪一汽新能源汽车有限公司,是,
538,东风奕派M8 / 奕派M8,奕派M8,2,2,电池能量密度(Wh/kg)×2,东风,,
539,哈弗H6L / 哈弗枭龙MAX,哈弗枭龙MAX,2,2,电池能量密度(Wh/kg)×2,哈弗 长城 长城汽车股份有限公司,是,
540,享界G9 / 享界G9,享界G9,2,2,电池能量密度(Wh/kg)×2,享界 北京 北京新能源汽车股份有限公司,,
541,银河星愿 / 星愿STAR,星愿STAR,2,2,电池能量密度(Wh/kg)×2,吉利,,
542,比亚迪腾势Z9 / 腾势Z9S,腾势Z9S,2,2,电池能量密度(Wh/kg)×2,比亚 比亚迪汽车工业有限公司 腾势,是,
543,奇瑞星途EX6 / EX 6,EX 6,2,2,电池能量密度(Wh/kg)×2,奇瑞 奇瑞汽车股份有限公司 星途,,
544,星途ET5 / ET5,ET5,2,1,车长(mm)×1;轴距(mm)×1,蔚来 蔚来汽车科技有限公司,是,
545,江淮 / E·40X,E·40X,2,1,电池容量(kWh)×1;电池能量密度(Wh/kg)×1,安徽 安徽江淮汽车集团股份有限公司,,
546,风行雷霆 / 风行 雷霆,风行 雷霆,2,1,车长(mm)×1;轴距(mm)×1,东风 东风柳州汽车有限公司,,
547,MINI JCW E / MINI JCW E,MINI JCW E,2,1,车长(mm)×1;轴距(mm)×1,mini 光束 光束汽车有限公司,,
548,XC60T8 / XC60 T8,XC60 T8,2,1,车长(mm)×1;轴距(mm)×1,沃尔 沃尔沃 浙江 浙江豪情汽车制造有限公司,是,
549,N5 / N5,N5,2,1,车长(mm)×1;轴距(mm)×1,小鹏 肇庆 肇庆小鹏新能源投资有限公司,,
550,北京EU7 / EU7,EU7,2,1,车长(mm)×1;轴距(mm)×1,北京 北汽 北汽云南瑞丽汽车有限公司,是,
551,问界M9 / 问界M9EV,问界M9EV,2,3,车长(mm)×1;轴距(mm)×1,赛力 赛力斯 赛力斯汽车有限公司 问界,,
552,北京 / 阿波罗V2,阿波罗V2,2,1,车长(mm)×1;轴距(mm)×1,北京 北汽 北汽银翔汽车有限公司,,
553,金菓MINIEV / 风光MINIEV,风光MINIEV,2,1,车长(mm)×1;轴距(mm)×1,东风 东风小康汽车有限公司,是,
554,雷丁芒果 / 芒果,芒果,2,1,车长(mm)×1;轴距(mm)×1,四川 四川野马汽车股份有限公司 野马,是,
555,TAYRON GTE / 探岳,探岳,2,1,车长(mm)×1;轴距(mm)×1,一汽 一汽-大众汽车有限公司 大众,,
556,吉普 / COMPASS 4xe,COMPASS 4xe,2,1,车长(mm)×1;轴距(mm)×1,jeep 吉普 广汽 广汽菲亚特克莱斯勒汽车有限公司,,
557,玛斯丹 / Mach-E,Mach-E,2,1,车长(mm)×1;轴距(mm)×1,mustang 玛斯 玛斯丹 长安 长安福特汽车有限公司,是,
558,"MIFA 9,大通大家9,大家9 / 大家9",大家9,2,1,车长(mm)×1;轴距(mm)×1,上汽 上汽大通汽车有限公司 大通,,
559,UNI-Z / Z6 PLUS,Z6 PLUS,2,1,车长(mm)×1;轴距(mm)×1,重庆 重庆铃耀汽车有限公司 长安,,
560,GLC 400 L 4MATIC / GLC 400 L 4MATIC,GLC 400 L 4MATIC,2,1,车长(mm)×1;轴距(mm)×1,北京 北京奔驰汽车有限公司,,
561,YOUNG光小新 / 电动屋L400,电动屋L400,2,1,车长(mm)×1;轴距(mm)×1,天琴 重汽 重汽轻型汽车有限公司,,
562,EQB 350 4MATIC / EQB 350 4MATIC,EQB 350 4MATIC,2,1,车长(mm)×1;轴距(mm)×1,北京 北京奔驰汽车有限公司 梅赛 梅赛德斯-奔驰,,
563,MINI COOPER SE / MINI COOPER SE,MINI COOPER SE,2,1,车长(mm)×1;轴距(mm)×1,mini 光束 光束汽车有限公司,,
564,揽胜极光L / 揽胜极光L,揽胜极光L,2,1,车长(mm)×1;轴距(mm)×1,land rover 奇瑞 奇瑞捷豹路虎汽车有限公司 路虎,,
565,江淮 / 江淮iEVS4,江淮iEVS4,2,1,电池容量(kWh)×1;电池能量密度(Wh/kg)×1,安徽 安徽江淮汽车集团股份有限公司,,
566,C 350 e L / C350eL,C350eL,2,1,车长(mm)×1;轴距(mm)×1,ben mercedes 北京 北京奔驰汽车有限公司 梅赛 梅赛德斯-奔驰(mercedes-ben...,,
567,AION S / AION S,AION S,2,1,整备质量(kg)×1;电池能量密度(Wh/kg)×1,广汽 广汽乘用车有限公司,是,是
568,山海T2 C-DM / 旅行者C-DM,旅行者C-DM,2,1,车长(mm)×1;轴距(mm)×1,奇瑞 奇瑞商用车有限公司 捷途,是,
569,Hyper SSR / Hyper  SSR,Hyper  SSR,2,1,车长(mm)×1;轴距(mm)×1,aion 埃安 广汽 广汽埃安新能源汽车股份有限公司,,
570,e:NS2 / e:NS2,e:NS2,2,1,车长(mm)×1;轴距(mm)×1,honda 东风 东风本田汽车有限公司 本田,,
571,EQA 260 / EQA 260,EQA 260,2,1,车长(mm)×1;轴距(mm)×1,北京 北京奔驰汽车有限公司 梅赛 梅赛德斯-奔驰,,
572,EV500 / EV500,EV500,2,1,车长(mm)×1;轴距(mm)×1,东南 东南汽车工业有限公司,,
573,全新大V DD-i / 全新大V DD-i,全新大V DD-i,2,1,车长(mm)×1;轴距(mm)×1,东风 东风汽车有限公司 启辰,,
574,帕拉索 / 帕拉索EV,帕拉索EV,2,1,整备质量(kg)×1;电池类型×1,东风 郑州 郑州日产汽车有限公司,,
575,Friday;EVO;雷霆 / EVO,EVO,2,1,车长(mm)×1;轴距(mm)×1,东风 东风柳州汽车有限公司,,
576,江淮 / 江淮iEV7,江淮iEV7,2,1,电池容量(kWh)×1;电池能量密度(Wh/kg)×1,安徽 安徽江淮汽车集团股份有限公司,,
577,"哪吒V,哪吒V-II,哪吒AYA / 哪吒AYA",哪吒AYA,2,1,车长(mm)×1;轴距(mm)×1,合众 合众新能源汽车股份有限公司 哪吒,是,
578,翼刻 / EK1,EK1,2,1,车长(mm)×1;轴距(mm)×1,江苏 江苏国新新能源乘用车有限公司 翼刻,,
579,S50EV;S50EVPRO / S50EVPRO,S50EVPRO,2,1,整备质量(kg)×1;电池类型×1,东风 东风柳州汽车有限公司,是,
580,D60EV PLUS / D60EV PLUS,D60EV PLUS,2,1,车长(mm)×1;轴距(mm)×1,东风 东风汽车有限公司 启辰,是,
581,ES8 / ES8,ES8,2,2,电池类型×1;电池能量密度(Wh/kg)×1,蔚来 蔚来汽车科技有限公司,是,
582,江淮 / 蓝猫,蓝猫,2,1,整备质量(kg)×1;电池容量(kWh)×1,安徽 安徽江淮汽车集团股份有限公司,,
583,奇瑞 / TIGGO 8 PLUS DP-i,TIGGO 8 PLUS DP-i,2,1,整备质量(kg)×1;电池类型×1,奇瑞 奇瑞汽车股份有限公司,,
584,EQB 260 / EQB 260,EQB 260,2,1,车长(mm)×1;轴距(mm)×1,北京 北京奔驰汽车有限公司 梅赛 梅赛德斯-奔驰,,
585,启辰D60EV换电版 / 启辰D60EV换电版,启辰D60EV换电版,2,1,车长(mm)×1;轴距(mm)×1,东风 东风汽车有限公司 启辰,,
586,D60EV PLUS / D60 PLUS,D60 PLUS,2,1,车长(mm)×1;轴距(mm)×1,东风 东风汽车有限公司 启辰,是,
587,电动屋S300 / 电动屋L300,电动屋L300,2,1,车长(mm)×1;轴距(mm)×1,天琴 重汽 重汽轻型汽车有限公司,,
588,蓝电E5 / 东风小康 E5,东风小康 E5,2,1,车长(mm)×1;轴距(mm)×1,东风 东风小康汽车有限公司,,
589,奇瑞 / TIGGO 8 PLUS 鲲鹏e+,TIGGO 8 PLUS 鲲鹏e+,2,1,整备质量(kg)×1;电池类型×1,奇瑞 奇瑞汽车股份有限公司,,
590,领坤EV / 领坤EV,领坤EV,2,1,车长(mm)×1;轴距(mm)×1,华晨 华晨鑫源重庆汽车有限公司 金杯,,
591,皓影新能源 / 本田皓影,本田皓影,2,1,车长(mm)×1;轴距(mm)×1,honda 广汽 广汽本田汽车有限公司 本田,,
592,EX5 / EX5,EX5,2,1,车长(mm)×1;轴距(mm)×1,威尔 威尔马斯特 威马 威马汽车制造温州有限公司,是,
593,Mustang Mach-E 长续航后驱版 / Mach-E,Mach-E,2,1,车长(mm)×1;轴距(mm)×1,mustang 玛斯 玛斯丹 长安 长安福特汽车有限公司,是,
594,E 350 e L / E 350 e L,E 350 e L,2,1,车长(mm)×1;轴距(mm)×1,ben mercedes 北京 北京奔驰汽车有限公司 梅赛 梅赛德斯-奔驰(mercedes-ben...,,
595,CX-30 / CX-30,CX-30,2,1,车长(mm)×1;轴距(mm)×1,mazda 长安 长安马自达汽车有限公司 马自 马自达,,
596,金琥EV80 / EV80 PLUS,EV80 PLUS,2,1,车长(mm)×1;轴距(mm)×1,上汽 上汽大通汽车有限公司 大通,,
597,银河星舰7 / 银河星舰7,银河星舰7,2,7,整备质量(kg)×1;电池容量(kWh)×1,吉利 浙江 浙江吉利汽车有限公司,是,是
598,"EUNIQ5 PLUG IN,MIFA 5 PLUGIN,大家5 PLUGIN,大通大家5 PLUGIN / 大通大家5 PLUGIN",大通大家5 PLUGIN,2,1,车长(mm)×1;轴距(mm)×1,上汽 上汽大通汽车有限公司 大通,,
599,"MILA 1,大拿 V1 / MILA 大拿",MILA 大拿,2,1,车长(mm)×1;轴距(mm)×1,上汽 上汽大通汽车有限公司 大通,,
600,RL9 PRO / 睿蓝RL9,睿蓝RL9,2,1,车长(mm)×1;轴距(mm)×1,枫叶 重庆 重庆睿蓝汽车制造有限公司,,
601,风神L8 / 风神L8,风神L8,2,7,车长(mm)×1;轴距(mm)×1,东风 东风汽车股份有限公司 东风汽车集团有限公司,是,
602,华晨新日 / i03,i03,2,1,车长(mm)×1;轴距(mm)×1,华晨 华晨新日 华晨汽车制造有限公司,,
603,沃尔沃 / EX30 Cross Country,EX30 Cross Country,2,1,车长(mm)×1;轴距(mm)×1,沃尔 沃尔沃 浙江 浙江豪情汽车制造有限公司,,
604,几何G6 / 几何G6,几何G6,2,1,车长(mm)×1;轴距(mm)×1,几何 山西 山西新能源汽车工业有限公司,是,
605,金琥EV80 / EV80,EV80,2,1,车长(mm)×1;轴距(mm)×1,上汽 上汽大通汽车有限公司 大通,,
606,远程M8E / 远程M8E,远程M8E,2,1,整备质量(kg)×1;电池能量密度(Wh/kg)×1,浙江 浙江豪情汽车制造有限公司 远程,,
607,MILA 1.大拿V1 / 大拿,大拿,2,1,车长(mm)×1;轴距(mm)×1,上汽 上汽大通汽车有限公司,是,
608,"MILA 1,大拿 V1 / MILA",MILA,2,1,车长(mm)×1;轴距(mm)×1,上汽 上汽大通汽车有限公司,是,
609,AION S / Aion S Pio,Aion S Pio,2,3,车长(mm)×1;轴距(mm)×1,aion 埃安 广汽 广汽乘用车有限公司,,
610,上汽MAXUS EUNIQ5 PLUG IN;MIFA 5 PLUGIN;大通大家5 PLUGIN;大家5 PLUGIN / EUNIQ 5,EUNIQ 5,2,1,车长(mm)×1;轴距(mm)×1,上汽 上汽大通汽车有限公司 大通,,
611,"几何G6,几何A / 几何G6",几何G6,2,1,车长(mm)×1;轴距(mm)×1,几何 山西 山西新能源汽车工业有限公司,是,
612,EX6 PLUS / EX6 PLUS,EX6 PLUS,2,1,车长(mm)×1;轴距(mm)×1,威马 湖北 湖北星晖新能源智能汽车有限公司,,
613,上汽MAXUS EUNIQ5;MIFA 5 / 上汽MAXUS EUNIQ5,上汽MAXUS EUNIQ5,2,1,车长(mm)×1;轴距(mm)×1,上汽 上汽大通汽车有限公司 大通,是,
614,奇瑞 / TIGGO 8 PRO DP-i,TIGGO 8 PRO DP-i,2,1,整备质量(kg)×1;电池类型×1,奇瑞 奇瑞汽车股份有限公司,,
615,"MILA 1,大拿 V1 / 大拿",大拿,2,1,车长(mm)×1;轴距(mm)×1,上汽 上汽大通汽车有限公司,是,
616,HYCAN A06 / HYCAN A06,HYCAN A06,2,1,车长(mm)×1;轴距(mm)×1,合创 广汽 广汽乘用车有限公司,,
617,QQ棒棒糖 / QQ棒棒糖,QQ棒棒糖,2,1,车长(mm)×1;轴距(mm)×1,奇瑞 奇瑞新能源汽车股份有限公司,,
618,思威(CR-V) / CR-V,CR-V,2,1,车长(mm)×1;轴距(mm)×1,honda 东风 东风本田汽车有限公司 本田,,
619,长安 / A600EV,A600EV,2,2,整备质量(kg)×1;电池容量(kWh)×1,重庆 重庆长安汽车股份有限公司 长安,,
620,MAGOTAN GTE / MAGOTAN GTE,MAGOTAN GTE,2,1,车长(mm)×1;轴距(mm)×1,一汽 一汽-大众汽车有限公司 大众,,
621,蓝电E1 / 蓝电E1,蓝电E1,2,1,车长(mm)×1;轴距(mm)×1,东风 东风小康汽车有限公司,,
622,岚图梦想家 / 岚图梦想家,岚图梦想家,2,1,电池类型×1;电池能量密度(Wh/kg)×1,岚图 岚图汽车科技有限公司,是,
623,新海狮EV / 新海狮EV,新海狮EV,2,1,车长(mm)×1;轴距(mm)×1,华晨 华晨鑫源重庆汽车有限公司 金杯,,
624,Mustang Mach-E 长续航全驱版 / Mach-E,Mach-E,2,1,车长(mm)×1;轴距(mm)×1,mustang 玛斯 玛斯丹 长安 长安福特汽车有限公司,是,
625,Hyper SSR / Hyper SSR,Hyper SSR,2,1,车长(mm)×1;轴距(mm)×1,aion 埃安 广汽 广汽乘用车有限公司,,
626,Mustang Mach-E 标准续航后驱版 / Mach-E,Mach-E,2,1,车长(mm)×1;轴距(mm)×1,mustang 玛斯 玛斯丹 长安 长安福特汽车有限公司,是,
627,拓陆者智蓝 / 拓陆者,拓陆者,2,1,车长(mm)×1;轴距(mm)×1,北汽 北汽福田汽车股份有限公司 福田,,
628,Friday;EVO;雷霆 / Friday,Friday,2,1,车长(mm)×1;轴距(mm)×1,东风 东风柳州汽车有限公司,,
629,S50EV;S50EVPRO / S50EV,S50EV,2,1,整备质量(kg)×1;电池类型×1,东风 东风柳州汽车有限公司,是,
630,TAYRON GTE / TAYRON GTE,TAYRON GTE,2,1,车长(mm)×1;轴距(mm)×1,一汽 一汽-大众汽车有限公司 大众,,
631,御捷马 / 朋克MINIEV,朋克MINIEV,2,1,车长(mm)×1;轴距(mm)×1,御捷 御捷马 领途 领途汽车有限公司,,
632,埃安Ray7 / Ray7,Ray7,2,1,百公里电耗(kWh/100km)×1;电池能量密度(Wh/kg)×1,埃安 广汽 广汽埃安新能源汽车股份有限公司,,是
633,上汽MAXUS EUNIQ6 PLUG IN;MIFA 6 PLUGIN;大通大家6 PLUGIN;大家6 PLUGIN / MIFA 6,MIFA 6,2,1,车长(mm)×1;轴距(mm)×1,上汽 上汽大通汽车有限公司 大通,是,
634,Friday;EVO;雷霆 / 雷霆,雷霆,2,1,车长(mm)×1;轴距(mm)×1,东风 东风柳州汽车有限公司,是,
635,江淮 / 江淮iS4,江淮iS4,2,1,电池容量(kWh)×1;电池能量密度(Wh/kg)×1,安徽 安徽江淮汽车集团股份有限公司,,
636,"EUNIQ5 PLUG IN,MIFA 5 PLUGIN,大家5 PLUGIN,大通大家5 PLUGIN / 大家5 PLUGIN",大家5 PLUGIN,2,1,车长(mm)×1;轴距(mm)×1,上汽 上汽大通汽车有限公司 大通,,
637,电动屋S300 / 电动屋S300,电动屋S300,2,1,车长(mm)×1;轴距(mm)×1,天琴 重汽 重汽轻型汽车有限公司,,
638,玛斯丹 / Mustang Mach-E 长续航全驱性能版,Mustang Mach-E 长续航全驱性能版,2,1,车长(mm)×1;轴距(mm)×1,mustang 玛斯 玛斯丹 长安 长安福特汽车有限公司,,
639,"哪吒V,哪吒V-II,哪吒AYA / 哪吒V",哪吒V,2,1,车长(mm)×1;轴距(mm)×1,合众 合众新能源汽车股份有限公司 哪吒,是,
640,MINI JCW Aceman E / MINI JCW Aceman E,MINI JCW Aceman E,2,1,车长(mm)×1;轴距(mm)×1,mini 光束 光束汽车有限公司,,
641,云度 / π1 LITE,π1 LITE,2,1,车长(mm)×1;轴距(mm)×1,云度 云度新能源汽车股份有限公司,,
642,小鹏M03 / 小鹏M03,小鹏M03,2,5,车长(mm)×1;轴距(mm)×1,小鹏 广州 广州小鹏汽车科技有限公司 肇庆 肇庆小鹏新能源投资有限公司,是,
643,长安 / X7EV,X7EV,2,1,整备质量(kg)×1;电池容量(kWh)×1,重庆 重庆长安汽车股份有限公司,,
644,易电易行FM3Pro / 易电易行FM3Pro,易电易行FM3Pro,2,1,车长(mm)×1;轴距(mm)×1,河北 河北中兴汽车制造有限公司 田野,,
645,风光580 DE-i;风光580PLUS DE-i;580PLUS DE-i;E5 / 风光580 DE-i,风光580 DE-i,2,1,车长(mm)×1;轴距(mm)×1,东风 东风小康汽车有限公司,,
646,LS6 / LS6,LS6,2,4,车长(mm)×1;轴距(mm)×1,上海 上海汽车集团股份有限公司 智己,是,
647,"MIFA 9,大通大家9,大家9 / 大通大家9",大通大家9,2,1,车长(mm)×1;轴距(mm)×1,上汽 上汽大通汽车有限公司 大通,,
648,MILA 1.大拿V1 / MILA,MILA,2,1,车长(mm)×1;轴距(mm)×1,上汽 上汽大通汽车有限公司,是,
649,EV400 / EV400,EV400,2,1,车长(mm)×1;轴距(mm)×1,东南 东南汽车工业有限公司,,
650,Z6 iDD / Z06,Z06,2,1,车长(mm)×1;轴距(mm)×1,重庆 重庆铃耀汽车有限公司 长安,,
651,MINI COOPER E / MINI COOPER E,MINI COOPER E,2,1,车长(mm)×1;轴距(mm)×1,mini 光束 光束汽车有限公司,,
652,山海L7 C-DM / X70 C-DM,X70 C-DM,2,1,车长(mm)×1;轴距(mm)×1,奇瑞 奇瑞商用车有限公司 捷途,,
653,GLC 350 e L 4MATIC / GLC 350 e L 4MATIC,GLC 350 e L 4MATIC,2,1,车长(mm)×1;轴距(mm)×1,ben mercedes 北京 北京奔驰汽车有限公司 梅赛 梅赛德斯-奔驰(mercedes-ben...,,
654,北京 / EC200,EC200,2,1,车长(mm)×1;轴距(mm)×1,北京 北京新能源汽车股份有限公司,,
655,魏牌V9X / V9X,V9X,2,3,百公里电耗(kWh/100km)×1;电池能量密度(Wh/kg)×1,长城 长城汽车股份有限公司 魏 魏派,,
656,ARIYA / Ariya,Ariya,2,1,车长(mm)×1;轴距(mm)×1,东风 东风日产 东风汽车有限公司,,
657,启辰D60EV / 启辰D60EV,启辰D60EV,2,1,车长(mm)×1;轴距(mm)×1,东风 东风汽车有限公司 启辰,,
658,天马 / KZ6510BEV0012纯电动多用途乘用车,KZ6510BEV0012纯电动多用途乘用车,2,1,车长(mm)×1;轴距(mm)×1,中恒 中恒天越野汽车有限公司 天马,,
659,"MILA,大拿 / 大拿",大拿,2,1,车长(mm)×1;轴距(mm)×1,上汽 上汽大通汽车有限公司,是,
660,海豹07 EV / 比亚迪海豹07,比亚迪海豹07,2,1,车长(mm)×1;轴距(mm)×1,比亚 比亚迪汽车工业有限公司,是,
661,"羿,羿驰05 / 羿驰05",羿驰05,2,1,车长(mm)×1;轴距(mm)×1,江西 江西江铃集团新能源汽车有限公司 羿驰,是,
662,YOUNG光小新 / 电动屋S400,电动屋S400,2,1,车长(mm)×1;轴距(mm)×1,天琴 重汽 重汽轻型汽车有限公司,,
663,EQE 500 4MATIC / EQE 500,EQE 500,2,1,车长(mm)×1;轴距(mm)×1,ben mercedes 北京 北京奔驰汽车有限公司 梅赛 梅赛德斯-奔驰(mercedes-ben...,,
664,eQ1 / 小蚂蚁PRO,小蚂蚁PRO,2,1,车长(mm)×1;轴距(mm)×1,奇瑞 奇瑞新能源汽车股份有限公司,,
665,EC36Ⅱ;ES50 / ES50,ES50,2,1,车长(mm)×1;轴距(mm)×1,东风 东风小康汽车有限公司,,
666,睿英·轩EV / 睿英·轩EV,睿英·轩EV,2,1,车长(mm)×1;轴距(mm)×1,东风 东风汽车有限公司 睿英,,
667,奇瑞 / TIGGO 8 PRO PHEV,TIGGO 8 PRO PHEV,2,1,整备质量(kg)×1;电池类型×1,奇瑞 奇瑞汽车股份有限公司,,
668,EC36Ⅱ;ES50 / EC36Ⅱ,EC36Ⅱ,2,1,车长(mm)×1;轴距(mm)×1,东风 东风小康汽车有限公司,是,
669,翼刻 / EA1,EA1,2,1,车长(mm)×1;轴距(mm)×1,江苏 江苏国新新能源乘用车有限公司 翼刻,,
670,"哪吒E,哪吒GT,哪吒GT R / 哪吒E",哪吒E,2,2,车长(mm)×1;轴距(mm)×1,合众 合众新能源汽车股份有限公司 哪吒,是,
671,MAGOTAN GTE / 迈腾GTE,迈腾GTE,2,1,车长(mm)×1;轴距(mm)×1,一汽 一汽-大众汽车有限公司 大众,,
672,东风 / 金康汽车风光E3,金康汽车风光E3,2,1,车长(mm)×1;轴距(mm)×1,东风 重庆 重庆金康新能源汽车有限公司,,
673,几何A / 几何A,几何A,2,1,车长(mm)×1;轴距(mm)×1,几何 山西 山西新能源汽车工业有限公司,是,
674,"哪吒E,哪吒GT,哪吒GT R / 哪吒GT",哪吒GT,2,2,车长(mm)×1;轴距(mm)×1,合众 合众新能源汽车股份有限公司 哪吒,是,
675,欧拉 / 长城炮 EV,长城炮 EV,2,1,整备质量(kg)×1;电池容量(kWh)×1,长城 长城汽车股份有限公司,,
676,华晨新日 / i03A,i03A,2,1,车长(mm)×1;轴距(mm)×1,华晨 华晨新日 华晨汽车制造有限公司,,
677,风云T11 / 风云T11,风云T11,2,11,整备质量(kg)×1;电池容量(kWh)×1,奇瑞 奇瑞新能源汽车股份有限公司 奇瑞汽车股份有限公司,是,
678,极狐T1 / 极狐T1,极狐T1,2,1,百公里电耗(kWh/100km)×1;电池能量密度(Wh/kg)×1,arcfox 北汽 北汽蓝谷麦格纳汽车有限公司 极狐,是,是
679,风光580 DE-i;风光580PLUS DE-i;580PLUS DE-i;E5 / 580PLUS DE-i,580PLUS DE-i,2,1,车长(mm)×1;轴距(mm)×1,东风 东风小康汽车有限公司,,
680,"哪吒V,哪吒V-II,哪吒AYA / 哪吒V-II",哪吒V-II,2,1,车长(mm)×1;轴距(mm)×1,合众 合众新能源汽车股份有限公司 哪吒,是,
681,V Plus / V Plus,V Plus,2,1,车长(mm)×1;轴距(mm)×1,aion 埃安 广汽 广汽埃安新能源汽车股份有限公司,,
682,金菓MINIEV / 金菓MINIEV,金菓MINIEV,2,1,车长(mm)×1;轴距(mm)×1,东风 东风小康汽车有限公司,是,
683,俊风 / GY,GY,2,1,车长(mm)×1;轴距(mm)×1,东风 东风汽车集团有限公司 俊风,,
684,传祺S9 / 传祺S9,传祺S9,2,1,车长(mm)×1;轴距(mm)×1,trumpchi 传祺 广汽 广汽传祺汽车有限公司,,
685,HiPhi Y / HiPhi Y,HiPhi Y,2,1,车长(mm)×1;轴距(mm)×1,悦达 江苏 江苏悦达起亚汽车有限公司,,
686,山海L7 C-DM / 山海L7 C-DM,山海L7 C-DM,2,1,车长(mm)×1;轴距(mm)×1,奇瑞 奇瑞商用车有限公司 捷途,是,
687,DEV L400 / 新特 DEV S400,新特 DEV S400,2,1,车长(mm)×1;轴距(mm)×1,天琴 重汽 重汽轻型汽车有限公司,,
688,红星 / XYEV01,XYEV01,2,1,车长(mm)×1;轴距(mm)×1,河北 河北红星汽车制造有限公司 红星,,
689,凌宝悠悠 / 凌宝悠悠,凌宝悠悠,2,1,车长(mm)×1;轴距(mm)×1,凌宝 江苏 江苏吉麦新能源车业有限公司,,
690,恒合 / H23,H23,2,1,车长(mm)×1;轴距(mm)×1,恒合 湖南 湖南恒润汽车有限公司,,
691,黄海 / auroras,auroras,2,1,车长(mm)×1;轴距(mm)×1,丹东 丹东黄海汽车有限责任公司 黄海,,
692,大马 / EF9,EF9,2,1,车长(mm)×1;轴距(mm)×1,大马 江苏 江苏九龙汽车制造有限公司,,
693,江淮 / E·50A,E·50A,2,2,电池容量(kWh)×1;电池能量密度(Wh/kg)×1,安徽 安徽江淮汽车集团股份有限公司 思皓,,
694,"MILA,大拿 / MILA",MILA,2,1,车长(mm)×1;轴距(mm)×1,上汽 上汽大通汽车有限公司,是,
695,"EUNIQ5 PLUG IN,MIFA 5 PLUGIN,大家5 PLUGIN,大通大家5 PLUGIN / MIFA 5 PLUGIN",MIFA 5 PLUGIN,2,1,车长(mm)×1;轴距(mm)×1,上汽 上汽大通汽车有限公司 大通,,
696,玉兔 / 玉兔,玉兔,2,1,车长(mm)×1;轴距(mm)×1,江西 江西江铃集团新能源汽车有限公司 羿驰,,
697,X30EV / X30EV,X30EV,2,1,车长(mm)×1;轴距(mm)×1,华晨 华晨鑫源重庆汽车有限公司 鑫源,,
698,风光580 DE-i;风光580PLUS DE-i;580PLUS DE-i;E5 / 风光580PLUS DE-i,风光580PLUS DE-i,2,1,车长(mm)×1;轴距(mm)×1,东风 东风小康汽车有限公司,,
699,C 350 e L / C 350 e L,C 350 e L,2,1,车长(mm)×1;轴距(mm)×1,ben mercedes 北京 北京奔驰汽车有限公司 梅赛 梅赛德斯-奔驰(mercedes-ben...,,
700,INJOY U / INJOY U,INJOY U,2,1,车长(mm)×1;轴距(mm)×1,海马 海马汽车有限公司,,
701,EQA 300 4MATIC / EQA 300 4MATIC,EQA 300 4MATIC,2,1,车长(mm)×1;轴距(mm)×1,北京 北京奔驰汽车有限公司 梅赛 梅赛德斯-奔驰,,
702,Mustang Mach-E GT版 / Mach-E,Mach-E,2,1,车长(mm)×1;轴距(mm)×1,mustang 玛斯 玛斯丹 长安 长安福特汽车有限公司,是,
703,V5 / V5,V5,2,1,车长(mm)×1;轴距(mm)×1,大马 江苏 江苏九龙汽车制造有限公司,,
704,国金汽车 / 悦驰,悦驰,2,1,车长(mm)×1;轴距(mm)×1,国金 国金汽车 山东 山东国金汽车制造有限公司,,
705,奇瑞 / TIGGO 8 PRO 鲲鹏e+,TIGGO 8 PRO 鲲鹏e+,2,1,整备质量(kg)×1;电池类型×1,奇瑞 奇瑞汽车股份有限公司,,
706,ARRIZOe / ARRIZO e,ARRIZO e,2,1,车长(mm)×1;轴距(mm)×1,奇瑞 奇瑞新能源汽车股份有限公司,是,
707,DEV L400 / 新特 DEV L400,新特 DEV L400,2,1,车长(mm)×1;轴距(mm)×1,天琴 重汽 重汽轻型汽车有限公司,,
708,英仕派(INSPIRE) / 英仕派(INSPIRE),英仕派(INSPIRE),2,1,车长(mm)×1;轴距(mm)×1,honda 东风 东风本田汽车有限公司 本田,,
709,D60EV Pro / D60EV PLUS,D60EV PLUS,2,1,车长(mm)×1;轴距(mm)×1,东风 东风汽车有限公司 启辰,是,
710,E408 / e408,e408,2,1,车长(mm)×1;轴距(mm)×1,东风 东风标致 神龙 神龙汽车有限公司,,
711,旅行者C-DM / 旅行者C-DM,旅行者C-DM,2,1,车长(mm)×1;轴距(mm)×1,奇瑞 奇瑞商用车有限公司 捷途,是,
712,蓝电E1 / 金菓MINIEV,金菓MINIEV,2,1,车长(mm)×1;轴距(mm)×1,东风 东风小康汽车有限公司,是,
713,RT1 / RT1,RT1,2,1,车长(mm)×1;轴距(mm)×1,奇瑞 奇瑞新能源汽车股份有限公司 瑞腾,,
714,东风 / 小康糖果,小康糖果,2,1,车长(mm)×1;轴距(mm)×1,东风 东风小康汽车有限公司,,
715,7X-E / 7X-E,7X-E,2,1,车长(mm)×1;轴距(mm)×1,海南 海南海马汽车有限公司 海马,,
716,蓝电E1 / 风光MINIEV,风光MINIEV,2,1,车长(mm)×1;轴距(mm)×1,东风 东风小康汽车有限公司,是,
717,发现运动版 / 发现运动版,发现运动版,2,1,车长(mm)×1;轴距(mm)×1,land rover 奇瑞 奇瑞捷豹路虎汽车有限公司 路虎,,
718,V27 / V27,V27,1,16,整备质量(kg)×1,奇瑞 奇瑞新能源汽车股份有限公司 爱咖,是,
719,魏牌高山9 / 高山9,高山9,1,1,电池能量密度(Wh/kg)×1,长城 长城汽车股份有限公司 魏派,,
720,吉利银河A7 EMi / 银河A7,银河A7,1,1,电池能量密度(Wh/kg)×1,吉利 浙江 浙江吉利汽车有限公司,是,
721,岚图泰山 / 岚图泰山,岚图泰山,1,1,电池能量密度(Wh/kg)×1,岚图,是,
722,领汇e3 / 领汇e3,领汇e3,1,1,电池能量密度(Wh/kg)×1,比亚 比亚迪汽车工业有限公司 领汇,,
723,欧拉 / 欧拉R1,欧拉R1,1,4,电池能量密度(Wh/kg)×1,欧拉 长城 长城汽车股份有限公司,是,
724,予风黄金仓 / 黄金仓,黄金仓,1,1,电池能量密度(Wh/kg)×1,河南 河南森源电动汽车有限公司,是,
725,奇瑞TIGGO 9 / TIGGO 9 C-DM,TIGGO 9 C-DM,1,1,电池能量密度(Wh/kg)×1,奇瑞 奇瑞汽车股份有限公司,是,
726,埃安S Plus / 星愿UP,星愿UP,1,1,电池能量密度(Wh/kg)×1,吉利,是,
727,东风日产NX8 / 东风日产NX8,东风日产NX8,1,6,整备质量(kg)×1,东风 东风日产 东风汽车有限公司,,
728,零跑Lafa 5 Ultra / Lafa 5 Ultra,Lafa 5 Ultra,1,1,电池能量密度(Wh/kg)×1,零跑 零跑汽车有限公司,,
729,"S3,βS3 / βS3",βS3,1,1,电池能量密度(Wh/kg)×1,北京 北京新能源汽车股份有限公司 极狐,,
730,一汽天工08 / 红旗天工08,红旗天工08,1,1,电池能量密度(Wh/kg)×1,中国 中国第一汽车集团有限公司 红旗,是,
731,奔驰C350L / C 350 L 4MATIC,C 350 L 4MATIC,1,1,电池能量密度(Wh/kg)×1,benz mercedes 梅赛 梅赛德斯-奔驰,,
732,五菱之光EV / 五菱之光EV,五菱之光EV,1,1,电池类型×1,上汽 上汽通用五菱汽车股份有限公司,是,
733,方程豹钛9 / 钛9,钛9,1,1,电池能量密度(Wh/kg)×1,方程 方程豹 比亚 比亚迪汽车工业有限公司,,是
734,红旗 / 悦意03,悦意03,1,3,电池能量密度(Wh/kg)×1,一汽 中国 中国第一汽车集团有限公司,是,
735,U2 / U2,U2,1,1,整备质量(kg)×1,江南 湖南 湖南江南汽车制造有限公司,是,
736,北京汽车制造厂 / 小猫,小猫,1,1,车长(mm)×1,北京 北京汽车制造厂有限公司 燕铃,,
737,东风风行菱智 / 菱智EV,菱智EV,1,1,电池能量密度(Wh/kg)×1,东风 东风柳州汽车有限公司,是,
738,福田风景 / 风景i9,风景i9,1,1,电池能量密度(Wh/kg)×1,北汽 北汽福田汽车股份有限公司 福田,是,
739,五菱 / 五菱荣光,五菱荣光,1,1,电池能量密度(Wh/kg)×1,上汽 上汽通用五菱汽车股份有限公司,,
740,极狐问道V9 / 问道V9,问道V9,1,1,电池能量密度(Wh/kg)×1,北京 北京新能源汽车股份有限公司 极狐,是,
741,比亚迪D1 / 比亚迪D1,比亚迪D1,1,1,电池能量密度(Wh/kg)×1,比亚 比亚迪汽车工业有限公司,,
742,奇瑞 / 星途追风 DP-i,星途追风 DP-i,1,1,电池类型×1,奇瑞 奇瑞汽车股份有限公司 星途,,
743,理想Mega home / 理想MEGA,理想MEGA,1,1,电池能量密度(Wh/kg)×1,北京 北京理想汽车有限公司 理想,是,
744,V8X;V8X蓝山 / V8X,V8X,1,1,电池能量密度(Wh/kg)×1,长城 长城汽车股份有限公司 魏,是,
745,iCAR V27 / iCAR V27,iCAR V27,1,1,电池能量密度(Wh/kg)×1,icar 奇瑞 奇瑞汽车股份有限公司,,是
746,远航Y6 / 远航Y6,远航Y6,1,9,整备质量(kg)×1,大运 大运远航 成都 成都大运汽车集团有限公司,,
747,吉利银河A8/TT / A8,A8,1,1,电池能量密度(Wh/kg)×1,吉利,,
748,ET / ET,ET,1,1,电池能量密度(Wh/kg)×1,江苏 江苏吉麦新能源车业有限公司 骏驰,,
749,奔驰C350L / C 350 LL 4MATIC,C 350 LL 4MATIC,1,1,电池能量密度(Wh/kg)×1,benz mercedes 梅赛 梅赛德斯-奔驰,,
750,吉运E6 / 吉运E6,吉运E6,1,1,电池能量密度(Wh/kg)×1,华晨 华晨雷诺金杯汽车有限公司,,
751,跨越星V5EV / 跨越星V5EV,跨越星V5EV,1,1,电池能量密度(Wh/kg)×1,重庆 重庆长安汽车股份有限公司,是,
752,跨越星光 / 跨越星光,跨越星光,1,1,电池能量密度(Wh/kg)×1,重庆 重庆长安汽车股份有限公司 长安,是,
753,欧拉5 / 欧拉5,欧拉5,1,2,电池能量密度(Wh/kg)×1,欧拉 长城 长城汽车股份有限公司,,是
754,比亚迪元UP / 比亚迪元UP,比亚迪元UP,1,1,电池能量密度(Wh/kg)×1,比亚 比亚迪 比亚迪汽车工业有限公司,是,
755,smart精灵#2 / smart精灵#2,smart精灵#2,1,1,电池能量密度(Wh/kg)×1,smart 浙江 浙江豪情汽车制造有限公司 精灵,,是
756,黄金仓 / 黄金仓,黄金仓,1,2,电池能量密度(Wh/kg)×1,予风 河南 河南森源电动汽车有限公司,是,
757,吉利银河星愿 / 星愿UP,星愿UP,1,1,电池能量密度(Wh/kg)×1,吉利 浙江 浙江吉利汽车有限公司,是,
758,图雅诺X5 / 图雅诺X5,图雅诺X5,1,1,电池能量密度(Wh/kg)×1,北汽 北汽福田汽车股份有限公司 福田,,
759,奇瑞 / 星途追风 ET-i,星途追风 ET-i,1,1,电池类型×1,奇瑞 奇瑞汽车股份有限公司 星途,,
760,东风日产NX7 / NX7,NX7,1,1,电池能量密度(Wh/kg)×1,东风 东风日产 东风汽车有限公司,,是
761,理想i6 / 理想i8,理想i8,1,1,电池能量密度(Wh/kg)×1,北京 北京理想汽车有限公司 理想,是,
762,传祺E8 / 传祺向往E8,传祺向往E8,1,1,电池能量密度(Wh/kg)×1,trumpchi 传祺,,
763,ID.ERA 5X / ID.ERA 5X,ID.ERA 5X,1,1,电池能量密度(Wh/kg)×1,上汽 上汽大众汽车有限公司 大众,是,是
764,"欧拉芭蕾猫,ORA 6 / 欧拉芭蕾猫",欧拉芭蕾猫,1,1,电池能量密度(Wh/kg)×1,欧拉 长城 长城汽车股份有限公司,是,
765,银河星愿 / 星愿UP,星愿UP,1,5,电池能量密度(Wh/kg)×1,吉利 浙江 浙江吉利汽车有限公司,是,
766,帕拉索 / 帕拉索,帕拉索,1,2,电池能量密度(Wh/kg)×1,郑州 郑州日产汽车有限公司,是,
767,奕泽E进擎 / 奕泽E进擎,奕泽E进擎,1,1,电池能量密度(Wh/kg)×1,天津 天津一汽丰田汽车有限公司,,
768,比亚迪e9 / 比亚迪e9,比亚迪e9,1,1,电池能量密度(Wh/kg)×1,比亚 比亚迪 比亚迪汽车工业有限公司,是,
769,东风风行星海S7 / 星海S7,星海S7,1,1,电池能量密度(Wh/kg)×1,东风,是,
770,奇瑞捷豹路虎神行者 / FREELANDER 神行者8,FREELANDER 神行者8,1,1,电池能量密度(Wh/kg)×1,freelander 奇瑞 奇瑞捷豹路虎汽车有限公司 神行 神行者,,
771,奇瑞 / 星途追风 PHEV,星途追风 PHEV,1,2,电池类型×1,奇瑞 奇瑞汽车股份有限公司 星途,,
772,北斗星X5E / 北斗星X5E,北斗星X5E,1,1,电池类型×1,北斗 北斗星 江西 江西志骋汽车有限责任公司,,
773,AION Y / AION Y,AION Y,1,41,电池能量密度(Wh/kg)×1,aion 埃安 广汽 广汽乘用车有限公司 广汽埃安新能源汽车股份有限公司,,
774,江淮尊界V680 / 尊界V680,尊界V680,1,1,电池能量密度(Wh/kg)×1,安徽 安徽江淮汽车集团股份有限公司 江淮,,
775,吉利车型 / 极越 01,极越 01,1,8,电池类型×1,极越 浙江 浙江吉利汽车有限公司,,
776,海狮05 / 比亚迪海狮05,比亚迪海狮05,1,1,电池能量密度(Wh/kg)×1,比亚 比亚迪 比亚迪汽车工业有限公司,是,
777,极狐αT5 / 极狐αT5,极狐αT5,1,1,电池能量密度(Wh/kg)×1,arcfox 北汽 北汽蓝谷麦格纳汽车有限公司 极狐,,是
778,五菱 / Airev,Airev,1,9,车长(mm)×1,上汽 上汽通用五菱汽车股份有限公司 五菱,,
779,方程豹钛9 / 方程豹钛9,方程豹钛9,1,1,电池能量密度(Wh/kg)×1,方程 方程豹 比亚 比亚迪汽车有限公司,,
780,五菱星光M / 星光M,星光M,1,1,电池能量密度(Wh/kg)×1,上汽 上汽通用五菱汽车股份有限公司 五菱,是,是
781,红旗天工08 / 红旗天工08,红旗天工08,1,1,电池能量密度(Wh/kg)×1,中国 中国第一汽车集团有限公司 红旗,是,
782,哈弗H6L / H10,H10,1,1,电池能量密度(Wh/kg)×1,哈弗 长城 长城汽车股份有限公司,是,
783,北京汽车制造厂 / L2H,L2H,1,1,车长(mm)×1,北京 北京汽车制造厂有限公司 燕铃,,
784,MG7 / MG 07,MG 07,1,1,电池能量密度(Wh/kg)×1,上海 上海汽车集团股份有限公司 名爵,是,是
785,奇瑞小蚂蚁 / eQ1,eQ1,1,18,电池类型×1,奇瑞 奇瑞新能源汽车股份有限公司,是,
786,问界M6 / 问界M6,问界M6,1,3,整备质量(kg)×1,赛力 赛力斯汽车有限公司 问界,,
787,极狐问道V9 / V9,V9,1,1,车长(mm)×1,东风 东风柳州汽车有限公司,是,
788,海豹07 DM-i / 海豹07,海豹07,1,1,电池能量密度(Wh/kg)×1,比亚 比亚迪 比亚迪汽车有限公司,是,
789,长安启源Q06 / Q06R,Q06R,1,1,电池能量密度(Wh/kg)×1,长安,,
790,凯迪拉克XT5 / XT5,XT5,1,1,电池能量密度(Wh/kg)×1,cadillac 上汽 上汽通用汽车有限公司 凯迪 凯迪拉克,是,是
791,埃安S Plus / 星愿,星愿,1,1,电池能量密度(Wh/kg)×1,吉利,是,
792,吉利车型 / TX,TX,1,3,电池类型×1,浙江 浙江吉利汽车有限公司 英伦,,
793,V25 / V25,V25,1,1,电池能量密度(Wh/kg)×1,奇瑞 奇瑞新能源汽车股份有限公司 爱咖,是,
794,吉利银河A8/TT / 银河A8,银河A8,1,1,电池能量密度(Wh/kg)×1,吉利,,
795,V8X;V8X蓝山 / V8X蓝山,V8X蓝山,1,1,电池能量密度(Wh/kg)×1,长城 长城汽车股份有限公司 魏,是,
796,欧拉 / 欧拉黑猫,欧拉黑猫,1,4,电池能量密度(Wh/kg)×1,欧拉 长城 长城汽车股份有限公司,是,是
797,奕境X9 / 奕境X9,奕境X9,1,1,电池能量密度(Wh/kg)×1,奕境,是,是
798,比亚迪宋Pro / 比亚迪宋pro,比亚迪宋pro,1,1,电池能量密度(Wh/kg)×1,比亚 比亚迪 比亚迪汽车工业有限公司,是,
799,尊界V800 / 尊界V800,尊界V800,1,1,电池能量密度(Wh/kg)×1,安徽 安徽江淮汽车集团股份有限公司 江淮,,
800,"S07,S07EV / S07",S07,1,1,电池类型×1,重庆 重庆长安汽车股份有限公司,是,
801,捷途环游者 / 捷途环游者,捷途环游者,1,1,电池能量密度(Wh/kg)×1,奇瑞 奇瑞商用车有限公司 捷途,是,是
802,领克07 EMP / 领克07,领克07,1,1,电池能量密度(Wh/kg)×1,浙江 浙江吉利汽车有限公司 领克,是,
803,奇瑞风云T7 / 风云T7,风云T7,1,1,电池能量密度(Wh/kg)×1,奇瑞,,
804,别克至境L7 / ELECTRA L7,ELECTRA L7,1,1,电池能量密度(Wh/kg)×1,buick 上汽 上汽通用汽车有限公司 别克,是,
805,尚界Z7 / 尚界 Z7 T ULTRA,尚界 Z7 T ULTRA,1,1,电池能量密度(Wh/kg)×1,上海 上海汽车集团股份有限公司 尚界,,
806,博腾V2 / 博腾V2 EV,博腾V2 EV,1,1,电池类型×1,北汽 北汽瑞翔汽车有限公司 辰际,,
807,"S07,S07EV / S07EV",S07EV,1,1,电池类型×1,重庆 重庆长安汽车股份有限公司,是,
808,MG 07 / MG 07,MG 07,1,1,电池能量密度(Wh/kg)×1,mg 上海 上海汽车集团股份有限公司,是,是
809,哪吒U;哪吒U-Ⅱ / 哪吒U,哪吒U,1,1,整备质量(kg)×1,浙江 浙江合众新能源汽车有限公司,是,是
810,比亚迪海鸥 / 比亚迪海鸥,比亚迪海鸥,1,5,电池能量密度(Wh/kg)×1,比亚 比亚迪 比亚迪汽车工业有限公司,是,
811,上汽荣威D7 / D7,D7,1,1,电池能量密度(Wh/kg)×1,上海 上海汽车集团股份有限公司 荣威,是,
812,06 / RT6,RT6,1,3,电池能量密度(Wh/kg)×1,江西 江西江铃集团新能源汽车有限公司 颐驰,,
813,大蚂蚁 / 大蚂蚁,大蚂蚁,1,1,整备质量(kg)×1,奇瑞 奇瑞新能源汽车股份有限公司,,
814,长安 / 跨越星光,跨越星光,1,9,整备质量(kg)×1,重庆 重庆长安汽车股份有限公司,是,
815,"欧拉芭蕾猫,ORA 6 / ORA 6",ORA 6,1,1,电池能量密度(Wh/kg)×1,欧拉 长城 长城汽车股份有限公司,,
816,问道V9 / 问道V9,问道V9,1,1,电池能量密度(Wh/kg)×1,北京 北京新能源汽车股份有限公司 极狐,是,
817,eπ007 / eπ007,eπ007,1,1,电池能量密度(Wh/kg)×1,东风 东风汽车股份有限公司,是,
818,名爵7 / MG 07,MG 07,1,1,电池能量密度(Wh/kg)×1,上海 上海汽车集团股份有限公司 名爵,是,是
819,五菱 / 五菱征程EV,五菱征程EV,1,3,整备质量(kg)×1,上汽 上汽通用五菱汽车股份有限公司 五菱,,
820,宝马iX3 40L / iX3,iX3,1,1,电池能量密度(Wh/kg)×1,bmw 华晨 华晨宝马汽车有限公司 宝马,,
821,北京汽车制造厂 / 元宝,元宝,1,2,整备质量(kg)×1,北京 北京汽车制造厂有限公司 燕铃,,
822,问界M8纯电 / 问界M8,问界M8,1,1,电池能量密度(Wh/kg)×1,赛力 赛力斯汽车有限公司 问界,是,是
823,岚图泰山 / 岚图泰山X9,岚图泰山X9,1,1,电池能量密度(Wh/kg)×1,岚图,,
824,小米澎程N90 / 小米澎程N90,小米澎程N90,1,1,电池能量密度(Wh/kg)×1,小米 小米汽车科技有限公司,,
825,岚图FREE / 岚图FREE,岚图FREE,1,1,电池类型×1,东风 东风汽车集团有限公司,是,
826,家越07 / 家越07,家越07,1,1,电池能量密度(Wh/kg)×1,上海 上海汽车集团股份有限公司 荣威,是,
827,上汽大通TF7 / TF7,TF7,1,1,电池能量密度(Wh/kg)×1,上汽 上汽大通汽车有限公司 大通,,
828,奇瑞风云T7 / 风云E5,风云E5,1,1,电池能量密度(Wh/kg)×1,奇瑞,,
829,埃安UT / UT,UT,1,3,电池能量密度(Wh/kg)×1,aion 埃安 广汽 广汽埃安新能源汽车股份有限公司,是,
830,威马W6 / W6,W6,1,3,整备质量(kg)×1,威马 湖北 湖北星晖新能源智能汽车有限公司,,
831,星光730 / 星光730,星光730,1,1,电池能量密度(Wh/kg)×1,上汽 上汽通用五菱汽车股份有限公司 五菱,是,
832,奇瑞小蚂蚁 / 小蚂蚁,小蚂蚁,1,18,电池类型×1,奇瑞 奇瑞新能源汽车股份有限公司,是,
833,长安 / 跨越星V5EV,跨越星V5EV,1,7,整备质量(kg)×1,重庆 重庆长安汽车股份有限公司 长安,是,
834,"S3,βS3 / S3",S3,1,1,电池能量密度(Wh/kg)×1,北京 北京新能源汽车股份有限公司 极狐,是,
835,尚界Z7 / 尚界 Z7 ULTRA,尚界 Z7 ULTRA,1,1,电池能量密度(Wh/kg)×1,上海 上海汽车集团股份有限公司 尚界,,
836,北京汽车制造厂 / S5,S5,1,1,车长(mm)×1,北京 北京汽车制造厂有限公司 燕铃,是,
837,风云A9 / 风云A9,风云A9,1,1,电池能量密度(Wh/kg)×1,奇瑞,是,
838,祥菱U7 / 祥菱U7,祥菱U7,1,1,电池能量密度(Wh/kg)×1,北汽 北汽福田汽车股份有限公司,是,
839,吉利银河星愿 / 星愿Ultra,星愿Ultra,1,1,电池能量密度(Wh/kg)×1,吉利,是,
840,长城欧拉 / ORA 5,ORA 5,1,1,电池能量密度(Wh/kg)×1,欧拉,是,是
841,AION S Plus / AION S Plus,AION S Plus,1,3,整备质量(kg)×1,aion 埃安 广汽 广汽乘用车有限公司,,
842,奇瑞 / 揽月C-DM,揽月C-DM,1,2,电池类型×1,奇瑞 奇瑞汽车股份有限公司 捷途 星途,是,
843,大众ID.ERA 5S / ID.ERA 5S,ID.ERA 5S,1,1,电池能量密度(Wh/kg)×1,volkswagen 上汽 上汽大众汽车有限公司 大众 大众汽车,,
