excel_row,batch,product_model,brand,enterprise,vehicle_name,generic_name,capacity_kwh,chemistry,system_density_wh_kg,derived_pack_mass_kg,derived_mass_status,pack_supplier,exact_system_voltage_v,pack_length_mm,pack_width_mm,pack_height_mm,direct_dimension_evidence_required,copyright
12,341,GAM7000BEVD0L,埃安(AION)牌,广汽乘用车有限公司,,AION Y,76.8,三元锂,184,417.4,非称重实测,,,,,,yes,Copyright © 2026 David YE
22,341,SVW6461CEV,大众,上汽大众汽车有限公司,大众ID,ID.4 X,83.4,三元锂,175,476.6,非称重实测,,,,,,yes,Copyright © 2026 David YE
23,341,SVW6492BEV,大众,上汽大众汽车有限公司,大众ID,ID.6 X,83.4,三元锂,175,476.6,非称重实测,,,,,,yes,Copyright © 2026 David YE
29,342,BJ6608EVAA1,福田牌,北汽福田汽车股份有限公司,,图雅诺,79.92,锰酸锂,144.1,554.6,非称重实测,,,,,,yes,Copyright © 2026 David YE
40,342,FV6465BCBEV,大众牌,一汽-大众汽车有限公司,,ID.4 CROZZ,84.8,三元锂,175,484.6,非称重实测,,,,,,yes,Copyright © 2026 David YE
41,342,FV6498BBBEV,大众牌,一汽-大众汽车有限公司,,ID.6 CROZZ,84.8,三元锂,175,484.6,非称重实测,,,,,,yes,Copyright © 2026 David YE
57,342,QAC6452BEVBA,天际牌,福建天际汽车制造有限公司,,天际ME5,75.18,锂离子,161,467,非称重实测,,,,,,yes,Copyright © 2026 David YE
71,342,TSL6480BEVBA2,特斯拉牌,特斯拉(上海)有限公司,,特斯拉 MODEL Y,76.8,三元锂,161,477,非称重实测,,,,,,yes,Copyright © 2026 David YE
72,342,TSL7000BEVBA2,特斯拉牌,特斯拉(上海)有限公司,,特斯拉 MODEL3,76.8,三元锂,161,477,非称重实测,,,,,,yes,Copyright © 2026 David YE
78,343,BAW7003UB53BEV,燕铃牌,北京汽车制造厂有限公司,北京汽车制造厂,MODERN in,79.977,三元锂,178.25,448.7,非称重实测,,,,,,yes,Copyright © 2026 David YE
87,343,FV6498BCBEV,大众牌,一汽-大众汽车有限公司,,ID.6 CROZZ,84.8,三元锂,175,484.6,非称重实测,,,,,,yes,Copyright © 2026 David YE
90,343,GAM6460BEVC0M,埃安(AION)牌,广汽乘用车有限公司,,AION V,80,三元锂,173,462.4,非称重实测,,,,,,yes,Copyright © 2026 David YE
107,343,SC6484ABABEV,长安牌,重庆长安汽车股份有限公司,长安,COSMOS EV,77.3,三元锂,201,384.6,非称重实测,,,,,,yes,Copyright © 2026 David YE
119,343,SVW6492CEV,大众,上汽大众汽车有限公司,大众ID,ID.6 X,83.4,三元锂,175,476.6,非称重实测,,,,,,yes,Copyright © 2026 David YE
122,343,VCC7002F03VBEV,极星牌,浙江豪情汽车制造有限公司,,极星2,78,三元锂,157.5,495.2,非称重实测,,,,,,yes,Copyright © 2026 David YE
123,343,VCC7002F04VBEV,极星牌,浙江豪情汽车制造有限公司,,极星2,78,三元锂,157.5,495.2,非称重实测,,,,,,yes,Copyright © 2026 David YE
124,343,VCC7002F05VBEV,极星牌,浙江豪情汽车制造有限公司,,极星2,78,三元锂,157.5,495.2,非称重实测,,,,,,yes,Copyright © 2026 David YE
125,343,VCC7002F07VBEV,极星牌,浙江豪情汽车制造有限公司,,极星2,78,三元锂,157.5,495.2,非称重实测,,,,,,yes,Copyright © 2026 David YE
142,344,BMW6475ACEV,宝马(BMW)牌,华晨宝马汽车有限公司,宝马iX,宝马X3纯电动,80,锂离子,154,519.5,非称重实测,,,,,,yes,Copyright © 2026 David YE
143,344,BMW6475ADEV,宝马(BMW)牌,华晨宝马汽车有限公司,宝马iX,宝马X3纯电动,80,锂离子,154,519.5,非称重实测,,,,,,yes,Copyright © 2026 David YE
170,344,VCC7002F03VBEV,极星牌,浙江豪情汽车制造有限公司,,极星2,78,三元锂,157.5,495.2,非称重实测,,,,,,yes,Copyright © 2026 David YE
171,344,VCC7002F04VBEV,极星牌,浙江豪情汽车制造有限公司,,极星2,78,三元锂,157.5,495.2,非称重实测,,,,,,yes,Copyright © 2026 David YE
172,344,VCC7002F05VBEV,极星牌,浙江豪情汽车制造有限公司,,极星2,78,三元锂,157.5,495.2,非称重实测,,,,,,yes,Copyright © 2026 David YE
173,344,VCC7002F07VBEV,极星牌,浙江豪情汽车制造有限公司,,极星2,78,三元锂,157.5,495.2,非称重实测,,,,,,yes,Copyright © 2026 David YE
264,346,CC6450AG01BBEV,欧拉牌,长城汽车股份有限公司,欧拉,欧拉樱桃猫,79.62,三元锂,172.3,462.1,非称重实测,,,,,,yes,Copyright © 2026 David YE
268,346,FZ6480BEV01,零跑牌,零跑汽车有限公司,零跑,C11,76.64,三元锂,177.08,432.8,非称重实测,,,,,,yes,Copyright © 2026 David YE
273,346,GAM6460BEVC0T,埃安(AION)牌,广汽乘用车有限公司,,AION V,80,三元锂,173,462.4,非称重实测,,,,,,yes,Copyright © 2026 David YE
304,346,TSL6480BEVBA3,特斯拉牌,特斯拉(上海)有限公司,,特斯拉 MODEL Y,76.8,三元锂,161,477,非称重实测,,,,,,yes,Copyright © 2026 David YE
305,346,TSL6480BEVBA4,特斯拉牌,特斯拉(上海)有限公司,,特斯拉 MODEL Y,78.4,三元锂,168,466.7,非称重实测,,,,,,yes,Copyright © 2026 David YE
306,346,TSL6480BEVBA5,特斯拉牌,特斯拉(上海)有限公司,,特斯拉 MODEL Y,78.4,三元锂,168,466.7,非称重实测,,,,,,yes,Copyright © 2026 David YE
307,346,TSL7000BEVBA3,特斯拉牌,特斯拉(上海)有限公司,,Model 3,78.4,三元锂,168,466.7,非称重实测,,,,,,yes,Copyright © 2026 David YE
332,347,FV6465BBABEV,大众牌,一汽-大众汽车有限公司,,ID.4 CROZZ,84.8,三元锂,165,513.9,非称重实测,,,,,,yes,Copyright © 2026 David YE
334,347,GAM6460BEVM0A,合创牌,广汽乘用车有限公司,,HYCAN Z03,76.8,三元锂,170,451.8,非称重实测,,,,,,yes,Copyright © 2026 David YE
360,347,SVW6493CEV,奥迪(AUDI)牌,上汽大众汽车有限公司,大众ID,Q5 e-tron,83.4,三元锂,175,476.6,非称重实测,,,,,,yes,Copyright © 2026 David YE
361,347,SVW6493DEV,奥迪(AUDI)牌,上汽大众汽车有限公司,大众ID,Q5 e-tron,83.4,三元锂,175,476.6,非称重实测,,,,,,yes,Copyright © 2026 David YE
362,347,SVW6493EEV,奥迪(AUDI)牌,上汽大众汽车有限公司,大众ID,Q5 e-tron,83.4,三元锂,175,476.6,非称重实测,,,,,,yes,Copyright © 2026 David YE
386,348,CAF6470A2BEV,玛斯丹(MUSTANG)牌,长安福特汽车有限公司,,Mach E,80.3,三元锂,145,553.8,非称重实测,,,,,,yes,Copyright © 2026 David YE
387,348,CAF6470A3BEV,玛斯丹(MUSTANG)牌,长安福特汽车有限公司,,Mach E,80.3,三元锂,145,553.8,非称重实测,,,,,,yes,Copyright © 2026 David YE
392,348,FV6465BCABEV,大众牌,一汽-大众汽车有限公司,,ID.4 CROZZ,84.8,三元锂,165,513.9,非称重实测,,,,,,yes,Copyright © 2026 David YE
416,348,NHQ7000BEVEF,小鹏牌,肇庆小鹏新能源投资有限公司,,P7,83.1,三元锂,160,519.4,非称重实测,,,,,,yes,Copyright © 2026 David YE
448,349,GAM6460BEVM0A,合创牌,广汽乘用车有限公司,,HYCAN Z03,76.8,三元锂,184,417.4,非称重实测,,,,,,yes,Copyright © 2026 David YE
453,349,HFC6463EEV2,思皓牌,安徽江淮汽车集团股份有限公司,江淮,纯电动多用途乘用车,84.1,三元锂,163.15,515.5,非称重实测,,,,,,yes,Copyright © 2026 David YE
483,350,CAF6470A4BEV,玛斯丹(MUSTANG)牌,长安福特汽车有限公司,,Mustang Mach-E 长续航全驱性能版,80.3,三元锂,145,553.8,非称重实测,,,,,,yes,Copyright © 2026 David YE
485,350,FV6498BBABEV,大众牌,一汽-大众汽车有限公司,,ID.6 CROZZ,84.8,三元锂,165,513.9,非称重实测,,,,,,yes,Copyright © 2026 David YE
486,350,FV6498BBDBEV,大众牌,一汽-大众汽车有限公司,,ID.6 CROZZ,84.8,三元锂,165,513.9,非称重实测,,,,,,yes,Copyright © 2026 David YE
487,350,FV6498BCABEV,大众牌,一汽-大众汽车有限公司,,ID.6 CROZZ,84.8,三元锂,165,513.9,非称重实测,,,,,,yes,Copyright © 2026 David YE
488,350,FZ6480BEV03,零跑牌,零跑汽车有限公司,零跑,C11,76.64,三元锂,170,450.8,非称重实测,,,,,,yes,Copyright © 2026 David YE
496,350,HFC6511REV1C7,瑞风牌,安徽江淮汽车集团股份有限公司,江淮,瑞风E3,75.2,磷酸铁锂,127.7,588.9,非称重实测,,,,,,yes,Copyright © 2026 David YE
528,351,FZ6480BEV06,零跑牌,零跑汽车有限公司,零跑,C11,78.54,磷酸铁锂,140.08,560.7,非称重实测,,,,,,yes,Copyright © 2026 David YE
531,351,FZ6480BEV09,零跑牌,零跑汽车有限公司,零跑,C11,78.54,磷酸铁锂,150,523.6,非称重实测,,,,,,yes,Copyright © 2026 David YE
552,351,THZ6450BEVS30H,哪吒牌,合众新能源汽车有限公司,哪吒,"哪吒U,哪吒U Pro",79.63,三元锂,176,452.4,非称重实测,,,,,,yes,Copyright © 2026 David YE
593,352,EXH6460A09BEV,威马牌,湖北星晖新能源智能汽车有限公司,,W6,82.712,三元锂,180,459.5,非称重实测,,,,,,yes,Copyright © 2026 David YE
619,353,CC7000BH03ABEV,欧拉牌,长城汽车股份有限公司,欧拉,欧拉闪电猫,79.62,,171.6,464,非称重实测,,,,,,yes,Copyright © 2026 David YE
634,354,BYD7006BEVA1,比亚迪牌,比亚迪汽车有限公司,比亚迪,比亚迪海豹,82.56,磷酸铁锂,147.4,560.1,非称重实测,,,,,,yes,Copyright © 2026 David YE
635,354,BYD7006BEVA2,比亚迪牌,比亚迪汽车有限公司,比亚迪,比亚迪海豹,82.56,磷酸铁锂,147.9,558.2,非称重实测,,,,,,yes,Copyright © 2026 David YE
636,354,CC6470CA01BBEV,欧拉牌,长城汽车股份有限公司,欧拉,欧拉朋克猫,76.44,磷酸铁锂,146.73,521,非称重实测,,,,,,yes,Copyright © 2026 David YE
641,354,FV6469AABEV,奥迪(AUDI)牌,一汽-大众汽车有限公司,,Q4,84.8,三元锂,165,513.9,非称重实测,,,,,,yes,Copyright © 2026 David YE
642,354,FV6469ABBEV,奥迪(AUDI)牌,一汽-大众汽车有限公司,,Q4,84.8,三元锂,165,513.9,非称重实测,,,,,,yes,Copyright © 2026 David YE
652,354,NHQ7000BEVEH,小鹏牌,肇庆小鹏新能源投资有限公司,,P7,77.9,三元锂,160,486.9,非称重实测,,,,,,yes,Copyright © 2026 David YE
661,354,VCC7002F11VBEV,极星牌,浙江豪情汽车制造有限公司,,极星2,78,三元锂,158.8,491.2,非称重实测,,,,,,yes,Copyright © 2026 David YE
662,354,VCC7002F12VBEV,极星牌,浙江豪情汽车制造有限公司,,极星2,78,三元锂,158.8,491.2,非称重实测,,,,,,yes,Copyright © 2026 David YE
663,354,VCC7003F02XBEV,沃尔沃牌,浙江豪情汽车制造有限公司,,XC40,78,三元锂,158.8,491.2,非称重实测,,,,,,yes,Copyright © 2026 David YE
664,354,VCC7003F41XBEV,沃尔沃牌,浙江豪情汽车制造有限公司,,C40,78,三元锂,158.8,491.2,非称重实测,,,,,,yes,Copyright © 2026 David YE
682,355,CSA6493YBEV1,上汽飞凡牌,上海汽车集团股份有限公司,荣威,R7,77,三元锂,180,427.8,非称重实测,,,,,,yes,Copyright © 2026 David YE
685,355,CSA6493YSEV1,上汽飞凡牌,上海汽车集团股份有限公司,荣威,R7,77,三元锂,180,427.8,非称重实测,,,,,,yes,Copyright © 2026 David YE
697,355,EQ6530AL5F2BEV,岚图牌,东风汽车集团有限公司,东风风神,梦想家,82.11,三元锂,180,456.2,非称重实测,,,,,,yes,Copyright © 2026 David YE
699,355,FZ6480BEV13,零跑牌,零跑汽车有限公司,零跑,C11,78.54,磷酸铁锂,140.18,560.3,非称重实测,,,,,,yes,Copyright © 2026 David YE
700,355,GAH6460BEVS0A,合创牌,广汽乘用车(杭州)有限公司,,Z03,76.8,三元锂,184,417.4,非称重实测,,,,,,yes,Copyright © 2026 David YE
746,356,DN6530MBEV5,东南牌,东南(福建)汽车工业有限公司,,EV500,77.28,磷酸铁锂,145.17,532.3,非称重实测,,,,,,yes,Copyright © 2026 David YE
788,357,CA7000H0EVE,红旗牌,中国第一汽车集团有限公司,红旗,E-QM5,81.7,三元锂,172,475,非称重实测,,,,,,yes,Copyright © 2026 David YE
790,357,CC7000BH03BBEV,欧拉牌,长城汽车股份有限公司,欧拉,闪电猫,83.49,三元锂,173.91,480.1,非称重实测,,,,,,yes,Copyright © 2026 David YE
791,357,CC7000BH23BBEV,欧拉牌,长城汽车股份有限公司,欧拉,闪电猫,83.49,三元锂,172.51,484,非称重实测,,,,,,yes,Copyright © 2026 David YE
796,357,FV6465BCBBEV,大众牌,一汽-大众汽车有限公司,,ID.4 CROZZ,84.8,三元锂,165,513.9,非称重实测,,,,,,yes,Copyright © 2026 David YE
797,357,FV6469ABABEV,奥迪(AUDI)牌,一汽-大众汽车有限公司,,Q4,84.8,三元锂,165,513.9,非称重实测,,,,,,yes,Copyright © 2026 David YE
798,357,FV6498BCBBEV,大众牌,一汽-大众汽车有限公司,,ID.6 CROZZ,84.8,三元锂,165,513.9,非称重实测,,,,,,yes,Copyright © 2026 David YE
799,357,FZ7000BEVC01A,零跑牌,零跑汽车有限公司,零跑,C01,78.5408,磷酸铁锂,129.47,606.6,非称重实测,,,,,,yes,Copyright © 2026 David YE
820,357,SKE6480SBEVAS,赛力斯牌,重庆金康新能源汽车有限公司,,M5e,79.927,磷酸铁锂,140.9,567.3,非称重实测,,,,,,yes,Copyright © 2026 David YE
821,357,SKE6480SBEVR,赛力斯牌,重庆金康新能源汽车有限公司,,M5e,79.927,磷酸铁锂,140.9,567.3,非称重实测,,,,,,yes,Copyright © 2026 David YE
823,357,SVW6461EEV,大众汽车(VOLKSWAGEN)牌,上汽大众汽车有限公司,大众ID,ID.4 X,83.4,三元锂,175,476.6,非称重实测,,,,,,yes,Copyright © 2026 David YE
824,357,SVW6492DEV,大众汽车(VOLKSWAGEN)牌,上汽大众汽车有限公司,大众ID,ID.6 X,83.4,三元锂,175,476.6,非称重实测,,,,,,yes,Copyright © 2026 David YE
825,357,SVW6492EEV,大众汽车(VOLKSWAGEN)牌,上汽大众汽车有限公司,大众ID,ID.6 X ,83.4,三元锂,175,476.6,非称重实测,,,,,,yes,Copyright © 2026 David YE
828,357,THZ6451BEVS30A,哪吒牌,合众新能源汽车有限公司,哪吒,哪吒U,81.57,三元锂,180,453.2,非称重实测,,,,,,yes,Copyright © 2026 David YE
848,359,FZ6480BEV15,零跑牌,零跑汽车有限公司,零跑,C11,78.54,磷酸铁锂,140.09,560.6,非称重实测,,,,,,yes,Copyright © 2026 David YE
850,359,GAM6450BEVD0D,埃安(AION)牌,广汽乘用车有限公司,,Aion Y Plus,76.8,三元锂,170,451.8,非称重实测,,,,,,yes,Copyright © 2026 David YE
867,359,NHQ6490BEVGD,小鹏牌,肇庆小鹏新能源投资有限公司,,G9,78.2,磷酸铁锂,130,601.5,非称重实测,,,,,,yes,Copyright © 2026 David YE
872,359,SC7006AAEBEV,长安牌,重庆长安汽车股份有限公司,长安,SL03,79.97,三元锂,167,478.9,非称重实测,,,,,,yes,Copyright © 2026 David YE
879,359,SVW6493FEV,奥迪(AUDI)牌,上汽大众汽车有限公司,大众ID,Q5 e-tron,83.4,三元锂,175,476.6,非称重实测,,,,,,yes,Copyright © 2026 David YE
880,359,THZ7000BEVS401,哪吒牌,合众新能源汽车有限公司,哪吒,哪吒S,84.5,三元锂,180,469.4,非称重实测,,,,,,yes,Copyright © 2026 David YE
893,360,BMW7000ABEV,宝马(BMW)牌,华晨宝马汽车有限公司,宝马iX,i3,79.05,三元锂,170,465,非称重实测,,,,,,yes,Copyright © 2026 David YE
949,362,CC7000BH01NBBEV,欧拉牌,长城汽车股份有限公司,欧拉,闪电猫,83.49,三元锂,173.91,480.1,非称重实测,,,,,,yes,Copyright © 2026 David YE
950,362,CC7000BH03HBBEV,欧拉牌,长城汽车股份有限公司,欧拉,闪电猫,79.62,三元锂,171.6,464,非称重实测,,,,,,yes,Copyright © 2026 David YE
956,362,CSA7005DBEV2,飞凡牌,上海汽车集团股份有限公司,荣威,F7,77,三元锂,180,427.8,非称重实测,,,,,,yes,Copyright © 2026 David YE
958,362,CSA7005DSEV1,飞凡牌,上海汽车集团股份有限公司,荣威,F7,77,三元锂,180,427.8,非称重实测,,,,,,yes,Copyright © 2026 David YE
983,362,NHQ6490BEVGG,小鹏牌,肇庆小鹏新能源投资有限公司,,小鹏G9,78.2,,160,488.8,非称重实测,,,,,,yes,Copyright © 2026 David YE
990,362,SH6531T1BEV-8,大通牌,上汽大通汽车有限公司,,MIFA 9,77,,160,481.3,非称重实测,,,,,,yes,Copyright © 2026 David YE
1006,363,CAF6470B2BEV,玛斯丹(MUSTANG)牌,长安福特汽车有限公司,,Mach-E,80.3,三元锂,180,446.1,非称重实测,,,,,,yes,Copyright © 2026 David YE
1007,363,CAF6470B3BEV,玛斯丹(MUSTANG)牌,长安福特汽车有限公司,,Mach-E,80.3,三元锂,180,446.1,非称重实测,,,,,,yes,Copyright © 2026 David YE
1008,363,CAF6470B4BEV,玛斯丹(MUSTANG)牌,长安福特汽车有限公司,,Mach-E,80.3,三元锂,180,446.1,非称重实测,,,,,,yes,Copyright © 2026 David YE
1017,363,EQ7000AL1F2BEV,岚图牌,东风汽车集团有限公司,东风风神,追光,82.11,三元锂,170,483,非称重实测,,,,,,yes,Copyright © 2026 David YE
1020,363,FZ7000BEVC01D,零跑牌,零跑汽车有限公司,零跑,C01,78.5408,磷酸铁锂,129.33,607.3,非称重实测,,,,,,yes,Copyright © 2026 David YE
1031,363,SKE6470SBEVA5S,赛力斯牌,赛力斯汽车有限公司,,A5,79.927,磷酸铁锂,150,532.8,非称重实测,,,,,,yes,Copyright © 2026 David YE
1032,363,SKE6470SBEVR2,赛力斯牌,赛力斯汽车有限公司,,A5,79.927,磷酸铁锂,150,532.8,非称重实测,,,,,,yes,Copyright © 2026 David YE
1049,364,CAF6470B2BEV,玛斯丹(MUSTANG)牌,长安福特汽车有限公司,,Mach-E,80.3,三元锂,180,446.1,非称重实测,,,,,,yes,Copyright © 2026 David YE
1050,364,CAF6470B3BEV,玛斯丹(MUSTANG)牌,长安福特汽车有限公司,,Mach-E,80.3,三元锂,180,446.1,非称重实测,,,,,,yes,Copyright © 2026 David YE
1051,364,CAF6470B4BEV,玛斯丹(MUSTANG)牌,长安福特汽车有限公司,,Mach-E,80.3,三元锂,180,446.1,非称重实测,,,,,,yes,Copyright © 2026 David YE
1067,365,FZ7000BEVC01F,零跑牌,零跑汽车有限公司,零跑,C01,78.54,磷酸铁锂,129.56,606.2,非称重实测,,,,,,yes,Copyright © 2026 David YE
1069,365,GAM6460BEVC0V,埃安(AION)牌,广汽乘用车有限公司,,AION V,80,三元锂,180,444.4,非称重实测,,,,,,yes,Copyright © 2026 David YE
1102,365,SH6531T1SEV-9,大通牌,上汽大通汽车有限公司,,MIFA 9,77,,160,481.3,非称重实测,,,,,,yes,Copyright © 2026 David YE
1103,365,SKE6470SBEVA5S,赛力斯牌,赛力斯汽车有限公司,,A5,79.927,磷酸铁锂,150,532.8,非称重实测,,,,,,yes,Copyright © 2026 David YE
1104,365,SKE6470SBEVR2,赛力斯牌,赛力斯汽车有限公司,,A5,79.927,磷酸铁锂,150,532.8,非称重实测,,,,,,yes,Copyright © 2026 David YE
1153,366,CAF6470B5BEV,玛斯丹(MUSTANG)牌,长安福特汽车有限公司,,Mach-E,78.2,磷酸铁锂,130.33,600,非称重实测,,,,,,yes,Copyright © 2026 David YE
1161,366,CW7000BH01NBBEV,欧拉牌,日照魏牌汽车有限公司,,闪电猫,83.49,三元锂,180,463.8,非称重实测,,,,,,yes,Copyright © 2026 David YE
1162,366,CW7000BH21NCBEV,欧拉牌,日照魏牌汽车有限公司,,闪电猫,83.49,三元锂,180,463.8,非称重实测,,,,,,yes,Copyright © 2026 David YE
1174,366,SC6471EACBEV,长安牌,重庆长安汽车股份有限公司,长安,S7,79.97,三元锂,167,478.9,非称重实测,,,,,,yes,Copyright © 2026 David YE
1179,366,THZ7000BEVS363,哪吒牌,合众新能源汽车有限公司,哪吒,哪吒E,77.9,三元锂,180,432.8,非称重实测,,,,,,yes,Copyright © 2026 David YE
1260,368,CW7000BH01NBBEV,欧拉牌,日照魏牌汽车有限公司,,闪电猫,83.49,三元锂,180,463.8,非称重实测,,,,,,yes,Copyright © 2026 David YE
1261,368,CW7000BH21NCBEV,欧拉牌,日照魏牌汽车有限公司,,闪电猫,83.49,三元锂,180,463.8,非称重实测,,,,,,yes,Copyright © 2026 David YE
1277,368,VCC7003F05XBEV,沃尔沃牌,浙江豪情汽车制造有限公司,,C40,82,三元锂,180,455.6,非称重实测,,,,,,yes,Copyright © 2026 David YE
1278,368,VCC7003F43XBEV,沃尔沃牌,浙江豪情汽车制造有限公司,,C40,82,三元锂,180,455.6,非称重实测,,,,,,yes,Copyright © 2026 David YE
1281,368,YQZ6492BEVY,悦达牌,江苏悦达起亚汽车有限公司,,Hiphi Y,76.6,磷酸铁锂,150,510.7,非称重实测,,,,,,yes,Copyright © 2026 David YE
1282,368,ZN6532H5PBEV,东风牌,郑州日产汽车有限公司,,帕拉索EV,77.28,,160,483,非称重实测,,,,,,yes,Copyright © 2026 David YE
1301,369,BYD7006BEVA5,比亚迪牌,比亚迪汽车有限公司,比亚迪,海豹,82.56,磷酸铁锂,180,458.7,非称重实测,,,,,,yes,Copyright © 2026 David YE
1327,369,SGM6491BBBEV,别克(BUICK)牌,上汽通用汽车有限公司,别克微蓝,Electra E5,79.7,三元锂,170,468.8,非称重实测,,,,,,yes,Copyright © 2026 David YE
1329,369,THZ7000BEVS364,哪吒牌,合众新能源汽车有限公司,哪吒,哪吒GT,77.9,三元锂,170,458.2,非称重实测,,,,,,yes,Copyright © 2026 David YE
1332,369,VCC7002F21VBEV,极星牌,浙江豪情汽车制造有限公司,,极星2,78,三元锂,170,458.8,非称重实测,,,,,,yes,Copyright © 2026 David YE
1333,369,VCC7002F22VBEV,极星牌,浙江豪情汽车制造有限公司,,极星2,78,三元锂,170,458.8,非称重实测,,,,,,yes,Copyright © 2026 David YE
1334,369,VCC7002F23VBEV,极星牌,浙江豪情汽车制造有限公司,,极星2,82,三元锂,180,455.6,非称重实测,,,,,,yes,Copyright © 2026 David YE
1335,369,VCC7002F24VBEV,极星牌,浙江豪情汽车制造有限公司,,极星2,82,三元锂,180,455.6,非称重实测,,,,,,yes,Copyright © 2026 David YE
1358,370,CC6460BM03HBBEV,哈弗牌,长城汽车股份有限公司,欧拉,枭龙EV,79.62,锂离子,160,497.6,非称重实测,,,,,,yes,Copyright © 2026 David YE
1361,370,CSA6501LBEV5,智己牌,上海汽车集团股份有限公司,荣威,LS7,77,三元锂,177.0114942528736,435,非称重实测,,,,,,yes,Copyright © 2026 David YE
1363,370,CSA7002CBEV2,名爵牌,上海汽车集团股份有限公司,荣威,Cyberster,77,三元锂,170,452.9,非称重实测,,,,,,yes,Copyright © 2026 David YE
1364,370,CSA7002CBEV3,名爵牌,上海汽车集团股份有限公司,荣威,Cyberster,77,三元锂,170,452.9,非称重实测,,,,,,yes,Copyright © 2026 David YE
1366,370,FV7007AABEV,大众牌,一汽-大众汽车有限公司,,ID.7 VIZZION,84.8,三元锂,180,471.1,非称重实测,,,,,,yes,Copyright © 2026 David YE
1370,370,GAM6460BEVC1C,埃安(AION)牌,广汽乘用车有限公司,,Aion V Plus,80,三元锂,170,470.6,非称重实测,,,,,,yes,Copyright © 2026 David YE
1388,370,SC7007AABBEV,长安牌,重庆长安汽车股份有限公司,长安,启源A07,79.97,三元锂,170,470.4,非称重实测,,,,,,yes,Copyright © 2026 David YE
1389,370,SGM6491BCBEV,别克(BUICK)牌,上汽通用汽车有限公司,别克微蓝,Electra E5,79.7,三元锂,170,468.8,非称重实测,,,,,,yes,Copyright © 2026 David YE
1390,370,SGM7002BBBEV,别克(BUICK)牌,上汽通用汽车有限公司,别克微蓝,Electra E4,79.7,三元锂,170,468.8,非称重实测,,,,,,yes,Copyright © 2026 David YE
1391,370,SGM7002BCBEV,别克(BUICK)牌,上汽通用汽车有限公司,别克微蓝,Electra E4,79.7,三元锂,170,468.8,非称重实测,,,,,,yes,Copyright © 2026 David YE
1393,370,SH6491N1BEV-8,大通牌,上汽大通汽车有限公司,,纯电动多用途乘用车,77,,160,481.3,非称重实测,,,,,,yes,Copyright © 2026 David YE
1419,371,GAM7000BEVE0D,埃安(AION)牌,广汽乘用车有限公司,,Hyper GT,80.062,三元锂,180,444.8,非称重实测,,,,,,yes,Copyright © 2026 David YE
1440,371,SKE6480SBEVA1S,赛力斯牌,赛力斯汽车有限公司,,问界 M5 EV,79.927,磷酸铁锂,150,532.8,非称重实测,,,,,,yes,Copyright © 2026 David YE
1441,371,SKE6480SBEVR1,赛力斯牌,赛力斯汽车有限公司,,问界 M5 EV,79.927,磷酸铁锂,150,532.8,非称重实测,,,,,,yes,Copyright © 2026 David YE
1471,372,CSA6492LBEV1,智己牌,上海汽车集团股份有限公司,荣威,LS6,83,三元锂,163.3858267716535,508,非称重实测,,,,,,yes,Copyright © 2026 David YE
1476,372,FV7007ABBEV,大众牌,一汽-大众汽车有限公司,,ID.7 VIZZION,84.8,三元锂,180,471.1,非称重实测,,,,,,yes,Copyright © 2026 David YE
1535,373,BJ6470A501BEV,极狐(ARCFOX)牌,北汽蓝谷麦格纳汽车有限公司,极狐,αT5,79.2,三元锂,170,465.9,非称重实测,,,,,,yes,Copyright © 2026 David YE
1537,373,BJ6480A607BEV,极狐(ARCFOX)牌,北汽蓝谷麦格纳汽车有限公司,极狐,αT,81,三元锂,180,450,非称重实测,,,,,,yes,Copyright © 2026 David YE
1538,373,BJ7001A61FBEV,极狐(ARCFOX)牌,北汽蓝谷麦格纳汽车有限公司,极狐,αS6;αS,81,三元锂,180,450,非称重实测,,,,,,yes,Copyright © 2026 David YE
1542,373,CSA6492LBEV4,智己牌,上海汽车集团股份有限公司,荣威,LS6,83.3,三元锂,181.0869565217391,460,非称重实测,,,,,,yes,Copyright © 2026 David YE
1557,373,JX6556TA-M6BEV,江铃全顺牌,江铃汽车股份有限公司,,全顺EV,77.28,,160,483,非称重实测,,,,,,yes,Copyright © 2026 David YE
1558,373,JX6556TC-M6BEV,江铃全顺牌,江铃汽车股份有限公司,,全顺EV,77.28,,160,483,非称重实测,,,,,,yes,Copyright © 2026 David YE
1566,373,NJ6500FBEV71,依维柯牌,南京汽车集团有限公司,,聚星,77,,160,481.3,非称重实测,,,,,,yes,Copyright © 2026 David YE
1567,373,NJ6500FBEV71T,大通牌,南京汽车集团有限公司,,EV70,77,,160,481.3,非称重实测,,,,,,yes,Copyright © 2026 David YE
1569,373,NJ6540FBEV71,依维柯牌,南京汽车集团有限公司,,聚星,77,,160,481.3,非称重实测,,,,,,yes,Copyright © 2026 David YE
1570,373,NJ6540FBEV71T,大通牌,南京汽车集团有限公司,,EV70,77,,160,481.3,非称重实测,,,,,,yes,Copyright © 2026 David YE
1614,374,BMW6475AEEV,宝马(BMW)牌,华晨宝马汽车有限公司,宝马iX,宝马X3纯电动,80,三元锂,170,470.6,非称重实测,,,,,,yes,Copyright © 2026 David YE
1615,374,BMW6475AFEV,宝马(BMW)牌,华晨宝马汽车有限公司,宝马iX,宝马X3纯电动,80,三元锂,170,470.6,非称重实测,,,,,,yes,Copyright © 2026 David YE
1618,374,BMW7000AEEV,宝马(BMW)牌,华晨宝马汽车有限公司,宝马iX,全新BMW i3,79.05,三元锂,170,465,非称重实测,,,,,,yes,Copyright © 2026 David YE
1619,374,BMW7000AFEV,宝马(BMW)牌,华晨宝马汽车有限公司,宝马iX,全新BMW i3,79.05,三元锂,170,465,非称重实测,,,,,,yes,Copyright © 2026 David YE
1620,374,BMW7001AAEV,宝马(BMW)牌,华晨宝马汽车有限公司,宝马iX,创新纯电动BMW i5,79.05,三元锂,170,465,非称重实测,,,,,,yes,Copyright © 2026 David YE
1621,374,BMW7001ABEV,宝马(BMW)牌,华晨宝马汽车有限公司,宝马iX,创新纯电动BMW i5,79.05,三元锂,170,465,非称重实测,,,,,,yes,Copyright © 2026 David YE
1631,374,EQ6532AL5F2BEV,岚图牌,东风汽车集团有限公司,东风风神,岚图梦想家,82.11,三元锂,180,456.2,非称重实测,,,,,,yes,Copyright © 2026 David YE
1638,374,GAM6460BEVC1G,埃安(AION)牌,广汽乘用车有限公司,,AION V,80,三元锂,170,470.6,非称重实测,,,,,,yes,Copyright © 2026 David YE
1641,374,HFC6521EV2C8,江淮牌,安徽江淮汽车集团股份有限公司,江淮,瑞风E4,75.2,,160,470,非称重实测,,,,,,yes,Copyright © 2026 David YE
1642,374,HFC6521EV2C8G,江淮牌,安徽江淮汽车集团股份有限公司,江淮,瑞风E4,75.2,,160,470,非称重实测,,,,,,yes,Copyright © 2026 David YE
1660,374,MR7005BEV19,吉利牌,浙江吉利汽车有限公司,吉利车型,银河 E8,76,磷酸铁锂,150,506.7,非称重实测,,,,,,yes,Copyright © 2026 David YE
1673,374,SGM6483BBBEV,凯迪拉克(CADILLAC)牌,上汽通用汽车有限公司,别克微蓝,OPTIQ,79.7,三元锂,170,468.8,非称重实测,,,,,,yes,Copyright © 2026 David YE
1674,374,SGM6483BCBEV,凯迪拉克(CADILLAC)牌,上汽通用汽车有限公司,别克微蓝,OPTIQ,79.7,三元锂,170,468.8,非称重实测,,,,,,yes,Copyright © 2026 David YE
1677,374,SQR7000BEVE031,星途牌,奇瑞汽车股份有限公司,奇瑞,STERRA ES,79.934,三元锂离子＋磷酸铁锰锂电池,170,470.2,非称重实测,,,,,,yes,Copyright © 2026 David YE
1678,374,SQR7000BEVE032,星途牌,奇瑞汽车股份有限公司,奇瑞,STERRA ES,79.934,三元锂离子+磷酸铁锰锂电池,170,470.2,非称重实测,,,,,,yes,Copyright © 2026 David YE
1681,374,SQR7000BEVEH31,奇瑞牌,奇瑞汽车股份有限公司,奇瑞,智界S7,79.934,三元锂离子+磷酸铁锰锂电池,170,470.2,非称重实测,,,,,,yes,Copyright © 2026 David YE
1682,374,SQR7000BEVEH32,奇瑞牌,奇瑞汽车股份有限公司,奇瑞,智界S7,79.934,三元锂离子+磷酸铁锰锂电池,170,470.2,非称重实测,,,,,,yes,Copyright © 2026 David YE
1709,375,BMW7001ACEV,宝马(BMW)牌,华晨宝马汽车有限公司,宝马iX,创新纯电动BMW i5,79.05,三元锂,170,465,非称重实测,,,,,,yes,Copyright © 2026 David YE
1720,375,GAM6490BEVH0C,埃安(AION)牌,广汽乘用车有限公司,,Hyper HT,80.062,三元锂,180,444.8,非称重实测,,,,,,yes,Copyright © 2026 David YE
1738,375,NHQ6530BEVHA,小鹏牌,肇庆小鹏新能源投资有限公司,,小鹏X9,84.5,磷酸铁锂,180,469.4,非称重实测,,,,,,yes,Copyright © 2026 David YE
1745,375,SGM6484BABEV,雪佛兰(CHEVROLET)牌,上汽通用汽车有限公司,别克微蓝,EQUINOX,79.7,三元锂,170,468.8,非称重实测,,,,,,yes,Copyright © 2026 David YE
1749,375,TSL7000BEVBA4,特斯拉牌,特斯拉(上海)有限公司,,特斯拉 MODEL 3,78.4,三元锂,170,461.2,非称重实测,,,,,,yes,Copyright © 2026 David YE
1777,376,CGC7000BEV2J9,大运牌,成都大运汽车集团有限公司,,远航Y6,81.05,三元锂,180,450.3,非称重实测,,,,,,yes,Copyright © 2026 David YE
1783,376,FV6465BBBBEV,大众牌,一汽-大众汽车有限公司,,ID.4 CROZZ,80.4,三元锂,180,446.7,非称重实测,,,,,,yes,Copyright © 2026 David YE
1784,376,FV6465BCCBEV,大众牌,一汽-大众汽车有限公司,,ID.4 CROZZ,80.4,三元锂,180,446.7,非称重实测,,,,,,yes,Copyright © 2026 David YE
1785,376,FV6469AAABEV,奥迪(AUDI)牌,一汽-大众汽车有限公司,,Q4,80.4,三元锂,180,446.7,非称重实测,,,,,,yes,Copyright © 2026 David YE
1786,376,FV6469ABBBEV,奥迪(AUDI)牌,一汽-大众汽车有限公司,,Q4,80.4,三元锂,180,446.7,非称重实测,,,,,,yes,Copyright © 2026 David YE
1787,376,FV6498BBEBEV,大众牌,一汽-大众汽车有限公司,,ID.6 CROZZ,80.4,三元锂,180,446.7,非称重实测,,,,,,yes,Copyright © 2026 David YE
1788,376,FV6498BBFBEV,大众牌,一汽-大众汽车有限公司,,ID.6 CROZZ,80.4,三元锂,180,446.7,非称重实测,,,,,,yes,Copyright © 2026 David YE
1789,376,FV6498BCCBEV,大众牌,一汽-大众汽车有限公司,,ID.6 CROZZ,80.4,三元锂,180,446.7,非称重实测,,,,,,yes,Copyright © 2026 David YE
1791,376,GAM6490BEVH0L,埃安(AION)牌,广汽乘用车有限公司,,Hyper HT,80.062,三元锂,180,444.8,非称重实测,,,,,,yes,Copyright © 2026 David YE
1804,376,SQR6500BEVE0Y1,星途牌,奇瑞汽车股份有限公司,奇瑞,STERRA ET,79.934,三元锂离子＋磷酸铁锰锂,170,470.2,非称重实测,,,,,,yes,Copyright © 2026 David YE
1805,376,SQR6500BEVE0Y2,星途牌,奇瑞汽车股份有限公司,奇瑞,STERRA ET,79.934,三元锂离子＋磷酸铁锰锂,170,470.2,非称重实测,,,,,,yes,Copyright © 2026 David YE
1809,376,SVW6461FEV,大众汽车(VOLKSWAGEN)牌,上汽大众汽车有限公司,大众ID,ID.4 X,80.2,三元锂,180,445.6,非称重实测,,,,,,yes,Copyright © 2026 David YE
1810,376,SVW6461GEV,大众汽车(VOLKSWAGEN)牌,上汽大众汽车有限公司,大众ID,ID.4 X,80.2,三元锂,180,445.6,非称重实测,,,,,,yes,Copyright © 2026 David YE
1811,376,SVW6492FEV,大众汽车(VOLKSWAGEN)牌,上汽大众汽车有限公司,大众ID,ID.6 X,80.2,三元锂,180,445.6,非称重实测,,,,,,yes,Copyright © 2026 David YE
1812,376,SVW6492GEV,大众汽车(VOLKSWAGEN)牌,上汽大众汽车有限公司,大众ID,ID6.X,80.2,三元锂,180,445.6,非称重实测,,,,,,yes,Copyright © 2026 David YE
1813,376,SVW6492HEV,大众汽车(VOLKSWAGEN)牌,上汽大众汽车有限公司,大众ID,ID6.X,80.2,三元锂,180,445.6,非称重实测,,,,,,yes,Copyright © 2026 David YE
1814,376,SVW6493GEV,奥迪(AUDI)牌,上汽大众汽车有限公司,大众ID,Q5 e-tron,80.2,三元锂,180,445.6,非称重实测,,,,,,yes,Copyright © 2026 David YE
1815,376,SVW6493HEV,奥迪(AUDI)牌,上汽大众汽车有限公司,大众ID,Q5 e-tron,80.2,三元锂,180,445.6,非称重实测,,,,,,yes,Copyright © 2026 David YE
1816,376,SVW6493JEV,奥迪(AUDI)牌,上汽大众汽车有限公司,大众ID,Q5 e-tron,80.2,三元锂,180,445.6,非称重实测,,,,,,yes,Copyright © 2026 David YE
1837,377,CGC6521BEV2S3,大运牌,成都大运汽车集团有限公司,,远航H8,81.05,三元锂,180,450.3,非称重实测,,,,,,yes,Copyright © 2026 David YE
1838,377,CGC6521BEV2S4,大运牌,成都大运汽车集团有限公司,,远航H8,81.05,三元锂,180,450.3,非称重实测,,,,,,yes,Copyright © 2026 David YE
1866,377,MR7005BEV11,极氪牌,浙江吉利汽车有限公司,吉利车型,7,75.6,磷酸铁锂,150,504,非称重实测,,,,,,yes,Copyright © 2026 David YE
1868,377,MR7005BEV13,极氪牌,浙江吉利汽车有限公司,吉利车型,7,75.6,磷酸铁锂,150,504,非称重实测,,,,,,yes,Copyright © 2026 David YE
1870,377,MR7005BEV20,吉利牌,浙江吉利汽车有限公司,吉利车型,银河 E8,75.6,磷酸铁锂,150,504,非称重实测,,,,,,yes,Copyright © 2026 David YE
1876,377,YQZ6493BEVY,悦达牌,江苏悦达起亚汽车有限公司,,HiPhi Y,76.6,磷酸铁锂,150,510.7,非称重实测,,,,,,yes,Copyright © 2026 David YE
1896,378,BJ6552EVAA1,福田牌,北汽福田汽车股份有限公司,,图雅诺EV,77.28,磷酸铁锂,151.5294117647059,510,非称重实测,,,,,,yes,Copyright © 2026 David YE
1897,378,BMW7001ADEV,宝马(BMW)牌,华晨宝马汽车有限公司,宝马iX,创新纯电动BMW i5,79.05,三元锂,140.4085257548846,563,非称重实测,,,,,,yes,Copyright © 2026 David YE
1898,378,BMW7001AEEV,宝马(BMW)牌,华晨宝马汽车有限公司,宝马iX,创新纯电动BMW i5,79.05,三元锂,140.4085257548846,563,非称重实测,,,,,,yes,Copyright © 2026 David YE
1899,378,BMW7001AFEV,宝马(BMW)牌,华晨宝马汽车有限公司,宝马iX,创新纯电动BMW i5,79.05,三元锂,140.4085257548846,563,非称重实测,,,,,,yes,Copyright © 2026 David YE
1905,378,CGC7000BEV2J12,大运牌,成都大运汽车集团有限公司,,远航Y6,81.05,三元锂,180.1111111111111,450,非称重实测,,,,,,yes,Copyright © 2026 David YE
1908,378,CSA7005DBEV7,飞凡牌,上海汽车集团股份有限公司,荣威,F7,77,三元锂,177.0114942528736,435,非称重实测,,,,,,yes,Copyright © 2026 David YE
1910,378,CSA7005DSEV5,飞凡牌,上海汽车集团股份有限公司,荣威,F7,77,三元锂,177.0114942528736,435,非称重实测,,,,,,yes,Copyright © 2026 David YE
1939,378,QCJ7000AFBEV1,仰望牌,比亚迪汽车工业有限公司,比亚迪,仰望U9,80,磷酸铁锂,126.3823064770932,633,非称重实测,,,,,,yes,Copyright © 2026 David YE
1949,378,SQR7000BEVEH34,奇瑞牌,奇瑞汽车股份有限公司,奇瑞,智界S7,79.934,三元锂离子+磷酸铁锰锂电池,163.4642126789366,489,非称重实测,,,,,,yes,Copyright © 2026 David YE
1951,378,SVW6492NEV,大众汽车(VOLKSWAGEN)牌,上汽大众汽车有限公司,大众ID,ID.6 X,80.2,三元锂,167.0833333333333,480,非称重实测,,,,,,yes,Copyright © 2026 David YE
1970,379,BJ7001A513BEV,极狐(ARCFOX)牌,北汽蓝谷麦格纳汽车有限公司,极狐,αS5,79.2,三元锂,167.7966101694915,472,非称重实测,,,,,,yes,Copyright © 2026 David YE
1974,379,BYD6486SBEV1,比亚迪牌,比亚迪汽车有限公司,比亚迪,比亚迪海狮07EV,80.64,磷酸铁锂,146.0869565217392,552,非称重实测,,,,,,yes,Copyright © 2026 David YE
1975,379,BYD6486SBEV2,比亚迪牌,比亚迪汽车有限公司,比亚迪,比亚迪海狮07EV,80.64,磷酸铁锂,146.0869565217392,552,非称重实测,,,,,,yes,Copyright © 2026 David YE
1984,379,FV6465BBCBEV,大众牌,一汽-大众汽车有限公司,,ID.4 CROZZ,80.4,三元锂,167.5,480,非称重实测,,,,,,yes,Copyright © 2026 David YE
1985,379,FV6465BCDBEV,大众牌,一汽-大众汽车有限公司,,ID.4 CROZZ,80.4,三元锂,167.5,480,非称重实测,,,,,,yes,Copyright © 2026 David YE
1986,379,FV6469AABBEV,奥迪(AUDI)牌,一汽-大众汽车有限公司,,Q4,80.4,三元锂,167.5,480,非称重实测,,,,,,yes,Copyright © 2026 David YE
1987,379,FV6469ABCBEV,奥迪(AUDI)牌,一汽-大众汽车有限公司,,Q4,80.4,三元锂,167.5,480,非称重实测,,,,,,yes,Copyright © 2026 David YE
1988,379,FV6498BBGBEV,大众牌,一汽-大众汽车有限公司,,ID.6 CROZZ,80.4,三元锂,167.5,480,非称重实测,,,,,,yes,Copyright © 2026 David YE
1989,379,FV6498BBHBEV,大众牌,一汽-大众汽车有限公司,,ID.6 CROZZ,80.4,三元锂,167.5,480,非称重实测,,,,,,yes,Copyright © 2026 David YE
1990,379,FV6498BCDBEV,大众牌,一汽-大众汽车有限公司,,ID.6 CROZZ,80.4,三元锂,167.5,480,非称重实测,,,,,,yes,Copyright © 2026 David YE
2007,379,NJ6500FBEV77,依维柯牌,南京汽车集团有限公司,,聚星,77,磷酸铁锂,145.8333333333333,528,非称重实测,,,,,,yes,Copyright © 2026 David YE
2008,379,NJ6540FBEV77,依维柯牌,南京汽车集团有限公司,,聚星,77,磷酸铁锂,145.8333333333333,528,非称重实测,,,,,,yes,Copyright © 2026 David YE
2009,379,NJ6540FBEV77T,大通牌,南京汽车集团有限公司,,EV70,77,磷酸铁锂,145.8333333333333,528,非称重实测,,,,,,yes,Copyright © 2026 David YE
2018,379,SGM6484BCBEV,雪佛兰(CHEVROLET)牌,上汽通用汽车有限公司,别克微蓝,EQUINOX,79.7,三元锂,152.3900573613767,523,非称重实测,,,,,,yes,Copyright © 2026 David YE
2022,379,THZ7000BEVS368,哪吒牌,合众新能源汽车股份有限公司,,哪吒E/哪吒GT,77.9,三元锂,173.1111111111111,450,非称重实测,,,,,,yes,Copyright © 2026 David YE
2052,380,BAW6521MAM1BEV,锐胜牌,北京汽车制造厂有限公司,北京汽车制造厂,锐胜王牌 E-M7,80.96,磷酸铁锂,136.0672268907563,595,非称重实测,,,,,,yes,Copyright © 2026 David YE
2053,380,BAW6521MAMBEV,锐胜牌,北京汽车制造厂有限公司,北京汽车制造厂,锐胜王牌 E-M7,80.96,磷酸铁锂,192.7619047619048,420,非称重实测,,,,,,yes,Copyright © 2026 David YE
2054,380,BJ7001A514BEV,极狐(ARCFOX)牌,北汽蓝谷麦格纳汽车有限公司,极狐,αS5,79.2,三元锂,168.5106382978724,470,非称重实测,,,,,,yes,Copyright © 2026 David YE
2055,380,CA7001H0EVC,红旗牌,中国第一汽车集团有限公司,红旗,红旗EH7,85,磷酸铁锂,140.495867768595,605,非称重实测,,,,,,yes,Copyright © 2026 David YE
2056,380,CA7001H0EVD,红旗牌,中国第一汽车集团有限公司,红旗,红旗EH7,85,磷酸铁锂,140.495867768595,605,非称重实测,,,,,,yes,Copyright © 2026 David YE
2057,380,CA7001H0EVXC,红旗牌,中国第一汽车集团有限公司,红旗,红旗EH7,85,磷酸铁锂,140.495867768595,605,非称重实测,,,,,,yes,Copyright © 2026 David YE
2058,380,CA7001H0EVXD,红旗牌,中国第一汽车集团有限公司,红旗,红旗EH7,85,磷酸铁锂,140.495867768595,605,非称重实测,,,,,,yes,Copyright © 2026 David YE
2061,380,CSA7002EBEV1,智己牌,上海汽车集团股份有限公司,荣威,L6,75,磷酸铁锂,138.8888888888889,540,非称重实测,,,,,,yes,Copyright © 2026 David YE
2063,380,CSA7002EBEV5,智己牌,上海汽车集团股份有限公司,荣威,L6,83,三元锂,163.3858267716535,508,非称重实测,,,,,,yes,Copyright © 2026 David YE
2064,380,DFM6500S5F2BEV,东风牌,东风汽车集团有限公司,东风风神,东风eπ008,82.28,磷酸铁锂,139.2216582064298,591,非称重实测,,,,,,yes,Copyright © 2026 David YE
2069,380,HFC6521EV3C8,江淮牌,安徽江淮汽车集团股份有限公司,江淮,瑞风E4,77.28,磷酸铁锂,150,515.2,非称重实测,,,,,,yes,Copyright © 2026 David YE
2070,380,HFC6521EV3C8G,江淮牌,安徽江淮汽车集团股份有限公司,江淮,瑞风E4,77.28,磷酸铁锂,150,515.2,非称重实测,,,,,,yes,Copyright © 2026 David YE
2081,380,SVW7001DEV,大众汽车(VOLKSWAGEN)牌,上汽大众汽车有限公司,大众ID,ID.7 S,80.2,三元锂,167.0833333333333,480,非称重实测,,,,,,yes,Copyright © 2026 David YE
2082,380,SVW7001FEV,大众汽车(VOLKSWAGEN)牌,上汽大众汽车有限公司,大众ID,ID.7 S,80.2,三元锂,167.0833333333333,480,非称重实测,,,,,,yes,Copyright © 2026 David YE
2116,381,BJ7000K713BEV,华彰牌,北京新能源汽车股份有限公司,极狐,享界S9,79.9,三元锂离子＋磷酸铁锰锂电池,163.7295081967213,488,非称重实测,,,,,,yes,Copyright © 2026 David YE
2120,381,BYD7006BEVA10,比亚迪牌,比亚迪汽车有限公司,比亚迪,比亚迪海豹,80.64,磷酸铁锂,146.0869565217392,552,非称重实测,,,,,,yes,Copyright © 2026 David YE
2122,381,BYD7006BEVA8,比亚迪牌,比亚迪汽车有限公司,比亚迪,比亚迪海豹,80.64,磷酸铁锂,146.0869565217392,552,非称重实测,,,,,,yes,Copyright © 2026 David YE
2129,381,DFM6500S5F3BEV,东风牌,东风汽车集团有限公司,东风风神,东风eπS08,82.28,磷酸铁锂,139.2216582064298,591,非称重实测,,,,,,yes,Copyright © 2026 David YE
2131,381,FV6465BDBEV,大众牌,一汽-大众汽车有限公司,,ID.4 CROZZ,80.4,三元锂,167.5,480,非称重实测,,,,,,yes,Copyright © 2026 David YE
2132,381,FV6465BEBEV,大众牌,一汽-大众汽车有限公司,,ID.4 CROZZ,80.4,三元锂,167.5,480,非称重实测,,,,,,yes,Copyright © 2026 David YE
2156,381,VWA64702BEV1,大众汽车牌,大众汽车（安徽）有限公司,,ID.UNYX 与众,82.4,三元锂,160.6237816764133,513,非称重实测,,,,,,yes,Copyright © 2026 David YE
2157,381,VWA64703BEV1,大众汽车牌,大众汽车（安徽）有限公司,,ID.UNYX 与众,82.4,三元锂,160.6237816764133,513,非称重实测,,,,,,yes,Copyright © 2026 David YE
2169,382,BJ6480A60ABEV,极狐(ARCFOX)牌,北汽蓝谷麦格纳汽车有限公司,极狐,αT,81.2,磷酸铁锂,145,560,非称重实测,,,,,,yes,Copyright © 2026 David YE
2170,382,BJ7001A61JBEV,极狐(ARCFOX)牌,北汽蓝谷麦格纳汽车有限公司,极狐,αS,81.2,磷酸铁锂,145,560,非称重实测,,,,,,yes,Copyright © 2026 David YE
2177,382,CSA6492LBEV7,智己牌,上海汽车集团股份有限公司,荣威,LS6,75,磷酸铁锂,136.8613138686131,548,非称重实测,,,,,,yes,Copyright © 2026 David YE
2178,382,CSA6492LBEV8,智己牌,上海汽车集团股份有限公司,荣威,LS6,83,三元锂,163.3858267716535,508,非称重实测,,,,,,yes,Copyright © 2026 David YE
2187,382,FV7007ACBEV,大众牌,一汽-大众汽车有限公司,,ID.7 VIZZION,80.4,三元锂,167.5,480,非称重实测,,,,,,yes,Copyright © 2026 David YE
2188,382,FV7007ADBEV,大众牌,一汽-大众汽车有限公司,,ID.7 VIZZION,80.4,三元锂,167.5,480,非称重实测,,,,,,yes,Copyright © 2026 David YE
2191,382,GAM6490BEVH0U,埃安(AION)牌,广汽乘用车有限公司,,Hyper HT,83.326,磷酸铁锂,137.7289256198347,605,非称重实测,,,,,,yes,Copyright © 2026 David YE
2196,382,JL6551BEV03,远程牌,浙江豪情汽车制造有限公司,吉利车型,SV,82.882,,144.1426086956522,575,非称重实测,,,,,,yes,Copyright © 2026 David YE
2209,382,MR6471BEV01,极氪牌,浙江吉利汽车有限公司,吉利车型,MIX,77,磷酸铁锂,126.4367816091954,609,非称重实测,,,,,,yes,Copyright © 2026 David YE
2210,382,MR6471BEV03,极氪牌,浙江吉利汽车有限公司,吉利车型,MIX,77,磷酸铁锂,126.4367816091954,609,非称重实测,,,,,,yes,Copyright © 2026 David YE
2213,382,NJ6540FBEV771,依维柯牌,南京汽车集团有限公司,,/,77,,145.8333333333333,528,非称重实测,,,,,,yes,Copyright © 2026 David YE
2217,382,SAL7000BH00ABEV,欧拉牌,光束汽车有限公司,,欧拉闪电猫,83.49,三元锂,169.6606380816907,492.1,非称重实测,,,,,,yes,Copyright © 2026 David YE
2221,382,SAL7000BH30ABEV,欧拉牌,光束汽车有限公司,,欧拉闪电猫,83.49,三元锂,168.9738919247116,494.1,非称重实测,,,,,,yes,Copyright © 2026 David YE
2233,382,SVW6461JEV,大众汽车(VOLKSWAGEN)牌,上汽大众汽车有限公司,大众ID,ID.4 X,80.2,三元锂,167.0833333333333,480,非称重实测,,,,,,yes,Copyright © 2026 David YE
2267,383,CA6490H0EVD,红旗牌,中国第一汽车集团有限公司,红旗,EHS7,85,磷酸铁锂,140.495867768595,605,非称重实测,,,,,,yes,Copyright © 2026 David YE
2268,383,CA6490H0EVXD,红旗牌,中国第一汽车集团有限公司,红旗,EHS7,85,磷酸铁锂,140.495867768595,605,非称重实测,,,,,,yes,Copyright © 2026 David YE
2274,383,CSA6497YBEV2,飞凡牌,上海汽车集团股份有限公司,荣威,RC7,77,三元锂,177.0114942528736,435,非称重实测,,,,,,yes,Copyright © 2026 David YE
2277,383,DFL6470NE31BEV,岚图牌,东风汽车有限公司,,岚图知音,77.3,磷酸铁锂,142.3572744014733,543,非称重实测,,,,,,yes,Copyright © 2026 David YE
2278,383,DFL6470NE32BEV,岚图牌,东风汽车有限公司,,岚图知音,76.9,磷酸铁锂,141.6206261510129,543,非称重实测,,,,,,yes,Copyright © 2026 David YE
2279,383,DFL6470NN31BEV,岚图牌,东风汽车有限公司,,岚图知音,77.3,磷酸铁锂,142.8835489833641,541,非称重实测,,,,,,yes,Copyright © 2026 David YE
2280,383,DFL6470NN32BEV,岚图牌,东风汽车有限公司,,岚图知音,76.9,磷酸铁锂,142.1441774491682,541,非称重实测,,,,,,yes,Copyright © 2026 David YE
2282,383,DFL6470NN36BEV,岚图牌,东风汽车有限公司,,岚图知音,78.7,磷酸铁锂,134.5299145299145,585,非称重实测,,,,,,yes,Copyright © 2026 David YE
2285,383,GAM6460BEVJ0A,埃安(AION)牌,广汽乘用车有限公司,,V,75.26,磷酸铁锂,144.7307692307693,520,非称重实测,,,,,,yes,Copyright © 2026 David YE
2290,383,JL6501BEV03,远程牌,浙江豪情汽车制造有限公司,吉利车型,SV,82.882,,144.1426086956522,575,非称重实测,,,,,,yes,Copyright © 2026 David YE
2293,383,JMV6553QRBEV,晶马牌,江西江铃集团晶马汽车有限公司,,纯电动多用途乘用车,77.28,,151.5294117647059,510,非称重实测,,,,,,yes,Copyright © 2026 David YE
2304,383,SC6481EBABEV,阿维塔（AVATR）牌,重庆长安汽车股份有限公司,长安,07,82.16,磷酸铁锂,129.1823899371069,636,非称重实测,,,,,,yes,Copyright © 2026 David YE
2305,383,SC6481ECABEV,阿维塔（AVATR）牌,重庆长安汽车股份有限公司,长安,07,82.16,磷酸铁锂,129.589905362776,634,非称重实测,,,,,,yes,Copyright © 2026 David YE
2307,383,SC6481GCABEV,长安牌,重庆长安汽车股份有限公司,长安,S07,79.97,三元锂,166.6041666666667,480,非称重实测,,,,,,yes,Copyright © 2026 David YE
2315,383,SVW6492LEV,大众汽车(VOLKSWAGEN)牌,上汽大众汽车有限公司,大众ID,ID.6 X,80.2,三元锂,167.0833333333333,480,非称重实测,,,,,,yes,Copyright © 2026 David YE
2316,383,SVW6493MEV,奥迪(AUDI)牌,上汽大众汽车有限公司,大众ID,Q5 e-tron,80.2,三元锂,167.0833333333333,480,非称重实测,,,,,,yes,Copyright © 2026 David YE
2317,383,SVW6493NEV,奥迪(AUDI)牌,上汽大众汽车有限公司,大众ID,Q5 e-tron,80.2,三元锂,167.0833333333333,480,非称重实测,,,,,,yes,Copyright © 2026 David YE
2320,383,TSL7000BEVBA5,特斯拉牌,特斯拉(上海)有限公司,,特斯拉 MODEL 3,78.4,三元锂,172.3076923076923,455,非称重实测,,,,,,yes,Copyright © 2026 David YE
2357,384,AHC6460BEVJ0A,埃安(AION)牌,广汽埃安新能源汽车股份有限公司,,V,75.26,磷酸铁锂,144.7307692307693,520,非称重实测,,,,,,yes,Copyright © 2026 David YE
2362,384,AHC6490BEVH0C,埃安(AION)牌,广汽埃安新能源汽车股份有限公司,,Hyper HT,80.062,三元锂,163.3918367346939,490,非称重实测,,,,,,yes,Copyright © 2026 David YE
2364,384,AHC6490BEVH0L,埃安(AION)牌,广汽埃安新能源汽车股份有限公司,,Hyper HT,80.062,三元锂,163.3918367346939,490,非称重实测,,,,,,yes,Copyright © 2026 David YE
2368,384,AHC6490BEVH0U,埃安(AION)牌,广汽埃安新能源汽车股份有限公司,,Hyper HT,83.326,磷酸铁锂,137.7289256198347,605,非称重实测,,,,,,yes,Copyright © 2026 David YE
2371,384,AHC7000BEVE0D,埃安(AION)牌,广汽埃安新能源汽车股份有限公司,,Hyper GT,80.062,三元锂,163.3918367346939,490,非称重实测,,,,,,yes,Copyright © 2026 David YE
2390,384,CSA6501LBEV6,智己牌,上海汽车集团股份有限公司,荣威,LS7,83,三元锂,169.7341513292434,489,非称重实测,,,,,,yes,Copyright © 2026 David YE
2394,384,EQ6535AL5F1BEV,岚图牌,东风汽车集团有限公司,东风风神,岚图梦想家,76.9,磷酸铁锂,141.360294117647,544,非称重实测,,,,,,yes,Copyright © 2026 David YE
2396,384,FV6469ACBEV,奥迪(AUDI)牌,一汽-大众汽车有限公司,,Q4,80.4,三元锂,167.5,480,非称重实测,,,,,,yes,Copyright © 2026 David YE
2397,384,FV6469ADBEV,奥迪(AUDI)牌,一汽-大众汽车有限公司,,Q4,80.4,三元锂,167.5,480,非称重实测,,,,,,yes,Copyright © 2026 David YE
2398,384,FZ6480BEV28,零跑牌,零跑汽车有限公司,零跑,C11,78.54,磷酸铁锂,134.2564102564103,585,非称重实测,,,,,,yes,Copyright © 2026 David YE
2401,384,HQ6475BEV03,精灵(smart)牌,浙江豪情汽车制造有限公司,吉利车型,精灵#5,76,磷酸铁锂,131.4878892733564,578,非称重实测,,,,,,yes,Copyright © 2026 David YE
2417,384,MR7005BEV27,吉利牌,浙江吉利汽车有限公司,吉利车型,银河 E8,76.4,磷酸铁锂,136.4285714285714,560,非称重实测,,,,,,yes,Copyright © 2026 David YE
2418,384,MR7005BEV28,吉利牌,浙江吉利汽车有限公司,吉利车型,银河 E8,76,磷酸铁锂,131.4878892733564,578,非称重实测,,,,,,yes,Copyright © 2026 David YE
2426,384,QCJ6460AHBEV1,方程豹牌,比亚迪汽车有限公司,比亚迪,方程豹豹3,78.72,磷酸铁锂,140.5714285714286,560,非称重实测,,,,,,yes,Copyright © 2026 David YE
2428,384,SVW7001EEV,大众汽车(VOLKSWAGEN)牌,上汽大众汽车有限公司,大众ID,ID.7 S,80.2,三元锂,167.0833333333333,480,非称重实测,,,,,,yes,Copyright © 2026 David YE
2432,384,VWA64702BEV2,大众汽车牌,大众汽车（安徽）有限公司,,ID.UNYX 与众,80.2,三元锂,157.2549019607843,510,非称重实测,,,,,,yes,Copyright © 2026 David YE
2433,384,VWA64703BEV2,大众汽车牌,大众汽车（安徽）有限公司,,ID.UNYX 与众,80.2,三元锂,157.2549019607843,510,非称重实测,,,,,,yes,Copyright © 2026 David YE
2481,385,MR6471BEV100,极氪牌,浙江吉利汽车有限公司,吉利车型,MIX,76.5,磷酸铁锂,126.4462809917355,605,非称重实测,,,,,,yes,Copyright © 2026 David YE
2484,385,MR6481BEV102,极氪牌,浙江吉利汽车有限公司,吉利车型,7X,75,磷酸铁锂,128.2051282051282,585,非称重实测,,,,,,yes,Copyright © 2026 David YE
2485,385,MR7001BEV104,极氪牌,浙江吉利汽车有限公司,吉利车型,7,75,磷酸铁锂,128.2051282051282,585,非称重实测,,,,,,yes,Copyright © 2026 David YE
2486,385,MR7001BEV105,极氪牌,浙江吉利汽车有限公司,吉利车型,7,75,磷酸铁锂,128.2051282051282,585,非称重实测,,,,,,yes,Copyright © 2026 David YE
2493,385,NHQ7000BEVKB,小鹏牌,肇庆小鹏新能源投资有限公司,,小鹏P7+,76.3,磷酸铁锂,134.5679012345679,567,非称重实测,,,,,,yes,Copyright © 2026 David YE
2496,385,SQR6500BEVEHY,奇瑞牌,奇瑞汽车股份有限公司,奇瑞,智界R7,79.934,三元锂离子+磷酸铁锰锂,163.7991803278689,488,非称重实测,,,,,,yes,Copyright © 2026 David YE
2499,385,SQR6500BEVEHY3,奇瑞牌,奇瑞汽车股份有限公司,奇瑞,智界R7,80.186,三元锂,171.7044967880086,467,非称重实测,,,,,,yes,Copyright © 2026 David YE
2501,385,SQR7000BEVEH37,奇瑞牌,奇瑞汽车股份有限公司,奇瑞,智界S7,80.186,三元锂,171.7044967880086,467,非称重实测,,,,,,yes,Copyright © 2026 David YE
2535,386,AHC7000BEVE0P,埃安(AION)牌,广汽埃安新能源汽车股份有限公司,,GT,83.326,磷酸铁锂,137.7289256198347,605,非称重实测,,,,,,yes,Copyright © 2026 David YE
2539,386,BMW7001ALEV,宝马(BMW)牌,华晨宝马汽车有限公司,宝马iX,创新纯电动BMW i5,81.6,三元锂,144.4247787610619,565,非称重实测,,,,,,yes,Copyright © 2026 David YE
2540,386,BMW7001AMEV,宝马(BMW)牌,华晨宝马汽车有限公司,宝马iX,创新纯电动BMW i5,81.6,三元锂,144.4247787610619,565,非称重实测,,,,,,yes,Copyright © 2026 David YE
2541,386,BMW7001ANEV,宝马(BMW)牌,华晨宝马汽车有限公司,宝马iX,创新纯电动BMW i5,81.6,三元锂,144.4247787610619,565,非称重实测,,,,,,yes,Copyright © 2026 David YE
2542,386,BMW7001APEV,宝马(BMW)牌,华晨宝马汽车有限公司,宝马iX,创新纯电动BMW i5,81.6,三元锂,144.4247787610619,565,非称重实测,,,,,,yes,Copyright © 2026 David YE
2543,386,BMW7001AQEV,宝马(BMW)牌,华晨宝马汽车有限公司,宝马iX,创新纯电动BMW i5,81.6,三元锂,144.4247787610619,565,非称重实测,,,,,,yes,Copyright © 2026 David YE
2544,386,BMW7001AREV,宝马(BMW)牌,华晨宝马汽车有限公司,宝马iX,创新纯电动BMW i5,81.6,三元锂,144.4247787610619,565,非称重实测,,,,,,yes,Copyright © 2026 David YE
2548,386,FV6498BBJBEV,大众牌,一汽-大众汽车有限公司,,ID.6 CROZZ,80.4,三元锂,167.5,480,非称重实测,,,,,,yes,Copyright © 2026 David YE
2549,386,FV6498BBKBEV,大众牌,一汽-大众汽车有限公司,,ID.6 CROZZ,80.4,三元锂,167.5,480,非称重实测,,,,,,yes,Copyright © 2026 David YE
2550,386,FV6498BCEBEV,大众牌,一汽-大众汽车有限公司,,ID.6 CROZZ,80.4,三元锂,167.5,480,非称重实测,,,,,,yes,Copyright © 2026 David YE
2554,386,JL6551BEV100,远程牌,浙江豪情汽车制造有限公司,吉利车型,SV,82.882,,144.1426086956522,575,非称重实测,,,,,,yes,Copyright © 2026 David YE
2601,387,AHC6460BEVJ0B,埃安(AION)牌,广汽埃安新能源汽车股份有限公司,,V,75.26,磷酸铁锂,144.7307692307693,520,非称重实测,,,,,,yes,Copyright © 2026 David YE
2608,387,BYD7009BEV11,比亚迪牌,比亚迪汽车工业有限公司,比亚迪汉,比亚迪汉,79.68,磷酸铁锂,149.4934333958724,533,非称重实测,,,,,,yes,Copyright © 2026 David YE
2612,387,JL6501BEV103,远程牌,浙江豪情汽车制造有限公司,吉利车型,幸福号,82.883,磷酸锰铁锂,169.1489795918367,490,非称重实测,,,,,,yes,Copyright © 2026 David YE
2613,387,JL6551BEV101,远程牌,浙江豪情汽车制造有限公司,吉利车型,SV,82.882,,144.1426086956522,575,非称重实测,,,,,,yes,Copyright © 2026 David YE
2622,387,NEQ6420BEVS59B,爱咖牌,奇瑞新能源汽车股份有限公司,,V23,81.76,三元锂,176.969696969697,462,非称重实测,,,,,,yes,Copyright © 2026 David YE
2631,387,THZ7000BEVS413,哪吒牌,合众新能源汽车股份有限公司,,"哪吒S,S",84.5,三元锂,177.5210084033613,476,非称重实测,,,,,,yes,Copyright © 2026 David YE
2657,388,CA6490H0EVC,红旗牌,中国第一汽车集团有限公司,红旗,纯电动多用途乘用车,85,磷酸铁锂,140.495867768595,605,非称重实测,,,,,,yes,Copyright © 2026 David YE
2658,388,CA6490H0EVXA,红旗牌,中国第一汽车集团有限公司,红旗,纯电动多用途乘用车,85,磷酸铁锂,140.495867768595,605,非称重实测,,,,,,yes,Copyright © 2026 David YE
2660,388,CA7009H0EVA,红旗牌,中国第一汽车集团有限公司,红旗,纯电动轿车,85,磷酸铁锂,141.4309484193012,601,非称重实测,,,,,,yes,Copyright © 2026 David YE
2673,388,JL6551BEV103,远程牌,浙江豪情汽车制造有限公司,吉利车型,纯电动多用途乘用车,82.883,磷酸锰铁锂,169.1489795918367,490,非称重实测,,,,,,yes,Copyright © 2026 David YE
2718,389,EQ6530AL5F1BEV,岚图牌,东风汽车集团有限公司,东风风神,纯电动多用途乘用车,76.9,磷酸铁锂,141.360294117647,544,非称重实测,,,,,,yes,Copyright © 2026 David YE
2721,389,HFC6511REV4C7,瑞风牌,安徽江淮汽车集团股份有限公司,江淮,纯电动多用途乘用车,76.544,磷酸铁锂,0,,,,,,,,yes,Copyright © 2026 David YE
2736,389,MR7001BEV109,吉利牌,浙江吉利汽车有限公司,吉利车型,纯电动轿车,75,磷酸铁锂,128.2051282051282,585,非称重实测,,,,,,yes,Copyright © 2026 David YE
2740,389,SQR6500BEVEHY4,奇瑞牌,奇瑞汽车股份有限公司,奇瑞,纯电动多用途乘用车,79.934,三元锂离子+磷酸铁锰锂,163.4642126789366,489,非称重实测,,,,,,yes,Copyright © 2026 David YE
2772,390,AHC6490BEVH1C,昊铂牌,广汽埃安新能源汽车股份有限公司,,HT,80.062,三元锂,163.3918367346939,490,非称重实测,,,,,,yes,Copyright © 2026 David YE
2774,390,AHC6490BEVH1L,昊铂牌,广汽埃安新能源汽车股份有限公司,,HT,80.062,三元锂,163.3918367346939,490,非称重实测,,,,,,yes,Copyright © 2026 David YE
2778,390,AHC6490BEVH1U,昊铂牌,广汽埃安新能源汽车股份有限公司,,HT,83.326,磷酸铁锂,137.7289256198347,605,非称重实测,,,,,,yes,Copyright © 2026 David YE
2783,390,AHC7000BEVE1D,昊铂牌,广汽埃安新能源汽车股份有限公司,,GT,80.062,三元锂,163.3918367346939,490,非称重实测,,,,,,yes,Copyright © 2026 David YE
2806,390,CA6482H0EVA,红旗牌,中国第一汽车集团有限公司,红旗,红旗天工06,85,磷酸铁锂,180,472.2,非称重实测,,,,,,yes,Copyright © 2026 David YE
2807,390,CA6482H0EVX,红旗牌,中国第一汽车集团有限公司,红旗,红旗天工06,85,,180,472.2,非称重实测,,,,,,yes,Copyright © 2026 David YE
2833,390,NHQ6481BEVFB,小鹏牌,肇庆小鹏新能源投资有限公司,,小鹏G6,80.8,储能单体种类：磷酸铁锂,128.0507131537242,631,非称重实测,,,,,,yes,Copyright © 2026 David YE
2834,390,NHQ6491BEVGA,小鹏牌,肇庆小鹏新能源投资有限公司,,小鹏G9,79,储能单体种类：磷酸铁锂,130.5785123966942,605,非称重实测,,,,,,yes,Copyright © 2026 David YE
2837,390,QCJ6460AHBEV2,方程豹牌,比亚迪汽车有限公司,比亚迪,方程豹钛3,78.72,储能单体种类：磷酸铁锂,140.5714285714286,560,非称重实测,,,,,,yes,Copyright © 2026 David YE
2886,391,AHC7000BEVE1P,昊铂牌,广汽埃安新能源汽车股份有限公司,,GT,83.326,磷酸铁锂,137.7289256198347,605,非称重实测,,,,,,yes,Copyright © 2026 David YE
2896,391,BYD7002ACBEV4,比亚迪牌,比亚迪汽车有限公司,比亚迪,比亚迪汉L​​,83.212,磷酸铁锂,130.01875,640,非称重实测,,,,,,yes,Copyright © 2026 David YE
2897,391,BYD7002ACBEV5,比亚迪牌,比亚迪汽车有限公司,比亚迪,比亚迪汉L,83.212,磷酸铁锂,130.01875,640,非称重实测,,,,,,yes,Copyright © 2026 David YE
2899,391,CA6490H0EVC,红旗牌,中国第一汽车集团有限公司,,红旗EHS7,85,磷酸铁锂,140.495867768595,605,非称重实测,,,,,,yes,Copyright © 2026 David YE
2900,391,CA6490H0EVXA,红旗牌,中国第一汽车集团有限公司,,红旗EHS7,85,磷酸铁锂,140.495867768595,605,非称重实测,,,,,,yes,Copyright © 2026 David YE
2913,391,MR7001BEV101,极氪牌,浙江吉利汽车有限公司,吉利车型,007GT,75,磷酸铁锂,128.2051282051282,585,非称重实测,,,,,,yes,Copyright © 2026 David YE
2915,391,MR7001BEV103,极氪牌,浙江吉利汽车有限公司,吉利车型,007GT,75,磷酸铁锂,128.2051282051282,585,非称重实测,,,,,,yes,Copyright © 2026 David YE
2918,391,NEQ6420BEVS59E,爱咖牌,奇瑞新能源汽车股份有限公司,,V23,81.76,三元锂,176.969696969697,462,非称重实测,,,,,,yes,Copyright © 2026 David YE
2920,391,NHQ6490BEVMB,小鹏牌,肇庆小鹏新能源投资有限公司,,小鹏G7,80.8,磷酸铁锂,128.0507131537242,631,非称重实测,,,,,,yes,Copyright © 2026 David YE
2931,391,TSL6480BEVBA7,特斯拉牌,特斯拉(上海)有限公司,,特斯拉 MODEL Y,78.4,三元锂,172.3076923076923,455,非称重实测,,,,,,yes,Copyright © 2026 David YE
2973,392,CSA7002EBEV8,智己牌,上海汽车集团股份有限公司,荣威,L6,83,三元锂,174.3697478991596,476,非称重实测,,,,,,yes,Copyright © 2026 David YE
2983,392,JL6501BEV105,远程牌,浙江豪情汽车制造有限公司,吉利车型,SV,82.883,磷酸锰铁锂,169.1489795918367,490,非称重实测,,,,,,yes,Copyright © 2026 David YE
2986,392,NEQ6420BEVS59G,爱咖牌,奇瑞新能源汽车股份有限公司,,V23,81.76,三元锂,176.969696969697,462,非称重实测,,,,,,yes,Copyright © 2026 David YE
3045,393,JL6501BEV104,远程牌,浙江豪情汽车制造有限公司,吉利车型,SV,82.883,磷酸锰铁锂,169.1489795918367,490,非称重实测,,,,,,yes,Copyright © 2026 David YE
3055,393,SGM6491BFBEV,别克牌,上汽通用汽车有限公司,别克微蓝,ELECTRA E5,76.8,磷酸铁锂,143.2835820895523,536,非称重实测,,,,,,yes,Copyright © 2026 David YE
3082,394,BYD6480AABEV2,比亚迪牌,比亚迪汽车有限公司,比亚迪,比亚迪海狮06,78.72,磷酸铁锂,140.5714285714286,560,非称重实测,,,,,,yes,Copyright © 2026 David YE
3083,394,BYD6480AABEV3,比亚迪牌,比亚迪汽车有限公司,比亚迪,比亚迪海狮06,78.72,磷酸铁锂,140.0711743772242,562,非称重实测,,,,,,yes,Copyright © 2026 David YE
3088,394,FZ6490BEVC16J,零跑牌,零跑汽车有限公司,零跑C16,C16,81.9,磷酸铁锂,143.6842105263158,570,非称重实测,,,,,,yes,Copyright © 2026 David YE
3089,394,FZ6490BEVC16K,零跑牌,零跑汽车有限公司,零跑C16,C16,81.9,磷酸铁锂,143.6842105263158,570,非称重实测,,,,,,yes,Copyright © 2026 David YE
3090,394,FZ6490BEVC16L,零跑牌,零跑汽车有限公司,零跑C16,C16,81.9,磷酸铁锂,143.6842105263158,570,非称重实测,,,,,,yes,Copyright © 2026 David YE
3105,394,QCJ7000AFBEV2,仰望牌,比亚迪汽车工业有限公司,比亚迪,仰望U9,80,,126.3823064770932,633,非称重实测,,,,,,yes,Copyright © 2026 David YE
3128,395,BMW7000AHEV,宝马(BMW)牌,华晨宝马汽车有限公司,新纯电动BMW i3,新纯电动BMW i3,79.05,三元锂,140.4085257548846,563,非称重实测,,,,,,yes,Copyright © 2026 David YE
3134,395,CAM6481BABEV,马自达牌,长安马自达汽车有限公司,EZ-60,EZ-60,77.947,磷酸铁锂,141.7218181818182,550,非称重实测,,,,,,yes,Copyright © 2026 David YE
3135,395,CSA6492LBEVC,智己牌,上海汽车集团股份有限公司,LS6,LS6,76.5,磷酸铁锂,143.5272045028142,533,非称重实测,,,,,,yes,Copyright © 2026 David YE
3140,395,DFL6480NE31BEV,岚图牌,岚图汽车科技有限公司,"岚图FREE,岚图知音","岚图FREE,岚图知音",78.8,磷酸铁锂,141.7897480451781,555.8,非称重实测,,,,,,yes,Copyright © 2026 David YE
3141,395,DFL6480NN31BEV,岚图牌,岚图汽车科技有限公司,"岚图FREE,岚图知音","岚图FREE,岚图知音",78.7,磷酸铁锂,139.4871794871795,564.2,非称重实测,,,,,,yes,Copyright © 2026 David YE
3145,395,FZ6480BEV29,零跑牌,零跑汽车有限公司,C11,C11,81.9,磷酸铁锂,142.4347826086957,575,非称重实测,,,,,,yes,Copyright © 2026 David YE
3146,395,FZ6480BEV30,零跑牌,零跑汽车有限公司,C11,C11,81.9,磷酸铁锂,142.4347826086957,575,非称重实测,,,,,,yes,Copyright © 2026 David YE
3172,395,SVW700331BEV,奥迪(AUDI)牌,上汽大众汽车有限公司,E5 Sportback,E5 Sportback,76.2,磷酸铁锂,140.8502772643253,541,非称重实测,,,,,,yes,Copyright © 2026 David YE
3173,395,SVW700332BEV,奥迪(AUDI)牌,上汽大众汽车有限公司,E5 Sportback,E5 Sportback,76.2,磷酸铁锂,140.8502772643253,541,非称重实测,,,,,,yes,Copyright © 2026 David YE
3174,395,SVW700333BEV,奥迪(AUDI)牌,上汽大众汽车有限公司,E5 Sportback,E5 Sportback,83.3,三元锂,182.2757111597374,457,非称重实测,,,,,,yes,Copyright © 2026 David YE
3295,398,AHC6460BEVJ0K,埃安(AION),,V,,75.26,磷酸铁锂蓄电池,150,501.7,非称重实测,,,,,,yes,Copyright © 2026 David YE
3299,398,AHC6470BEVJ0S,埃安(AION),,i60,,75.26,磷酸铁锂蓄电池,150,501.7,非称重实测,,,,,,yes,Copyright © 2026 David YE
3303,398,BJ6480A503BEV,极狐(ARCFOX)牌,北汽蓝谷麦格纳汽车有限公司,极狐αT5,,79.2,三元锂离子蓄电池,170,465.9,非称重实测,,,,,,yes,Copyright © 2026 David YE
3317,398,FZ6480BEV33,零跑牌,零跑汽车有限公司,C11,,81.9,磷酸铁锂蓄电池,180,455,非称重实测,,,,,,yes,Copyright © 2026 David YE
3322,398,MR6481BEV103,极氪牌,浙江极氪智能科技有限公司,7X,,75,磷酸铁锂锂离子电池,150,500,非称重实测,,,,,,yes,Copyright © 2026 David YE
3326,398,MR7001BEV123,吉利牌,浙江吉利汽车有限公司,银河星耀8,,79.1,磷酸铁锂电池,175,452,非称重实测,,,,,,yes,Copyright © 2026 David YE
3396,399,AHC7000BEVE2P,昊铂牌,广汽埃安新能源汽车股份有限公司,昊铂GT,,83.326,磷酸铁锂蓄电池,180,462.9,非称重实测,,,,,,yes,Copyright © 2026 David YE
3487,400,AHC6460BEVJ0U,埃安(AION),,埃安R2,,75.26,磷酸铁锂蓄电池,150,501.7,非称重实测,,,,,,yes,Copyright © 2026 David YE
3504,400,NHQ6481BEVFD,小鹏牌,广州小鹏汽车科技有限公司,小鹏G6,,80.8,磷酸铁锂蓄电池,180,448.9,非称重实测,,,,,,yes,Copyright © 2026 David YE
3505,400,NHQ6491BEVGD,小鹏牌,广州小鹏汽车科技有限公司,小鹏G9,,79,磷酸铁锂蓄电池,150,526.7,非称重实测,,,,,,yes,Copyright © 2026 David YE
3510,400,SC6480AAAQBEV,长安牌,重庆长安汽车股份有限公司,长安深蓝S07,,77.94,磷酸铁锂蓄电池,150,519.6,非称重实测,,,,,,yes,Copyright © 2026 David YE
3513,400,TSL6480BEVBR0,特斯拉牌,特斯拉(上海)有限公司,特斯拉Model Y+,,78.4,三元锂离子电池,170,461.2,非称重实测,,,,,,yes,Copyright © 2026 David YE
3567,401,AHC6470BEVJ0T,埃安(AION),,埃安i60,,75.26,磷酸铁锂蓄电池,150,501.7,非称重实测,,,,,,yes,Copyright © 2026 David YE
3602,401,VWA65012BEV1,大众汽车牌,,大众与众08,,82.368,磷酸铁锂蓄电池,180,457.6,非称重实测,,,,,,yes,Copyright © 2026 David YE
3677,402,AHC6460BEVJ0X,埃安(AION),,埃安R2,,75.26,磷酸铁锂蓄电池,150,501.7,非称重实测,,,,,,yes,Copyright © 2026 David YE
3681,402,AHC6500BEVH0A,昊铂牌,广汽埃安新能源汽车股份有限公司,昊铂S600,,83.326,磷酸铁锂蓄电池,180,462.9,非称重实测,,,,,,yes,Copyright © 2026 David YE
3686,402,BYD6480AMBEV1,比亚迪牌,比亚迪汽车工业有限公司,海狮06 EV,,75.616,磷酸铁锂蓄电池,150,504.1,非称重实测,,,,,,yes,Copyright © 2026 David YE
3687,402,BYD6480AMBEV2,比亚迪牌,比亚迪汽车工业有限公司,海狮06 EV,,82.732,磷酸铁锂蓄电池,150,551.5,非称重实测,,,,,,yes,Copyright © 2026 David YE
3702,402,DFL6490NNJ2BEV,东风日产牌,,东风日产NX8,,81,磷酸铁锂蓄电池,180,450,非称重实测,,,,,,yes,Copyright © 2026 David YE
3718,402,QCJ6460AHBEV6,方程豹牌,比亚迪汽车有限公司,方程豹钛3 EV,,75.616,磷酸铁锂蓄电池,150,504.1,非称重实测,,,,,,yes,Copyright © 2026 David YE
3719,402,QCJ6460AHBEV7,方程豹牌,比亚迪汽车有限公司,方程豹钛3 EV,,75.616,磷酸铁锂蓄电池,150,504.1,非称重实测,,,,,,yes,Copyright © 2026 David YE
3728,402,SC7000AABTBEV,长安牌,重庆长安汽车股份有限公司,长安深蓝L07,,77.94,磷酸铁锂蓄电池,175,445.4,非称重实测,,,,,,yes,Copyright © 2026 David YE
3844,403, BJ7001A51DBEV ,,, αS5 ,,79.2,,160,495,非称重实测,,,,,,yes,Copyright © 2026 David YE
3849,403, BYD6480AMBEV3 ,,, 比亚迪海狮06 ,,75.616,,160,472.6,非称重实测,,,,,,yes,Copyright © 2026 David YE
3850,403, BYD6480CDBEV1 ,,," 比亚迪宋Ultra,比亚迪大宋 ",,75.616,,160,472.6,非称重实测,,,,,,yes,Copyright © 2026 David YE
3851,403, BYD6480CDBEV2 ,,," 比亚迪宋Ultra,比亚迪大宋 ",,82.732,,180,459.6,非称重实测,,,,,,yes,Copyright © 2026 David YE
3869,403, QCJ6460AHBEV10 ,,, 方程豹钛3 ,,75.616,,160,472.6,非称重实测,,,,,,yes,Copyright © 2026 David YE
3870,403, QCJ6460AHBEV9 ,,, 方程豹钛3 ,,75.616,,160,472.6,非称重实测,,,,,,yes,Copyright © 2026 David YE
3906,403,FZ6530REEVWD19C,零跑牌,零跑汽车有限公司,零跑D19,,80.3,磷酸铁锂蓄电池,180,446.1,非称重实测,,,,,,yes,Copyright © 2026 David YE
3929,404,BYD6480AMBEV4,比亚迪牌,比亚迪汽车工业有限公司,海狮06,,82.732,磷酸铁锂蓄电池,150,551.5,非称重实测,,,,,,yes,Copyright © 2026 David YE
3970,404,VCD7005F041BEV,沃尔沃牌,亚欧汽车制造(台州)有限公司,沃尔沃ES90,,77,磷酸铁锂蓄电池,180,427.8,非称重实测,,,,,,yes,Copyright © 2026 David YE
3981,404,CC6530DC21BPHEV,魏牌,长城汽车股份有限公司,魏牌V9X,,77.7,镍钴锰三元锂蓄电池,170,457.1,非称重实测,,,,,,yes,Copyright © 2026 David YE
4025,405,CSA7008BBEV4,尚界牌,,尚界Z7,,81.081,磷酸铁锂电池,,,,,,,,,yes,Copyright © 2026 David YE
4026,405,CSA7008BBEV5,尚界牌,,尚界Z7,,81.081,磷酸铁锂电池,,,,,,,,,yes,Copyright © 2026 David YE
4034,405,MR7002BEV106,领克牌,,领克10,,77.17,磷酸铁锂电池,,,,,,,,,yes,Copyright © 2026 David YE
4035,405,MR7002BEV107,领克牌,,领克10,,77.17,磷酸铁锂电池,,,,,,,,,yes,Copyright © 2026 David YE
4055,405,FZ6530REEVWD19D,零跑牌,,零跑D19,,80.3,磷酸铁锂蓄电池,,,,,,,,,yes,Copyright © 2026 David YE
4056,405,FZ6530REEVWD99B,零跑牌,,零跑D99,,80.3,磷酸铁锂蓄电池,,,,,,,,,yes,Copyright © 2026 David YE
4062,405,QCJ6520AP6HEV3,腾势牌,,腾势N8L,,75.264,磷酸铁锂蓄电池,,,,,,,,,yes,Copyright © 2026 David YE
4065,405,QCJ6530ABHEV3,腾势牌,,腾势N9,,75.264,磷酸铁锂蓄电池,,,,,,,,,yes,Copyright © 2026 David YE
4067,405,SKE6530DREEVA2F,问界牌,,问界M9,,75.408,三元锂离子蓄电池,,,,,,,,,yes,Copyright © 2026 David YE
4087,406,BYD7000AZBEV3,比亚迪牌,,比亚迪海豹08,,76.744,磷酸铁锂蓄电池,142.38,539,非称重实测,,,,,,yes,Copyright © 2026 David YE
4095,406,CSA7002EBEVE,智己牌,,智己L6,,76.5,磷酸铁锂电池,,,,,,,,,yes,Copyright © 2026 David YE
4098,406,FZ6470BEVC10P,零跑牌,,零跑C10,,81.9,磷酸铁锂蓄电池,,,,,,,,,yes,Copyright © 2026 David YE
4099,406,FZ6470BEVC10R,零跑牌,,零跑C10,,81.9,磷酸铁锂蓄电池,,,,,,,,,yes,Copyright © 2026 David YE
4100,406,FZ6490BEVC16T,零跑牌,,零跑C16,,81.9,磷酸铁锂蓄电池,,,,,,,,,yes,Copyright © 2026 David YE
4101,406,FZ6490BEVC16U,零跑牌,,零跑C16,,81.9,磷酸铁锂蓄电池,143.68,570,非称重实测,,,,,,yes,Copyright © 2026 David YE
4116,406,SC6480AAAWBEV,长安牌,,长安启源Q06,,80.02,磷酸铁锂蓄电池,,,,,,,,,yes,Copyright © 2026 David YE
4117,406,SC6480AAAXBEV,长安牌,,长安启源Q06,,80.02,磷酸铁锂蓄电池,,,,,,,,,yes,Copyright © 2026 David YE
4165,407,CSA6492LBEVG,智己牌,,智己LS6,,76.5,磷酸铁锂蓄电池,,,,,,,,,yes,Copyright © 2026 David YE
4169,407,DFM6500S5F6BEV,东风牌,,东风奕派M8,,77.38,,145.45,532,非称重实测,,,,,,yes,Copyright © 2026 David YE
4172,407,EQ6500AG5F1BEV,岚图牌,,岚图追光S,,78.8181,磷酸铁锂蓄电池,,,,,,,,,yes,Copyright © 2026 David YE
4183,407,FZ6490BEVC16T,零跑牌,,零跑C16,,81.9,磷酸铁锂蓄电池,,,,,,,,,yes,Copyright © 2026 David YE
4195,407,MR7001BEV135,吉利牌,,吉利银河A8/TT,,75.2,磷酸铁锂电池,,,,,,,,,yes,Copyright © 2026 David YE
4197,407,MR7001BEV137,吉利牌,,吉利银河A8/TT,,75.2,磷酸铁锂电池,140.04,537,非称重实测,,,,,,yes,Copyright © 2026 David YE
4210,407,SGM7000MBBEV,别克(BUICK),,别克至境L7,,80.6,磷酸铁锂蓄电池,143.42,562,非称重实测,,,,,,yes,Copyright © 2026 David YE
4253,407,SKE6540DREEVA3F,问界牌,,问界M9,,75.408,三元锂离子蓄电池,,,,,,,,,yes,Copyright © 2026 David YE
4259,408,BJ6500A60BEV,极狐(ARCFOX)牌,,极狐αT7,,81.9,磷酸铁锂蓄电池,145.21,564,非称重实测,,,,,,yes,Copyright © 2026 David YE
4272,408,EQ6502AG5F1BEV,岚图牌,,岚图追光S,,78.7181,磷酸铁锂蓄电池,,,,,,,,,yes,Copyright © 2026 David YE
4288,408,QCJ7000ARBEV1,腾势牌,,腾势Z,,76.032,磷酸铁锂蓄电池,,,,,,,,,yes,Copyright © 2026 David YE
4289,408,QCJ7000ARBEV2,腾势牌,,腾势Z,,76.032,磷酸铁锂蓄电池,,,,,,,,,yes,Copyright © 2026 David YE
4290,408,QCJ7000ARBEV3,腾势牌,,腾势Z,,76.032,磷酸铁锂蓄电池,,,,,,,,,yes,Copyright © 2026 David YE
4293,408,QCJ7000ATBEV3,方程豹牌,,方程豹方程S,,76.744,磷酸铁锂蓄电池,142.38,539,非称重实测,,,,,,yes,Copyright © 2026 David YE
4303,408,SKE6501DBEVR2,问界牌,,问界M6,,81.0434,磷酸铁锂蓄电池,,,,,,,,,yes,Copyright © 2026 David YE
4304,408,SKE6501DBEVR3,问界牌,,问界M6,,81.1131,磷酸铁锂蓄电池,,,,,,,,,yes,Copyright © 2026 David YE
4306,408,SQR6500BEVEHX,智界牌,,智界RX,,81.11378,磷酸铁锂蓄电池,,,,,,,,,yes,Copyright © 2026 David YE
4313,408,BJ6540K901RSHEV,享界牌,,享界G9,,75.4,三元锂离子电池,181.2,416.1,非称重实测,,,,,,yes,Copyright © 2026 David YE
4337,408,SKE6540DREEVA2F,问界牌,,问界M9,,75.408,三元锂离子蓄电池,,,,,,,,,yes,Copyright © 2026 David YE
4361,409,SQR6500BEVEHY6,智界牌,奇瑞汽车股份有限公司,,,81.1,磷酸铁锂蓄电池,141,575.2,非称重实测,,,,,,yes,Copyright © 2026 David YE
4370,409,JX6511TA-L6BEV,江铃牌,江铃汽车股份有限公司,,,83.66,磷酸铁锂蓄电池,149.4,560,非称重实测,,,,,,yes,Copyright © 2026 David YE
4371,409,JX6541TB-L6BEV,江铃牌,江铃汽车股份有限公司,,,83.66,磷酸铁锂蓄电池,149.4,560,非称重实测,,,,,,yes,Copyright © 2026 David YE
4372,409,JX6511TB-L6BEV,江铃牌,江铃汽车股份有限公司,,,83.66,磷酸铁锂蓄电池,149.4,560,非称重实测,,,,,,yes,Copyright © 2026 David YE
4377,409,BJ6500A602BEV,极狐(ARCFOX)牌,北汽蓝谷麦格纳汽车有限公司,,,75.4,磷酸铁锂蓄电池,155.1,486.1,非称重实测,,,,,,yes,Copyright © 2026 David YE
4378,409,BJ6500A603BEV,极狐(ARCFOX)牌,北汽蓝谷麦格纳汽车有限公司,,,84.8,磷酸铁锂蓄电池,154.5,548.9,非称重实测,,,,,,yes,Copyright © 2026 David YE
4382,409,FV6485BABEV,大众牌,一汽-大众汽车有限公司,,,77.5,磷酸铁锂蓄电池,142.7,543.1,非称重实测,,,,,,yes,Copyright © 2026 David YE
4392,409,BYD6480CDBEV5,比亚迪牌,比亚迪汽车工业有限公司,,,82.732,磷酸铁锂蓄电池,144.8,571.4,非称重实测,,,,,,yes,Copyright © 2026 David YE
4398,409,TSL6480BEVBA6,特斯拉牌,特斯拉(上海)有限公司,,,78.4,三元锂离子电池,175,448,非称重实测,,,,,,yes,Copyright © 2026 David YE
4417,409,XMA6500KREEVA1,小米牌,小米汽车科技有限公司,,,76,三元锂离子电池,190,400,非称重实测,,,,,,yes,Copyright © 2026 David YE
4422,409,BJ6530K815RSHEV,享界牌,北京新能源汽车股份有限公司,,,75.4,三元锂离子蓄电池,181.2,416.1,非称重实测,,,,,,yes,Copyright © 2026 David YE
4425,409,SKE6522DREEVA2F,问界牌,赛力斯汽车有限公司,,,75.408,三元锂离子蓄电池.储能装置单体生产企业:江苏时代新能源科技有限公司,181.3,415.9,非称重实测,,,,,,yes,Copyright © 2026 David YE
4427,409,XMA6530KREEVA1,小米牌,小米汽车科技有限公司,,,76,三元锂离子电池,190,400,非称重实测,,,,,,yes,Copyright © 2026 David YE
4434,409,QCJ7000ANBEV3,腾势牌,比亚迪汽车工业有限公司,,,81.861,磷酸铁锂蓄电池,134,610.9,非称重实测,,,,,,yes,Copyright © 2026 David YE
4439,409,SC7000AACRBEV,长安牌,重庆长安汽车股份有限公司,,,80.02,磷酸铁锂蓄电池,141.4,565.9,非称重实测,,,,,,yes,Copyright © 2026 David YE
