brand,capacity_kwh,chemistry,system_density_wh_kg,target_rows,derived_pack_mass_kg,derived_mass_status,batches,enterprises,sample_vehicle_models,direct_evidence_needed,copyright
大众牌,80.4,三元锂,167.5,12,480,非称重实测,379|381|382|386,一汽-大众汽车有限公司,FV6465BBCBEV|FV6465BCDBEV|FV6498BBGBEV|FV6498BBHBEV|FV6498BCDBEV|FV6465BDBEV|FV6465BEBEV|FV7007ACBEV|FV7007ADBEV|FV6498BBJBEV|FV6498BBKBEV|FV6498BCEBEV,supplier|exact_voltage|pack_LxWxH,Copyright © 2026 David YE
红旗牌,85,磷酸铁锂,140.495867768595,10,605,非称重实测,380|383|388|391,中国第一汽车集团有限公司,CA7001H0EVC|CA7001H0EVD|CA7001H0EVXC|CA7001H0EVXD|CA6490H0EVD|CA6490H0EVXD|CA6490H0EVC|CA6490H0EVXA,supplier|exact_voltage|pack_LxWxH,Copyright © 2026 David YE
极星牌,78,三元锂,157.5,8,495.2,非称重实测,343|344,浙江豪情汽车制造有限公司,VCC7002F03VBEV|VCC7002F04VBEV|VCC7002F05VBEV|VCC7002F07VBEV,supplier|exact_voltage|pack_LxWxH,Copyright © 2026 David YE
大众牌,84.8,三元锂,165,7,513.9,非称重实测,347|348|350|357,一汽-大众汽车有限公司,FV6465BBABEV|FV6465BCABEV|FV6498BBABEV|FV6498BBDBEV|FV6498BCABEV|FV6465BCBBEV|FV6498BCBBEV,supplier|exact_voltage|pack_LxWxH,Copyright © 2026 David YE
大众汽车(VOLKSWAGEN)牌,80.2,三元锂,167.0833333333333,6,480,非称重实测,378|380|382|383|384,上汽大众汽车有限公司,SVW6492NEV|SVW7001DEV|SVW7001FEV|SVW6461JEV|SVW6492LEV|SVW7001EEV,supplier|exact_voltage|pack_LxWxH,Copyright © 2026 David YE
宝马(BMW)牌,79.05,三元锂,170,6,465,非称重实测,360|374|375,华晨宝马汽车有限公司,BMW7000ABEV|BMW7000AEEV|BMW7000AFEV|BMW7001AAEV|BMW7001ABEV|BMW7001ACEV,supplier|exact_voltage|pack_LxWxH,Copyright © 2026 David YE
宝马(BMW)牌,81.6,三元锂,144.4247787610619,6,565,非称重实测,386,华晨宝马汽车有限公司,BMW7001ALEV|BMW7001AMEV|BMW7001ANEV|BMW7001APEV|BMW7001AQEV|BMW7001AREV,supplier|exact_voltage|pack_LxWxH,Copyright © 2026 David YE
玛斯丹(MUSTANG)牌,80.3,三元锂,180,6,446.1,非称重实测,363|364,长安福特汽车有限公司,CAF6470B2BEV|CAF6470B3BEV|CAF6470B4BEV,supplier|exact_voltage|pack_LxWxH,Copyright © 2026 David YE
赛力斯牌,79.927,磷酸铁锂,150,6,532.8,非称重实测,363|365|371,赛力斯汽车有限公司,SKE6470SBEVA5S|SKE6470SBEVR2|SKE6480SBEVA1S|SKE6480SBEVR1,supplier|exact_voltage|pack_LxWxH,Copyright © 2026 David YE
埃安(AION),75.26,磷酸铁锂蓄电池,150,5,501.7,非称重实测,398|400|401|402,,AHC6460BEVJ0K|AHC6470BEVJ0S|AHC6460BEVJ0U|AHC6470BEVJ0T|AHC6460BEVJ0X,supplier|exact_voltage|pack_LxWxH,Copyright © 2026 David YE
大众汽车(VOLKSWAGEN)牌,80.2,三元锂,180,5,445.6,非称重实测,376,上汽大众汽车有限公司,SVW6461FEV|SVW6461GEV|SVW6492FEV|SVW6492GEV|SVW6492HEV,supplier|exact_voltage|pack_LxWxH,Copyright © 2026 David YE
大众牌,80.4,三元锂,180,5,446.7,非称重实测,376,一汽-大众汽车有限公司,FV6465BBBBEV|FV6465BCCBEV|FV6498BBEBEV|FV6498BBFBEV|FV6498BCCBEV,supplier|exact_voltage|pack_LxWxH,Copyright © 2026 David YE
大通牌,77,,160,5,481.3,非称重实测,362|365|370|373,上汽大通汽车有限公司|南京汽车集团有限公司,SH6531T1BEV-8|SH6531T1SEV-9|SH6491N1BEV-8|NJ6500FBEV71T|NJ6540FBEV71T,supplier|exact_voltage|pack_LxWxH,Copyright © 2026 David YE
极氪牌,75,磷酸铁锂,128.2051282051282,5,585,非称重实测,385|391,浙江吉利汽车有限公司,MR6481BEV102|MR7001BEV104|MR7001BEV105|MR7001BEV101|MR7001BEV103,supplier|exact_voltage|pack_LxWxH,Copyright © 2026 David YE
,75.616,,160,4,472.6,非称重实测,403,, BYD6480AMBEV3 | BYD6480CDBEV1 | QCJ6460AHBEV10 | QCJ6460AHBEV9 ,supplier|exact_voltage|pack_LxWxH,Copyright © 2026 David YE
别克(BUICK)牌,79.7,三元锂,170,4,468.8,非称重实测,369|370,上汽通用汽车有限公司,SGM6491BBBEV|SGM6491BCBEV|SGM7002BBBEV|SGM7002BCBEV,supplier|exact_voltage|pack_LxWxH,Copyright © 2026 David YE
奥迪(AUDI)牌,83.4,三元锂,175,4,476.6,非称重实测,347|359,上汽大众汽车有限公司,SVW6493CEV|SVW6493DEV|SVW6493EEV|SVW6493FEV,supplier|exact_voltage|pack_LxWxH,Copyright © 2026 David YE
奥迪(AUDI)牌,80.4,三元锂,167.5,4,480,非称重实测,379|384,一汽-大众汽车有限公司,FV6469AABBEV|FV6469ABCBEV|FV6469ACBEV|FV6469ADBEV,supplier|exact_voltage|pack_LxWxH,Copyright © 2026 David YE
宝马(BMW)牌,79.05,三元锂,140.4085257548846,4,563,非称重实测,378|395,华晨宝马汽车有限公司,BMW7001ADEV|BMW7001AEEV|BMW7001AFEV|BMW7000AHEV,supplier|exact_voltage|pack_LxWxH,Copyright © 2026 David YE
欧拉牌,83.49,三元锂,180,4,463.8,非称重实测,366|368,日照魏牌汽车有限公司,CW7000BH01NBBEV|CW7000BH21NCBEV,supplier|exact_voltage|pack_LxWxH,Copyright © 2026 David YE
比亚迪牌,80.64,磷酸铁锂,146.0869565217392,4,552,非称重实测,379|381,比亚迪汽车有限公司,BYD6486SBEV1|BYD6486SBEV2|BYD7006BEVA10|BYD7006BEVA8,supplier|exact_voltage|pack_LxWxH,Copyright © 2026 David YE
远程牌,82.882,,144.1426086956522,4,575,非称重实测,382|383|386|387,浙江豪情汽车制造有限公司,JL6551BEV03|JL6501BEV03|JL6551BEV100|JL6551BEV101,supplier|exact_voltage|pack_LxWxH,Copyright © 2026 David YE
远程牌,82.883,磷酸锰铁锂,169.1489795918367,4,490,非称重实测,387|388|392|393,浙江豪情汽车制造有限公司,JL6501BEV103|JL6551BEV103|JL6501BEV105|JL6501BEV104,supplier|exact_voltage|pack_LxWxH,Copyright © 2026 David YE
零跑牌,81.9,磷酸铁锂蓄电池,,4,,,406|407,,FZ6470BEVC10P|FZ6470BEVC10R|FZ6490BEVC16T,supplier|exact_voltage|pack_LxWxH,Copyright © 2026 David YE
埃安(AION)牌,80.062,三元锂,180,3,444.8,非称重实测,371|375|376,广汽乘用车有限公司,GAM7000BEVE0D|GAM6490BEVH0C|GAM6490BEVH0L,supplier|exact_voltage|pack_LxWxH,Copyright © 2026 David YE
埃安(AION)牌,83.326,磷酸铁锂,137.7289256198347,3,605,非称重实测,382|384|386,广汽乘用车有限公司|广汽埃安新能源汽车股份有限公司,GAM6490BEVH0U|AHC6490BEVH0U|AHC7000BEVE0P,supplier|exact_voltage|pack_LxWxH,Copyright © 2026 David YE
埃安(AION)牌,75.26,磷酸铁锂,144.7307692307693,3,520,非称重实测,383|384|387,广汽乘用车有限公司|广汽埃安新能源汽车股份有限公司,GAM6460BEVJ0A|AHC6460BEVJ0A|AHC6460BEVJ0B,supplier|exact_voltage|pack_LxWxH,Copyright © 2026 David YE
埃安(AION)牌,80.062,三元锂,163.3918367346939,3,490,非称重实测,384,广汽埃安新能源汽车股份有限公司,AHC6490BEVH0C|AHC6490BEVH0L|AHC7000BEVE0D,supplier|exact_voltage|pack_LxWxH,Copyright © 2026 David YE
大众,83.4,三元锂,175,3,476.6,非称重实测,341|343,上汽大众汽车有限公司,SVW6461CEV|SVW6492BEV|SVW6492CEV,supplier|exact_voltage|pack_LxWxH,Copyright © 2026 David YE
大众汽车(VOLKSWAGEN)牌,83.4,三元锂,175,3,476.6,非称重实测,357,上汽大众汽车有限公司,SVW6461EEV|SVW6492DEV|SVW6492EEV,supplier|exact_voltage|pack_LxWxH,Copyright © 2026 David YE
大众牌,84.8,三元锂,175,3,484.6,非称重实测,342|343,一汽-大众汽车有限公司,FV6465BCBEV|FV6498BBBEV|FV6498BCBEV,supplier|exact_voltage|pack_LxWxH,Copyright © 2026 David YE
大运牌,81.05,三元锂,180,3,450.3,非称重实测,376|377,成都大运汽车集团有限公司,CGC7000BEV2J9|CGC6521BEV2S3|CGC6521BEV2S4,supplier|exact_voltage|pack_LxWxH,Copyright © 2026 David YE
奥迪(AUDI)牌,84.8,三元锂,165,3,513.9,非称重实测,354|357,一汽-大众汽车有限公司,FV6469AABEV|FV6469ABBEV|FV6469ABABEV,supplier|exact_voltage|pack_LxWxH,Copyright © 2026 David YE
奥迪(AUDI)牌,80.2,三元锂,180,3,445.6,非称重实测,376,上汽大众汽车有限公司,SVW6493GEV|SVW6493HEV|SVW6493JEV,supplier|exact_voltage|pack_LxWxH,Copyright © 2026 David YE
昊铂牌,80.062,三元锂,163.3918367346939,3,490,非称重实测,390,广汽埃安新能源汽车股份有限公司,AHC6490BEVH1C|AHC6490BEVH1L|AHC7000BEVE1D,supplier|exact_voltage|pack_LxWxH,Copyright © 2026 David YE
智己牌,83,三元锂,163.3858267716535,3,508,非称重实测,372|380|382,上海汽车集团股份有限公司,CSA6492LBEV1|CSA7002EBEV5|CSA6492LBEV8,supplier|exact_voltage|pack_LxWxH,Copyright © 2026 David YE
江铃牌,83.66,磷酸铁锂蓄电池,149.4,3,560,非称重实测,409,江铃汽车股份有限公司,JX6511TA-L6BEV|JX6541TB-L6BEV|JX6511TB-L6BEV,supplier|exact_voltage|pack_LxWxH,Copyright © 2026 David YE
爱咖牌,81.76,三元锂,176.969696969697,3,462,非称重实测,387|391|392,奇瑞新能源汽车股份有限公司,NEQ6420BEVS59B|NEQ6420BEVS59E|NEQ6420BEVS59G,supplier|exact_voltage|pack_LxWxH,Copyright © 2026 David YE
特斯拉牌,76.8,三元锂,161,3,477,非称重实测,342|346,特斯拉(上海)有限公司,TSL6480BEVBA2|TSL7000BEVBA2|TSL6480BEVBA3,supplier|exact_voltage|pack_LxWxH,Copyright © 2026 David YE
特斯拉牌,78.4,三元锂,168,3,466.7,非称重实测,346,特斯拉(上海)有限公司,TSL6480BEVBA4|TSL6480BEVBA5|TSL7000BEVBA3,supplier|exact_voltage|pack_LxWxH,Copyright © 2026 David YE
玛斯丹(MUSTANG)牌,80.3,三元锂,145,3,553.8,非称重实测,348|350,长安福特汽车有限公司,CAF6470A2BEV|CAF6470A3BEV|CAF6470A4BEV,supplier|exact_voltage|pack_LxWxH,Copyright © 2026 David YE
腾势牌,76.032,磷酸铁锂蓄电池,,3,,,408,,QCJ7000ARBEV1|QCJ7000ARBEV2|QCJ7000ARBEV3,supplier|exact_voltage|pack_LxWxH,Copyright © 2026 David YE
问界牌,75.408,三元锂离子蓄电池,,3,,,405|407|408,,SKE6530DREEVA2F|SKE6540DREEVA3F|SKE6540DREEVA2F,supplier|exact_voltage|pack_LxWxH,Copyright © 2026 David YE
零跑牌,81.9,磷酸铁锂,143.6842105263158,3,570,非称重实测,394,零跑汽车有限公司,FZ6490BEVC16J|FZ6490BEVC16K|FZ6490BEVC16L,supplier|exact_voltage|pack_LxWxH,Copyright © 2026 David YE
飞凡牌,77,三元锂,177.0114942528736,3,435,非称重实测,378|383,上海汽车集团股份有限公司,CSA7005DBEV7|CSA7005DSEV5|CSA6497YBEV2,supplier|exact_voltage|pack_LxWxH,Copyright © 2026 David YE
上汽飞凡牌,77,三元锂,180,2,427.8,非称重实测,355,上海汽车集团股份有限公司,CSA6493YBEV1|CSA6493YSEV1,supplier|exact_voltage|pack_LxWxH,Copyright © 2026 David YE
东风牌,82.28,磷酸铁锂,139.2216582064298,2,591,非称重实测,380|381,东风汽车集团有限公司,DFM6500S5F2BEV|DFM6500S5F3BEV,supplier|exact_voltage|pack_LxWxH,Copyright © 2026 David YE
依维柯牌,77,,160,2,481.3,非称重实测,373,南京汽车集团有限公司,NJ6500FBEV71|NJ6540FBEV71,supplier|exact_voltage|pack_LxWxH,Copyright © 2026 David YE
依维柯牌,77,磷酸铁锂,145.8333333333333,2,528,非称重实测,379,南京汽车集团有限公司,NJ6500FBEV77|NJ6540FBEV77,supplier|exact_voltage|pack_LxWxH,Copyright © 2026 David YE
凯迪拉克(CADILLAC)牌,79.7,三元锂,170,2,468.8,非称重实测,374,上汽通用汽车有限公司,SGM6483BBBEV|SGM6483BCBEV,supplier|exact_voltage|pack_LxWxH,Copyright © 2026 David YE
合创牌,76.8,三元锂,184,2,417.4,非称重实测,349|355,广汽乘用车有限公司|广汽乘用车(杭州)有限公司,GAM6460BEVM0A|GAH6460BEVS0A,supplier|exact_voltage|pack_LxWxH,Copyright © 2026 David YE
名爵牌,77,三元锂,170,2,452.9,非称重实测,370,上海汽车集团股份有限公司,CSA7002CBEV2|CSA7002CBEV3,supplier|exact_voltage|pack_LxWxH,Copyright © 2026 David YE
埃安(AION)牌,80,三元锂,173,2,462.4,非称重实测,343|346,广汽乘用车有限公司,GAM6460BEVC0M|GAM6460BEVC0T,supplier|exact_voltage|pack_LxWxH,Copyright © 2026 David YE
埃安(AION)牌,80,三元锂,170,2,470.6,非称重实测,370|374,广汽乘用车有限公司,GAM6460BEVC1C|GAM6460BEVC1G,supplier|exact_voltage|pack_LxWxH,Copyright © 2026 David YE
大众汽车牌,82.4,三元锂,160.6237816764133,2,513,非称重实测,381,大众汽车（安徽）有限公司,VWA64702BEV1|VWA64703BEV1,supplier|exact_voltage|pack_LxWxH,Copyright © 2026 David YE
大众汽车牌,80.2,三元锂,157.2549019607843,2,510,非称重实测,384,大众汽车（安徽）有限公司,VWA64702BEV2|VWA64703BEV2,supplier|exact_voltage|pack_LxWxH,Copyright © 2026 David YE
大众牌,84.8,三元锂,180,2,471.1,非称重实测,370|372,一汽-大众汽车有限公司,FV7007AABEV|FV7007ABBEV,supplier|exact_voltage|pack_LxWxH,Copyright © 2026 David YE
奇瑞牌,79.934,三元锂离子+磷酸铁锰锂电池,170,2,470.2,非称重实测,374,奇瑞汽车股份有限公司,SQR7000BEVEH31|SQR7000BEVEH32,supplier|exact_voltage|pack_LxWxH,Copyright © 2026 David YE
奇瑞牌,80.186,三元锂,171.7044967880086,2,467,非称重实测,385,奇瑞汽车股份有限公司,SQR6500BEVEHY3|SQR7000BEVEH37,supplier|exact_voltage|pack_LxWxH,Copyright © 2026 David YE
奥迪(AUDI)牌,80.4,三元锂,180,2,446.7,非称重实测,376,一汽-大众汽车有限公司,FV6469AAABEV|FV6469ABBBEV,supplier|exact_voltage|pack_LxWxH,Copyright © 2026 David YE
奥迪(AUDI)牌,80.2,三元锂,167.0833333333333,2,480,非称重实测,383,上汽大众汽车有限公司,SVW6493MEV|SVW6493NEV,supplier|exact_voltage|pack_LxWxH,Copyright © 2026 David YE
奥迪(AUDI)牌,76.2,磷酸铁锂,140.8502772643253,2,541,非称重实测,395,上汽大众汽车有限公司,SVW700331BEV|SVW700332BEV,supplier|exact_voltage|pack_LxWxH,Copyright © 2026 David YE
宝马(BMW)牌,80,锂离子,154,2,519.5,非称重实测,344,华晨宝马汽车有限公司,BMW6475ACEV|BMW6475ADEV,supplier|exact_voltage|pack_LxWxH,Copyright © 2026 David YE
宝马(BMW)牌,80,三元锂,170,2,470.6,非称重实测,374,华晨宝马汽车有限公司,BMW6475AEEV|BMW6475AFEV,supplier|exact_voltage|pack_LxWxH,Copyright © 2026 David YE
小米牌,76,三元锂离子电池,190,2,400,非称重实测,409,小米汽车科技有限公司,XMA6500KREEVA1|XMA6530KREEVA1,supplier|exact_voltage|pack_LxWxH,Copyright © 2026 David YE
尚界牌,81.081,磷酸铁锂电池,,2,,,405,,CSA7008BBEV4|CSA7008BBEV5,supplier|exact_voltage|pack_LxWxH,Copyright © 2026 David YE
岚图牌,82.11,三元锂,180,2,456.2,非称重实测,355|374,东风汽车集团有限公司,EQ6530AL5F2BEV|EQ6532AL5F2BEV,supplier|exact_voltage|pack_LxWxH,Copyright © 2026 David YE
岚图牌,76.9,磷酸铁锂,141.360294117647,2,544,非称重实测,384|389,东风汽车集团有限公司,EQ6535AL5F1BEV|EQ6530AL5F1BEV,supplier|exact_voltage|pack_LxWxH,Copyright © 2026 David YE
悦达牌,76.6,磷酸铁锂,150,2,510.7,非称重实测,368|377,江苏悦达起亚汽车有限公司,YQZ6492BEVY|YQZ6493BEVY,supplier|exact_voltage|pack_LxWxH,Copyright © 2026 David YE
方程豹牌,75.616,磷酸铁锂蓄电池,150,2,504.1,非称重实测,402,比亚迪汽车有限公司,QCJ6460AHBEV6|QCJ6460AHBEV7,supplier|exact_voltage|pack_LxWxH,Copyright © 2026 David YE
昊铂牌,83.326,磷酸铁锂,137.7289256198347,2,605,非称重实测,390|391,广汽埃安新能源汽车股份有限公司,AHC6490BEVH1U|AHC7000BEVE1P,supplier|exact_voltage|pack_LxWxH,Copyright © 2026 David YE
昊铂牌,83.326,磷酸铁锂蓄电池,180,2,462.9,非称重实测,399|402,广汽埃安新能源汽车股份有限公司,AHC7000BEVE2P|AHC6500BEVH0A,supplier|exact_voltage|pack_LxWxH,Copyright © 2026 David YE
星途牌,79.934,三元锂离子＋磷酸铁锰锂,170,2,470.2,非称重实测,376,奇瑞汽车股份有限公司,SQR6500BEVE0Y1|SQR6500BEVE0Y2,supplier|exact_voltage|pack_LxWxH,Copyright © 2026 David YE
极星牌,78,三元锂,158.8,2,491.2,非称重实测,354,浙江豪情汽车制造有限公司,VCC7002F11VBEV|VCC7002F12VBEV,supplier|exact_voltage|pack_LxWxH,Copyright © 2026 David YE
极星牌,78,三元锂,170,2,458.8,非称重实测,369,浙江豪情汽车制造有限公司,VCC7002F21VBEV|VCC7002F22VBEV,supplier|exact_voltage|pack_LxWxH,Copyright © 2026 David YE
极星牌,82,三元锂,180,2,455.6,非称重实测,369,浙江豪情汽车制造有限公司,VCC7002F23VBEV|VCC7002F24VBEV,supplier|exact_voltage|pack_LxWxH,Copyright © 2026 David YE
极氪牌,75.6,磷酸铁锂,150,2,504,非称重实测,377,浙江吉利汽车有限公司,MR7005BEV11|MR7005BEV13,supplier|exact_voltage|pack_LxWxH,Copyright © 2026 David YE
极氪牌,77,磷酸铁锂,126.4367816091954,2,609,非称重实测,382,浙江吉利汽车有限公司,MR6471BEV01|MR6471BEV03,supplier|exact_voltage|pack_LxWxH,Copyright © 2026 David YE
极狐(ARCFOX)牌,81,三元锂,180,2,450,非称重实测,373,北汽蓝谷麦格纳汽车有限公司,BJ6480A607BEV|BJ7001A61FBEV,supplier|exact_voltage|pack_LxWxH,Copyright © 2026 David YE
极狐(ARCFOX)牌,81.2,磷酸铁锂,145,2,560,非称重实测,382,北汽蓝谷麦格纳汽车有限公司,BJ6480A60ABEV|BJ7001A61JBEV,supplier|exact_voltage|pack_LxWxH,Copyright © 2026 David YE
欧拉牌,83.49,三元锂,173.91,2,480.1,非称重实测,357|362,长城汽车股份有限公司,CC7000BH03BBEV|CC7000BH01NBBEV,supplier|exact_voltage|pack_LxWxH,Copyright © 2026 David YE
比亚迪牌,83.212,磷酸铁锂,130.01875,2,640,非称重实测,391,比亚迪汽车有限公司,BYD7002ACBEV4|BYD7002ACBEV5,supplier|exact_voltage|pack_LxWxH,Copyright © 2026 David YE
比亚迪牌,82.732,磷酸铁锂蓄电池,150,2,551.5,非称重实测,402|404,比亚迪汽车工业有限公司,BYD6480AMBEV2|BYD6480AMBEV4,supplier|exact_voltage|pack_LxWxH,Copyright © 2026 David YE
江淮牌,75.2,,160,2,470,非称重实测,374,安徽江淮汽车集团股份有限公司,HFC6521EV2C8|HFC6521EV2C8G,supplier|exact_voltage|pack_LxWxH,Copyright © 2026 David YE
江淮牌,77.28,磷酸铁锂,150,2,515.2,非称重实测,380,安徽江淮汽车集团股份有限公司,HFC6521EV3C8|HFC6521EV3C8G,supplier|exact_voltage|pack_LxWxH,Copyright © 2026 David YE
江铃全顺牌,77.28,,160,2,483,非称重实测,373,江铃汽车股份有限公司,JX6556TA-M6BEV|JX6556TC-M6BEV,supplier|exact_voltage|pack_LxWxH,Copyright © 2026 David YE
沃尔沃牌,78,三元锂,158.8,2,491.2,非称重实测,354,浙江豪情汽车制造有限公司,VCC7003F02XBEV|VCC7003F41XBEV,supplier|exact_voltage|pack_LxWxH,Copyright © 2026 David YE
沃尔沃牌,82,三元锂,180,2,455.6,非称重实测,368,浙江豪情汽车制造有限公司,VCC7003F05XBEV|VCC7003F43XBEV,supplier|exact_voltage|pack_LxWxH,Copyright © 2026 David YE
特斯拉牌,78.4,三元锂,172.3076923076923,2,455,非称重实测,383|391,特斯拉(上海)有限公司,TSL7000BEVBA5|TSL6480BEVBA7,supplier|exact_voltage|pack_LxWxH,Copyright © 2026 David YE
腾势牌,75.264,磷酸铁锂蓄电池,,2,,,405,,QCJ6520AP6HEV3|QCJ6530ABHEV3,supplier|exact_voltage|pack_LxWxH,Copyright © 2026 David YE
赛力斯牌,79.927,磷酸铁锂,140.9,2,567.3,非称重实测,357,重庆金康新能源汽车有限公司,SKE6480SBEVAS|SKE6480SBEVR,supplier|exact_voltage|pack_LxWxH,Copyright © 2026 David YE
长安牌,79.97,三元锂,167,2,478.9,非称重实测,359|366,重庆长安汽车股份有限公司,SC7006AAEBEV|SC6471EACBEV,supplier|exact_voltage|pack_LxWxH,Copyright © 2026 David YE
长安牌,80.02,磷酸铁锂蓄电池,,2,,,406,,SC6480AAAWBEV|SC6480AAAXBEV,supplier|exact_voltage|pack_LxWxH,Copyright © 2026 David YE
零跑牌,81.9,磷酸铁锂,142.4347826086957,2,575,非称重实测,395,零跑汽车有限公司,FZ6480BEV29|FZ6480BEV30,supplier|exact_voltage|pack_LxWxH,Copyright © 2026 David YE
零跑牌,80.3,磷酸铁锂蓄电池,,2,,,405,,FZ6530REEVWD19D|FZ6530REEVWD99B,supplier|exact_voltage|pack_LxWxH,Copyright © 2026 David YE
领克牌,77.17,磷酸铁锂电池,,2,,,405,,MR7002BEV106|MR7002BEV107,supplier|exact_voltage|pack_LxWxH,Copyright © 2026 David YE
飞凡牌,77,三元锂,180,2,427.8,非称重实测,362,上海汽车集团股份有限公司,CSA7005DBEV2|CSA7005DSEV1,supplier|exact_voltage|pack_LxWxH,Copyright © 2026 David YE
,79.2,,160,1,495,非称重实测,403,, BJ7001A51DBEV ,supplier|exact_voltage|pack_LxWxH,Copyright © 2026 David YE
,82.732,,180,1,459.6,非称重实测,403,, BYD6480CDBEV2 ,supplier|exact_voltage|pack_LxWxH,Copyright © 2026 David YE
东南牌,77.28,磷酸铁锂,145.17,1,532.3,非称重实测,356,东南(福建)汽车工业有限公司,DN6530MBEV5,supplier|exact_voltage|pack_LxWxH,Copyright © 2026 David YE
东风日产牌,81,磷酸铁锂蓄电池,180,1,450,非称重实测,402,,DFL6490NNJ2BEV,supplier|exact_voltage|pack_LxWxH,Copyright © 2026 David YE
东风牌,77.28,,160,1,483,非称重实测,368,郑州日产汽车有限公司,ZN6532H5PBEV,supplier|exact_voltage|pack_LxWxH,Copyright © 2026 David YE
东风牌,77.38,,145.45,1,532,非称重实测,407,,DFM6500S5F6BEV,supplier|exact_voltage|pack_LxWxH,Copyright © 2026 David YE
享界牌,75.4,三元锂离子电池,181.2,1,416.1,非称重实测,408,,BJ6540K901RSHEV,supplier|exact_voltage|pack_LxWxH,Copyright © 2026 David YE
享界牌,75.4,三元锂离子蓄电池,181.2,1,416.1,非称重实测,409,北京新能源汽车股份有限公司,BJ6530K815RSHEV,supplier|exact_voltage|pack_LxWxH,Copyright © 2026 David YE
仰望牌,80,磷酸铁锂,126.3823064770932,1,633,非称重实测,378,比亚迪汽车工业有限公司,QCJ7000AFBEV1,supplier|exact_voltage|pack_LxWxH,Copyright © 2026 David YE
仰望牌,80,,126.3823064770932,1,633,非称重实测,394,比亚迪汽车工业有限公司,QCJ7000AFBEV2,supplier|exact_voltage|pack_LxWxH,Copyright © 2026 David YE
依维柯牌,77,,145.8333333333333,1,528,非称重实测,382,南京汽车集团有限公司,NJ6540FBEV771,supplier|exact_voltage|pack_LxWxH,Copyright © 2026 David YE
别克(BUICK),80.6,磷酸铁锂蓄电池,143.42,1,562,非称重实测,407,,SGM7000MBBEV,supplier|exact_voltage|pack_LxWxH,Copyright © 2026 David YE
别克牌,76.8,磷酸铁锂,143.2835820895523,1,536,非称重实测,393,上汽通用汽车有限公司,SGM6491BFBEV,supplier|exact_voltage|pack_LxWxH,Copyright © 2026 David YE
华彰牌,79.9,三元锂离子＋磷酸铁锰锂电池,163.7295081967213,1,488,非称重实测,381,北京新能源汽车股份有限公司,BJ7000K713BEV,supplier|exact_voltage|pack_LxWxH,Copyright © 2026 David YE
合创牌,76.8,三元锂,170,1,451.8,非称重实测,347,广汽乘用车有限公司,GAM6460BEVM0A,supplier|exact_voltage|pack_LxWxH,Copyright © 2026 David YE
吉利牌,76,磷酸铁锂,150,1,506.7,非称重实测,374,浙江吉利汽车有限公司,MR7005BEV19,supplier|exact_voltage|pack_LxWxH,Copyright © 2026 David YE
吉利牌,75.6,磷酸铁锂,150,1,504,非称重实测,377,浙江吉利汽车有限公司,MR7005BEV20,supplier|exact_voltage|pack_LxWxH,Copyright © 2026 David YE
吉利牌,76.4,磷酸铁锂,136.4285714285714,1,560,非称重实测,384,浙江吉利汽车有限公司,MR7005BEV27,supplier|exact_voltage|pack_LxWxH,Copyright © 2026 David YE
吉利牌,76,磷酸铁锂,131.4878892733564,1,578,非称重实测,384,浙江吉利汽车有限公司,MR7005BEV28,supplier|exact_voltage|pack_LxWxH,Copyright © 2026 David YE
吉利牌,75,磷酸铁锂,128.2051282051282,1,585,非称重实测,389,浙江吉利汽车有限公司,MR7001BEV109,supplier|exact_voltage|pack_LxWxH,Copyright © 2026 David YE
吉利牌,79.1,磷酸铁锂电池,175,1,452,非称重实测,398,浙江吉利汽车有限公司,MR7001BEV123,supplier|exact_voltage|pack_LxWxH,Copyright © 2026 David YE
吉利牌,75.2,磷酸铁锂电池,,1,,,407,,MR7001BEV135,supplier|exact_voltage|pack_LxWxH,Copyright © 2026 David YE
吉利牌,75.2,磷酸铁锂电池,140.04,1,537,非称重实测,407,,MR7001BEV137,supplier|exact_voltage|pack_LxWxH,Copyright © 2026 David YE
哈弗牌,79.62,锂离子,160,1,497.6,非称重实测,370,长城汽车股份有限公司,CC6460BM03HBBEV,supplier|exact_voltage|pack_LxWxH,Copyright © 2026 David YE
哪吒牌,79.63,三元锂,176,1,452.4,非称重实测,351,合众新能源汽车有限公司,THZ6450BEVS30H,supplier|exact_voltage|pack_LxWxH,Copyright © 2026 David YE
哪吒牌,81.57,三元锂,180,1,453.2,非称重实测,357,合众新能源汽车有限公司,THZ6451BEVS30A,supplier|exact_voltage|pack_LxWxH,Copyright © 2026 David YE
哪吒牌,84.5,三元锂,180,1,469.4,非称重实测,359,合众新能源汽车有限公司,THZ7000BEVS401,supplier|exact_voltage|pack_LxWxH,Copyright © 2026 David YE
哪吒牌,77.9,三元锂,180,1,432.8,非称重实测,366,合众新能源汽车有限公司,THZ7000BEVS363,supplier|exact_voltage|pack_LxWxH,Copyright © 2026 David YE
哪吒牌,77.9,三元锂,170,1,458.2,非称重实测,369,合众新能源汽车有限公司,THZ7000BEVS364,supplier|exact_voltage|pack_LxWxH,Copyright © 2026 David YE
哪吒牌,77.9,三元锂,173.1111111111111,1,450,非称重实测,379,合众新能源汽车股份有限公司,THZ7000BEVS368,supplier|exact_voltage|pack_LxWxH,Copyright © 2026 David YE
哪吒牌,84.5,三元锂,177.5210084033613,1,476,非称重实测,387,合众新能源汽车股份有限公司,THZ7000BEVS413,supplier|exact_voltage|pack_LxWxH,Copyright © 2026 David YE
埃安(AION)牌,76.8,三元锂,184,1,417.4,非称重实测,341,广汽乘用车有限公司,GAM7000BEVD0L,supplier|exact_voltage|pack_LxWxH,Copyright © 2026 David YE
埃安(AION)牌,76.8,三元锂,170,1,451.8,非称重实测,359,广汽乘用车有限公司,GAM6450BEVD0D,supplier|exact_voltage|pack_LxWxH,Copyright © 2026 David YE
埃安(AION)牌,80,三元锂,180,1,444.4,非称重实测,365,广汽乘用车有限公司,GAM6460BEVC0V,supplier|exact_voltage|pack_LxWxH,Copyright © 2026 David YE
大众汽车牌,82.368,磷酸铁锂蓄电池,180,1,457.6,非称重实测,401,,VWA65012BEV1,supplier|exact_voltage|pack_LxWxH,Copyright © 2026 David YE
大众牌,77.5,磷酸铁锂蓄电池,142.7,1,543.1,非称重实测,409,一汽-大众汽车有限公司,FV6485BABEV,supplier|exact_voltage|pack_LxWxH,Copyright © 2026 David YE
大运牌,81.05,三元锂,180.1111111111111,1,450,非称重实测,378,成都大运汽车集团有限公司,CGC7000BEV2J12,supplier|exact_voltage|pack_LxWxH,Copyright © 2026 David YE
大通牌,77,磷酸铁锂,145.8333333333333,1,528,非称重实测,379,南京汽车集团有限公司,NJ6540FBEV77T,supplier|exact_voltage|pack_LxWxH,Copyright © 2026 David YE
天际牌,75.18,锂离子,161,1,467,非称重实测,342,福建天际汽车制造有限公司,QAC6452BEVBA,supplier|exact_voltage|pack_LxWxH,Copyright © 2026 David YE
奇瑞牌,79.934,三元锂离子+磷酸铁锰锂电池,163.4642126789366,1,489,非称重实测,378,奇瑞汽车股份有限公司,SQR7000BEVEH34,supplier|exact_voltage|pack_LxWxH,Copyright © 2026 David YE
奇瑞牌,79.934,三元锂离子+磷酸铁锰锂,163.7991803278689,1,488,非称重实测,385,奇瑞汽车股份有限公司,SQR6500BEVEHY,supplier|exact_voltage|pack_LxWxH,Copyright © 2026 David YE
奇瑞牌,79.934,三元锂离子+磷酸铁锰锂,163.4642126789366,1,489,非称重实测,389,奇瑞汽车股份有限公司,SQR6500BEVEHY4,supplier|exact_voltage|pack_LxWxH,Copyright © 2026 David YE
奥迪(AUDI)牌,83.3,三元锂,182.2757111597374,1,457,非称重实测,395,上汽大众汽车有限公司,SVW700333BEV,supplier|exact_voltage|pack_LxWxH,Copyright © 2026 David YE
威马牌,82.712,三元锂,180,1,459.5,非称重实测,352,湖北星晖新能源智能汽车有限公司,EXH6460A09BEV,supplier|exact_voltage|pack_LxWxH,Copyright © 2026 David YE
小鹏牌,83.1,三元锂,160,1,519.4,非称重实测,348,肇庆小鹏新能源投资有限公司,NHQ7000BEVEF,supplier|exact_voltage|pack_LxWxH,Copyright © 2026 David YE
小鹏牌,77.9,三元锂,160,1,486.9,非称重实测,354,肇庆小鹏新能源投资有限公司,NHQ7000BEVEH,supplier|exact_voltage|pack_LxWxH,Copyright © 2026 David YE
小鹏牌,78.2,磷酸铁锂,130,1,601.5,非称重实测,359,肇庆小鹏新能源投资有限公司,NHQ6490BEVGD,supplier|exact_voltage|pack_LxWxH,Copyright © 2026 David YE
小鹏牌,78.2,,160,1,488.8,非称重实测,362,肇庆小鹏新能源投资有限公司,NHQ6490BEVGG,supplier|exact_voltage|pack_LxWxH,Copyright © 2026 David YE
小鹏牌,84.5,磷酸铁锂,180,1,469.4,非称重实测,375,肇庆小鹏新能源投资有限公司,NHQ6530BEVHA,supplier|exact_voltage|pack_LxWxH,Copyright © 2026 David YE
小鹏牌,76.3,磷酸铁锂,134.5679012345679,1,567,非称重实测,385,肇庆小鹏新能源投资有限公司,NHQ7000BEVKB,supplier|exact_voltage|pack_LxWxH,Copyright © 2026 David YE
小鹏牌,80.8,储能单体种类：磷酸铁锂,128.0507131537242,1,631,非称重实测,390,肇庆小鹏新能源投资有限公司,NHQ6481BEVFB,supplier|exact_voltage|pack_LxWxH,Copyright © 2026 David YE
小鹏牌,79,储能单体种类：磷酸铁锂,130.5785123966942,1,605,非称重实测,390,肇庆小鹏新能源投资有限公司,NHQ6491BEVGA,supplier|exact_voltage|pack_LxWxH,Copyright © 2026 David YE
小鹏牌,80.8,磷酸铁锂,128.0507131537242,1,631,非称重实测,391,肇庆小鹏新能源投资有限公司,NHQ6490BEVMB,supplier|exact_voltage|pack_LxWxH,Copyright © 2026 David YE
小鹏牌,80.8,磷酸铁锂蓄电池,180,1,448.9,非称重实测,400,广州小鹏汽车科技有限公司,NHQ6481BEVFD,supplier|exact_voltage|pack_LxWxH,Copyright © 2026 David YE
小鹏牌,79,磷酸铁锂蓄电池,150,1,526.7,非称重实测,400,广州小鹏汽车科技有限公司,NHQ6491BEVGD,supplier|exact_voltage|pack_LxWxH,Copyright © 2026 David YE
岚图牌,82.11,三元锂,170,1,483,非称重实测,363,东风汽车集团有限公司,EQ7000AL1F2BEV,supplier|exact_voltage|pack_LxWxH,Copyright © 2026 David YE
岚图牌,77.3,磷酸铁锂,142.3572744014733,1,543,非称重实测,383,东风汽车有限公司,DFL6470NE31BEV,supplier|exact_voltage|pack_LxWxH,Copyright © 2026 David YE
岚图牌,76.9,磷酸铁锂,141.6206261510129,1,543,非称重实测,383,东风汽车有限公司,DFL6470NE32BEV,supplier|exact_voltage|pack_LxWxH,Copyright © 2026 David YE
岚图牌,77.3,磷酸铁锂,142.8835489833641,1,541,非称重实测,383,东风汽车有限公司,DFL6470NN31BEV,supplier|exact_voltage|pack_LxWxH,Copyright © 2026 David YE
岚图牌,76.9,磷酸铁锂,142.1441774491682,1,541,非称重实测,383,东风汽车有限公司,DFL6470NN32BEV,supplier|exact_voltage|pack_LxWxH,Copyright © 2026 David YE
岚图牌,78.7,磷酸铁锂,134.5299145299145,1,585,非称重实测,383,东风汽车有限公司,DFL6470NN36BEV,supplier|exact_voltage|pack_LxWxH,Copyright © 2026 David YE
岚图牌,78.8,磷酸铁锂,141.7897480451781,1,555.8,非称重实测,395,岚图汽车科技有限公司,DFL6480NE31BEV,supplier|exact_voltage|pack_LxWxH,Copyright © 2026 David YE
岚图牌,78.7,磷酸铁锂,139.4871794871795,1,564.2,非称重实测,395,岚图汽车科技有限公司,DFL6480NN31BEV,supplier|exact_voltage|pack_LxWxH,Copyright © 2026 David YE
岚图牌,78.8181,磷酸铁锂蓄电池,,1,,,407,,EQ6500AG5F1BEV,supplier|exact_voltage|pack_LxWxH,Copyright © 2026 David YE
岚图牌,78.7181,磷酸铁锂蓄电池,,1,,,408,,EQ6502AG5F1BEV,supplier|exact_voltage|pack_LxWxH,Copyright © 2026 David YE
思皓牌,84.1,三元锂,163.15,1,515.5,非称重实测,349,安徽江淮汽车集团股份有限公司,HFC6463EEV2,supplier|exact_voltage|pack_LxWxH,Copyright © 2026 David YE
方程豹牌,78.72,磷酸铁锂,140.5714285714286,1,560,非称重实测,384,比亚迪汽车有限公司,QCJ6460AHBEV1,supplier|exact_voltage|pack_LxWxH,Copyright © 2026 David YE
方程豹牌,78.72,储能单体种类：磷酸铁锂,140.5714285714286,1,560,非称重实测,390,比亚迪汽车有限公司,QCJ6460AHBEV2,supplier|exact_voltage|pack_LxWxH,Copyright © 2026 David YE
方程豹牌,76.744,磷酸铁锂蓄电池,142.38,1,539,非称重实测,408,,QCJ7000ATBEV3,supplier|exact_voltage|pack_LxWxH,Copyright © 2026 David YE
星途牌,79.934,三元锂离子＋磷酸铁锰锂电池,170,1,470.2,非称重实测,374,奇瑞汽车股份有限公司,SQR7000BEVE031,supplier|exact_voltage|pack_LxWxH,Copyright © 2026 David YE
星途牌,79.934,三元锂离子+磷酸铁锰锂电池,170,1,470.2,非称重实测,374,奇瑞汽车股份有限公司,SQR7000BEVE032,supplier|exact_voltage|pack_LxWxH,Copyright © 2026 David YE
晶马牌,77.28,,151.5294117647059,1,510,非称重实测,383,江西江铃集团晶马汽车有限公司,JMV6553QRBEV,supplier|exact_voltage|pack_LxWxH,Copyright © 2026 David YE
智己牌,77,三元锂,177.0114942528736,1,435,非称重实测,370,上海汽车集团股份有限公司,CSA6501LBEV5,supplier|exact_voltage|pack_LxWxH,Copyright © 2026 David YE
智己牌,83.3,三元锂,181.0869565217391,1,460,非称重实测,373,上海汽车集团股份有限公司,CSA6492LBEV4,supplier|exact_voltage|pack_LxWxH,Copyright © 2026 David YE
智己牌,75,磷酸铁锂,138.8888888888889,1,540,非称重实测,380,上海汽车集团股份有限公司,CSA7002EBEV1,supplier|exact_voltage|pack_LxWxH,Copyright © 2026 David YE
智己牌,75,磷酸铁锂,136.8613138686131,1,548,非称重实测,382,上海汽车集团股份有限公司,CSA6492LBEV7,supplier|exact_voltage|pack_LxWxH,Copyright © 2026 David YE
智己牌,83,三元锂,169.7341513292434,1,489,非称重实测,384,上海汽车集团股份有限公司,CSA6501LBEV6,supplier|exact_voltage|pack_LxWxH,Copyright © 2026 David YE
智己牌,83,三元锂,174.3697478991596,1,476,非称重实测,392,上海汽车集团股份有限公司,CSA7002EBEV8,supplier|exact_voltage|pack_LxWxH,Copyright © 2026 David YE
智己牌,76.5,磷酸铁锂,143.5272045028142,1,533,非称重实测,395,上海汽车集团股份有限公司,CSA6492LBEVC,supplier|exact_voltage|pack_LxWxH,Copyright © 2026 David YE
智己牌,76.5,磷酸铁锂电池,,1,,,406,,CSA7002EBEVE,supplier|exact_voltage|pack_LxWxH,Copyright © 2026 David YE
智己牌,76.5,磷酸铁锂蓄电池,,1,,,407,,CSA6492LBEVG,supplier|exact_voltage|pack_LxWxH,Copyright © 2026 David YE
智界牌,81.11378,磷酸铁锂蓄电池,,1,,,408,,SQR6500BEVEHX,supplier|exact_voltage|pack_LxWxH,Copyright © 2026 David YE
智界牌,81.1,磷酸铁锂蓄电池,141,1,575.2,非称重实测,409,奇瑞汽车股份有限公司,SQR6500BEVEHY6,supplier|exact_voltage|pack_LxWxH,Copyright © 2026 David YE
极氪牌,76.5,磷酸铁锂,126.4462809917355,1,605,非称重实测,385,浙江吉利汽车有限公司,MR6471BEV100,supplier|exact_voltage|pack_LxWxH,Copyright © 2026 David YE
极氪牌,75,磷酸铁锂锂离子电池,150,1,500,非称重实测,398,浙江极氪智能科技有限公司,MR6481BEV103,supplier|exact_voltage|pack_LxWxH,Copyright © 2026 David YE
极狐(ARCFOX)牌,79.2,三元锂,170,1,465.9,非称重实测,373,北汽蓝谷麦格纳汽车有限公司,BJ6470A501BEV,supplier|exact_voltage|pack_LxWxH,Copyright © 2026 David YE
极狐(ARCFOX)牌,79.2,三元锂,167.7966101694915,1,472,非称重实测,379,北汽蓝谷麦格纳汽车有限公司,BJ7001A513BEV,supplier|exact_voltage|pack_LxWxH,Copyright © 2026 David YE
极狐(ARCFOX)牌,79.2,三元锂,168.5106382978724,1,470,非称重实测,380,北汽蓝谷麦格纳汽车有限公司,BJ7001A514BEV,supplier|exact_voltage|pack_LxWxH,Copyright © 2026 David YE
极狐(ARCFOX)牌,79.2,三元锂离子蓄电池,170,1,465.9,非称重实测,398,北汽蓝谷麦格纳汽车有限公司,BJ6480A503BEV,supplier|exact_voltage|pack_LxWxH,Copyright © 2026 David YE
极狐(ARCFOX)牌,81.9,磷酸铁锂蓄电池,145.21,1,564,非称重实测,408,,BJ6500A60BEV,supplier|exact_voltage|pack_LxWxH,Copyright © 2026 David YE
极狐(ARCFOX)牌,75.4,磷酸铁锂蓄电池,155.1,1,486.1,非称重实测,409,北汽蓝谷麦格纳汽车有限公司,BJ6500A602BEV,supplier|exact_voltage|pack_LxWxH,Copyright © 2026 David YE
极狐(ARCFOX)牌,84.8,磷酸铁锂蓄电池,154.5,1,548.9,非称重实测,409,北汽蓝谷麦格纳汽车有限公司,BJ6500A603BEV,supplier|exact_voltage|pack_LxWxH,Copyright © 2026 David YE
欧拉牌,79.62,三元锂,172.3,1,462.1,非称重实测,346,长城汽车股份有限公司,CC6450AG01BBEV,supplier|exact_voltage|pack_LxWxH,Copyright © 2026 David YE
欧拉牌,79.62,,171.6,1,464,非称重实测,353,长城汽车股份有限公司,CC7000BH03ABEV,supplier|exact_voltage|pack_LxWxH,Copyright © 2026 David YE
欧拉牌,76.44,磷酸铁锂,146.73,1,521,非称重实测,354,长城汽车股份有限公司,CC6470CA01BBEV,supplier|exact_voltage|pack_LxWxH,Copyright © 2026 David YE
欧拉牌,83.49,三元锂,172.51,1,484,非称重实测,357,长城汽车股份有限公司,CC7000BH23BBEV,supplier|exact_voltage|pack_LxWxH,Copyright © 2026 David YE
欧拉牌,79.62,三元锂,171.6,1,464,非称重实测,362,长城汽车股份有限公司,CC7000BH03HBBEV,supplier|exact_voltage|pack_LxWxH,Copyright © 2026 David YE
欧拉牌,83.49,三元锂,169.6606380816907,1,492.1,非称重实测,382,光束汽车有限公司,SAL7000BH00ABEV,supplier|exact_voltage|pack_LxWxH,Copyright © 2026 David YE
欧拉牌,83.49,三元锂,168.9738919247116,1,494.1,非称重实测,382,光束汽车有限公司,SAL7000BH30ABEV,supplier|exact_voltage|pack_LxWxH,Copyright © 2026 David YE
比亚迪牌,82.56,磷酸铁锂,147.4,1,560.1,非称重实测,354,比亚迪汽车有限公司,BYD7006BEVA1,supplier|exact_voltage|pack_LxWxH,Copyright © 2026 David YE
比亚迪牌,82.56,磷酸铁锂,147.9,1,558.2,非称重实测,354,比亚迪汽车有限公司,BYD7006BEVA2,supplier|exact_voltage|pack_LxWxH,Copyright © 2026 David YE
比亚迪牌,82.56,磷酸铁锂,180,1,458.7,非称重实测,369,比亚迪汽车有限公司,BYD7006BEVA5,supplier|exact_voltage|pack_LxWxH,Copyright © 2026 David YE
比亚迪牌,79.68,磷酸铁锂,149.4934333958724,1,533,非称重实测,387,比亚迪汽车工业有限公司,BYD7009BEV11,supplier|exact_voltage|pack_LxWxH,Copyright © 2026 David YE
比亚迪牌,78.72,磷酸铁锂,140.5714285714286,1,560,非称重实测,394,比亚迪汽车有限公司,BYD6480AABEV2,supplier|exact_voltage|pack_LxWxH,Copyright © 2026 David YE
比亚迪牌,78.72,磷酸铁锂,140.0711743772242,1,562,非称重实测,394,比亚迪汽车有限公司,BYD6480AABEV3,supplier|exact_voltage|pack_LxWxH,Copyright © 2026 David YE
比亚迪牌,75.616,磷酸铁锂蓄电池,150,1,504.1,非称重实测,402,比亚迪汽车工业有限公司,BYD6480AMBEV1,supplier|exact_voltage|pack_LxWxH,Copyright © 2026 David YE
比亚迪牌,76.744,磷酸铁锂蓄电池,142.38,1,539,非称重实测,406,,BYD7000AZBEV3,supplier|exact_voltage|pack_LxWxH,Copyright © 2026 David YE
比亚迪牌,82.732,磷酸铁锂蓄电池,144.8,1,571.4,非称重实测,409,比亚迪汽车工业有限公司,BYD6480CDBEV5,supplier|exact_voltage|pack_LxWxH,Copyright © 2026 David YE
沃尔沃牌,77,磷酸铁锂蓄电池,180,1,427.8,非称重实测,404,亚欧汽车制造(台州)有限公司,VCD7005F041BEV,supplier|exact_voltage|pack_LxWxH,Copyright © 2026 David YE
燕铃牌,79.977,三元锂,178.25,1,448.7,非称重实测,343,北京汽车制造厂有限公司,BAW7003UB53BEV,supplier|exact_voltage|pack_LxWxH,Copyright © 2026 David YE
特斯拉牌,78.4,三元锂,170,1,461.2,非称重实测,375,特斯拉(上海)有限公司,TSL7000BEVBA4,supplier|exact_voltage|pack_LxWxH,Copyright © 2026 David YE
特斯拉牌,78.4,三元锂离子电池,170,1,461.2,非称重实测,400,特斯拉(上海)有限公司,TSL6480BEVBR0,supplier|exact_voltage|pack_LxWxH,Copyright © 2026 David YE
特斯拉牌,78.4,三元锂离子电池,175,1,448,非称重实测,409,特斯拉(上海)有限公司,TSL6480BEVBA6,supplier|exact_voltage|pack_LxWxH,Copyright © 2026 David YE
玛斯丹(MUSTANG)牌,78.2,磷酸铁锂,130.33,1,600,非称重实测,366,长安福特汽车有限公司,CAF6470B5BEV,supplier|exact_voltage|pack_LxWxH,Copyright © 2026 David YE
瑞风牌,75.2,磷酸铁锂,127.7,1,588.9,非称重实测,350,安徽江淮汽车集团股份有限公司,HFC6511REV1C7,supplier|exact_voltage|pack_LxWxH,Copyright © 2026 David YE
瑞风牌,76.544,磷酸铁锂,0,1,,,389,安徽江淮汽车集团股份有限公司,HFC6511REV4C7,supplier|exact_voltage|pack_LxWxH,Copyright © 2026 David YE
福田牌,79.92,锰酸锂,144.1,1,554.6,非称重实测,342,北汽福田汽车股份有限公司,BJ6608EVAA1,supplier|exact_voltage|pack_LxWxH,Copyright © 2026 David YE
福田牌,77.28,磷酸铁锂,151.5294117647059,1,510,非称重实测,378,北汽福田汽车股份有限公司,BJ6552EVAA1,supplier|exact_voltage|pack_LxWxH,Copyright © 2026 David YE
精灵(smart)牌,76,磷酸铁锂,131.4878892733564,1,578,非称重实测,384,浙江豪情汽车制造有限公司,HQ6475BEV03,supplier|exact_voltage|pack_LxWxH,Copyright © 2026 David YE
红旗牌,81.7,三元锂,172,1,475,非称重实测,357,中国第一汽车集团有限公司,CA7000H0EVE,supplier|exact_voltage|pack_LxWxH,Copyright © 2026 David YE
红旗牌,85,磷酸铁锂,141.4309484193012,1,601,非称重实测,388,中国第一汽车集团有限公司,CA7009H0EVA,supplier|exact_voltage|pack_LxWxH,Copyright © 2026 David YE
红旗牌,85,磷酸铁锂,180,1,472.2,非称重实测,390,中国第一汽车集团有限公司,CA6482H0EVA,supplier|exact_voltage|pack_LxWxH,Copyright © 2026 David YE
红旗牌,85,,180,1,472.2,非称重实测,390,中国第一汽车集团有限公司,CA6482H0EVX,supplier|exact_voltage|pack_LxWxH,Copyright © 2026 David YE
腾势牌,81.861,磷酸铁锂蓄电池,134,1,610.9,非称重实测,409,比亚迪汽车工业有限公司,QCJ7000ANBEV3,supplier|exact_voltage|pack_LxWxH,Copyright © 2026 David YE
锐胜牌,80.96,磷酸铁锂,136.0672268907563,1,595,非称重实测,380,北京汽车制造厂有限公司,BAW6521MAM1BEV,supplier|exact_voltage|pack_LxWxH,Copyright © 2026 David YE
锐胜牌,80.96,磷酸铁锂,192.7619047619048,1,420,非称重实测,380,北京汽车制造厂有限公司,BAW6521MAMBEV,supplier|exact_voltage|pack_LxWxH,Copyright © 2026 David YE
长安牌,77.3,三元锂,201,1,384.6,非称重实测,343,重庆长安汽车股份有限公司,SC6484ABABEV,supplier|exact_voltage|pack_LxWxH,Copyright © 2026 David YE
长安牌,79.97,三元锂,170,1,470.4,非称重实测,370,重庆长安汽车股份有限公司,SC7007AABBEV,supplier|exact_voltage|pack_LxWxH,Copyright © 2026 David YE
长安牌,79.97,三元锂,166.6041666666667,1,480,非称重实测,383,重庆长安汽车股份有限公司,SC6481GCABEV,supplier|exact_voltage|pack_LxWxH,Copyright © 2026 David YE
长安牌,77.94,磷酸铁锂蓄电池,150,1,519.6,非称重实测,400,重庆长安汽车股份有限公司,SC6480AAAQBEV,supplier|exact_voltage|pack_LxWxH,Copyright © 2026 David YE
长安牌,77.94,磷酸铁锂蓄电池,175,1,445.4,非称重实测,402,重庆长安汽车股份有限公司,SC7000AABTBEV,supplier|exact_voltage|pack_LxWxH,Copyright © 2026 David YE
长安牌,80.02,磷酸铁锂蓄电池,141.4,1,565.9,非称重实测,409,重庆长安汽车股份有限公司,SC7000AACRBEV,supplier|exact_voltage|pack_LxWxH,Copyright © 2026 David YE
问界牌,81.0434,磷酸铁锂蓄电池,,1,,,408,,SKE6501DBEVR2,supplier|exact_voltage|pack_LxWxH,Copyright © 2026 David YE
问界牌,81.1131,磷酸铁锂蓄电池,,1,,,408,,SKE6501DBEVR3,supplier|exact_voltage|pack_LxWxH,Copyright © 2026 David YE
问界牌,75.408,三元锂离子蓄电池.储能装置单体生产企业:江苏时代新能源科技有限公司,181.3,1,415.9,非称重实测,409,赛力斯汽车有限公司,SKE6522DREEVA2F,supplier|exact_voltage|pack_LxWxH,Copyright © 2026 David YE
阿维塔（AVATR）牌,82.16,磷酸铁锂,129.1823899371069,1,636,非称重实测,383,重庆长安汽车股份有限公司,SC6481EBABEV,supplier|exact_voltage|pack_LxWxH,Copyright © 2026 David YE
阿维塔（AVATR）牌,82.16,磷酸铁锂,129.589905362776,1,634,非称重实测,383,重庆长安汽车股份有限公司,SC6481ECABEV,supplier|exact_voltage|pack_LxWxH,Copyright © 2026 David YE
雪佛兰(CHEVROLET)牌,79.7,三元锂,170,1,468.8,非称重实测,375,上汽通用汽车有限公司,SGM6484BABEV,supplier|exact_voltage|pack_LxWxH,Copyright © 2026 David YE
雪佛兰(CHEVROLET)牌,79.7,三元锂,152.3900573613767,1,523,非称重实测,379,上汽通用汽车有限公司,SGM6484BCBEV,supplier|exact_voltage|pack_LxWxH,Copyright © 2026 David YE
零跑牌,76.64,三元锂,177.08,1,432.8,非称重实测,346,零跑汽车有限公司,FZ6480BEV01,supplier|exact_voltage|pack_LxWxH,Copyright © 2026 David YE
零跑牌,76.64,三元锂,170,1,450.8,非称重实测,350,零跑汽车有限公司,FZ6480BEV03,supplier|exact_voltage|pack_LxWxH,Copyright © 2026 David YE
零跑牌,78.54,磷酸铁锂,140.08,1,560.7,非称重实测,351,零跑汽车有限公司,FZ6480BEV06,supplier|exact_voltage|pack_LxWxH,Copyright © 2026 David YE
零跑牌,78.54,磷酸铁锂,150,1,523.6,非称重实测,351,零跑汽车有限公司,FZ6480BEV09,supplier|exact_voltage|pack_LxWxH,Copyright © 2026 David YE
零跑牌,78.54,磷酸铁锂,140.18,1,560.3,非称重实测,355,零跑汽车有限公司,FZ6480BEV13,supplier|exact_voltage|pack_LxWxH,Copyright © 2026 David YE
零跑牌,78.5408,磷酸铁锂,129.47,1,606.6,非称重实测,357,零跑汽车有限公司,FZ7000BEVC01A,supplier|exact_voltage|pack_LxWxH,Copyright © 2026 David YE
零跑牌,78.54,磷酸铁锂,140.09,1,560.6,非称重实测,359,零跑汽车有限公司,FZ6480BEV15,supplier|exact_voltage|pack_LxWxH,Copyright © 2026 David YE
零跑牌,78.5408,磷酸铁锂,129.33,1,607.3,非称重实测,363,零跑汽车有限公司,FZ7000BEVC01D,supplier|exact_voltage|pack_LxWxH,Copyright © 2026 David YE
零跑牌,78.54,磷酸铁锂,129.56,1,606.2,非称重实测,365,零跑汽车有限公司,FZ7000BEVC01F,supplier|exact_voltage|pack_LxWxH,Copyright © 2026 David YE
零跑牌,78.54,磷酸铁锂,134.2564102564103,1,585,非称重实测,384,零跑汽车有限公司,FZ6480BEV28,supplier|exact_voltage|pack_LxWxH,Copyright © 2026 David YE
零跑牌,81.9,磷酸铁锂蓄电池,180,1,455,非称重实测,398,零跑汽车有限公司,FZ6480BEV33,supplier|exact_voltage|pack_LxWxH,Copyright © 2026 David YE
零跑牌,80.3,磷酸铁锂蓄电池,180,1,446.1,非称重实测,403,零跑汽车有限公司,FZ6530REEVWD19C,supplier|exact_voltage|pack_LxWxH,Copyright © 2026 David YE
零跑牌,81.9,磷酸铁锂蓄电池,143.68,1,570,非称重实测,406,,FZ6490BEVC16U,supplier|exact_voltage|pack_LxWxH,Copyright © 2026 David YE
马自达牌,77.947,磷酸铁锂,141.7218181818182,1,550,非称重实测,395,长安马自达汽车有限公司,CAM6481BABEV,supplier|exact_voltage|pack_LxWxH,Copyright © 2026 David YE
魏牌,77.7,镍钴锰三元锂蓄电池,170,1,457.1,非称重实测,404,长城汽车股份有限公司,CC6530DC21BPHEV,supplier|exact_voltage|pack_LxWxH,Copyright © 2026 David YE
