column_index,header,filled,missing,coverage,copyright
1,批次,4459,0,1,Copyright © 2026 David YE
2,产品型号,4457,2,0.999551,Copyright © 2026 David YE
3,产品商标,4345,114,0.974434,Copyright © 2026 David YE
4,企业名称,3814,645,0.855349,Copyright © 2026 David YE
5,车型名称,2964,1495,0.664723,Copyright © 2026 David YE
6,产品名称,3343,1116,0.74972,Copyright © 2026 David YE
7,通用名称,3228,1231,0.723929,Copyright © 2026 David YE
8,产品类型,4352,107,0.976004,Copyright © 2026 David YE
9,细分市场,3677,782,0.824624,Copyright © 2026 David YE
10,动力类型,4459,0,1,Copyright © 2026 David YE
11,是否减免购置税,4103,356,0.920161,Copyright © 2026 David YE
12,整备质量(kg),4258,201,0.954923,Copyright © 2026 David YE
13,轴距(mm),2908,1551,0.652164,Copyright © 2026 David YE
14,纯电续航里程(km),4279,180,0.959632,Copyright © 2026 David YE
15,电池容量(kWh),4293,166,0.962772,Copyright © 2026 David YE
16,电池类型,4097,362,0.918816,Copyright © 2026 David YE
17,电池能量密度(Wh/kg),4010,449,0.899305,Copyright © 2026 David YE
18,百公里电耗(kWh/100km),3410,1049,0.764745,Copyright © 2026 David YE
19,电机峰值功率(kW),3112,1347,0.697914,Copyright © 2026 David YE
20,电机总功率(kW),3131,1328,0.702175,Copyright © 2026 David YE
21,电机生产企业,2667,1792,0.598116,Copyright © 2026 David YE
22,电机功率/扭矩,2725,1734,0.611124,Copyright © 2026 David YE
23,电机型号,1227,3232,0.275174,Copyright © 2026 David YE
24,综合油耗(L/100km),3258,1201,0.730657,Copyright © 2026 David YE
25,B状态油耗(L/100km),3563,896,0.799058,Copyright © 2026 David YE
26,发动机排量(mL),4089,370,0.917022,Copyright © 2026 David YE
27,发动机功率(kW),4057,402,0.909845,Copyright © 2026 David YE
28,发动机生产企业,3337,1122,0.748374,Copyright © 2026 David YE
29,发动机型号,3535,924,0.792779,Copyright © 2026 David YE
30,数据来源,4459,0,1,Copyright © 2026 David YE
