excel_row,batch,product_model,capacity_kwh,range_km,candidate_kwh_100km,evidence_tier,method,confidence,copyright
75,342,QAC6452SHEVBA6,22.93,155,14.794,C-formula,同一行电池容量×100÷纯电续航,medium,Copyright © 2026 David YE
312,346,BYD7152WT6HEVB9,8.32,46,18.087,C-formula,同一行电池容量×100÷纯电续航,medium,Copyright © 2026 David YE
374,347,BYD7152WT6HEVB10,18.316,101,18.135,C-formula,同一行电池容量×100÷纯电续航,medium,Copyright © 2026 David YE
375,347,BYD7152WT6HEVB11,8.32,46,18.087,C-formula,同一行电池容量×100÷纯电续航,medium,Copyright © 2026 David YE
424,348,BYD6490ST6HEV8,21.504,100,21.504,C-formula,同一行电池容量×100÷纯电续航,medium,Copyright © 2026 David YE
425,348,BYD6490ST6HEV9,9.984,45,22.187,C-formula,同一行电池容量×100÷纯电续航,medium,Copyright © 2026 David YE
426,348,CSA6454NEPHEV5,11.1,44,25.227,C-formula,同一行电池容量×100÷纯电续航,medium,Copyright © 2026 David YE
427,348,CSA6454NEPHEV6,11.1,44,25.227,C-formula,同一行电池容量×100÷纯电续航,medium,Copyright © 2026 David YE
428,348,EQ6492AL5F1SHEV,33.17,139,23.863,C-formula,同一行电池容量×100÷纯电续航,medium,Copyright © 2026 David YE
429,348,EQ6492AL5F2SHEV,33.17,123,26.967,C-formula,同一行电池容量×100÷纯电续航,medium,Copyright © 2026 David YE
463,349,LZW7004EVB9KBJ,17.3,200,8.65,C-formula,同一行电池容量×100÷纯电续航,medium,Copyright © 2026 David YE
465,349,LZW7004EVC1KBK,26.5,300,8.833,C-formula,同一行电池容量×100÷纯电续航,medium,Copyright © 2026 David YE
473,349,GFA7130CHEV2DA,15.504,101,15.35,C-formula,同一行电池容量×100÷纯电续航,medium,Copyright © 2026 David YE
474,349,VCC6474E61UPHEV,18.831,64,29.423,C-formula,同一行电池容量×100÷纯电续航,medium,Copyright © 2026 David YE
475,349,VCD7204E61PPHEV,18.831,75,25.108,C-formula,同一行电池容量×100÷纯电续航,medium,Copyright © 2026 David YE
476,349,VCD7204E61ZPHEV,18.831,78,24.142,C-formula,同一行电池容量×100÷纯电续航,medium,Copyright © 2026 David YE
508,350,CC6490AY02APHEV,39.67,204,19.446,C-formula,同一行电池容量×100÷纯电续航,medium,Copyright © 2026 David YE
509,350,CC6490AY22APHEV,39.67,175,22.669,C-formula,同一行电池容量×100÷纯电续航,medium,Copyright © 2026 David YE
566,351,BYD6490ST6HEV12,21.504,100,21.504,C-formula,同一行电池容量×100÷纯电续航,medium,Copyright © 2026 David YE
567,351,BYD6490ST6HEV13,9.984,45,22.187,C-formula,同一行电池容量×100÷纯电续航,medium,Copyright © 2026 David YE
568,351,BYD7152WT6HEVB13,8.32,46,18.087,C-formula,同一行电池容量×100÷纯电续航,medium,Copyright © 2026 David YE
569,351,BYD7152WT6HEVB14,18.316,101,18.135,C-formula,同一行电池容量×100÷纯电续航,medium,Copyright © 2026 David YE
570,351,BYD7152WT6HEVC,18.316,101,18.135,C-formula,同一行电池容量×100÷纯电续航,medium,Copyright © 2026 David YE
571,351,BYD7152WT6HEVC1,8.32,46,18.087,C-formula,同一行电池容量×100÷纯电续航,medium,Copyright © 2026 David YE
572,351,BYD7152WT6HEVC2,18.316,101,18.135,C-formula,同一行电池容量×100÷纯电续航,medium,Copyright © 2026 David YE
573,351,BYD7152WT6HEVC3,8.32,46,18.087,C-formula,同一行电池容量×100÷纯电续航,medium,Copyright © 2026 David YE
574,351,BYD7152WT6HEVC4,18.316,101,18.135,C-formula,同一行电池容量×100÷纯电续航,medium,Copyright © 2026 David YE
575,351,BYD7152WT6HEVC5,8.32,46,18.087,C-formula,同一行电池容量×100÷纯电续航,medium,Copyright © 2026 David YE
576,351,BYD7152WT6HEVC6,18.316,101,18.135,C-formula,同一行电池容量×100÷纯电续航,medium,Copyright © 2026 David YE
577,351,BYD7152WT6HEVC7,8.32,46,18.087,C-formula,同一行电池容量×100÷纯电续航,medium,Copyright © 2026 David YE
578,351,BYD7152WT6HEVC8,18.316,101,18.135,C-formula,同一行电池容量×100÷纯电续航,medium,Copyright © 2026 David YE
579,351,BYD7152WT6HEVC9,8.32,46,18.087,C-formula,同一行电池容量×100÷纯电续航,medium,Copyright © 2026 David YE
580,351,CC6470AP02APHEV,34,185,18.378,C-formula,同一行电池容量×100÷纯电续航,medium,Copyright © 2026 David YE
581,351,CC6470AP22APHEV,34,155,21.935,C-formula,同一行电池容量×100÷纯电续航,medium,Copyright © 2026 David YE
582,351,LXA6500SHEVMN,38.5,130,29.615,C-formula,同一行电池容量×100÷纯电续航,medium,Copyright © 2026 David YE
583,351,LXA6500SHEVMR,38.5,130,29.615,C-formula,同一行电池容量×100÷纯电续航,medium,Copyright © 2026 David YE
593,352,EXH6460A09BEV,82.712,620,13.341,C-formula,同一行电池容量×100÷纯电续航,medium,Copyright © 2026 David YE
596,352,HXK7000BEVB01,15.9744,201,7.947,C-formula,同一行电池容量×100÷纯电续航,medium,Copyright © 2026 David YE
604,352,BYD6490ST6HEV10,45.803,189,24.234,C-formula,同一行电池容量×100÷纯电续航,medium,Copyright © 2026 David YE
605,352,BYD6490ST6HEV11,45.803,215,21.304,C-formula,同一行电池容量×100÷纯电续航,medium,Copyright © 2026 David YE
606,352,BYD7150YT6HEV10,18.316,101,18.135,C-formula,同一行电池容量×100÷纯电续航,medium,Copyright © 2026 David YE
607,352,BYD7150YT6HEV4,37.555,176,21.338,C-formula,同一行电池容量×100÷纯电续航,medium,Copyright © 2026 David YE
608,352,BYD7150YT6HEV5,37.555,206,18.231,C-formula,同一行电池容量×100÷纯电续航,medium,Copyright © 2026 David YE
610,352,LXA6500SHEVMS,38.5,150,25.667,C-formula,同一行电池容量×100÷纯电续航,medium,Copyright © 2026 David YE
631,353,LXA6500SHEVMP,38.5,130,29.615,C-formula,同一行电池容量×100÷纯电续航,medium,Copyright © 2026 David YE
632,353,LXA6500SHEVMQ,38.5,130,29.615,C-formula,同一行电池容量×100÷纯电续航,medium,Copyright © 2026 David YE
667,354,BYD6482ST6HEV1,9.984,46,21.704,C-formula,同一行电池容量×100÷纯电续航,medium,Copyright © 2026 David YE
668,354,BYD6482ST6HEV2,18.316,82,22.337,C-formula,同一行电池容量×100÷纯电续航,medium,Copyright © 2026 David YE
669,354,BYD6482ST6HEV3,18.316,71,25.797,C-formula,同一行电池容量×100÷纯电续航,medium,Copyright © 2026 David YE
676,355,BQ6460N1BEV,63.59,418,15.213,C-formula,同一行电池容量×100÷纯电续航,medium,Copyright © 2026 David YE
736,355,FV6462HCDEHEV,13,46,28.261,C-formula,同一行电池容量×100÷纯电续航,medium,Copyright © 2026 David YE
741,356,BJ6539EVAA1,50.23,226,22.226,C-formula,同一行电池容量×100÷纯电续航,medium,Copyright © 2026 David YE
742,356,BJ7001A612BEV,93.6,708,13.22,C-formula,同一行电池容量×100÷纯电续航,medium,Copyright © 2026 David YE
743,356,BJ7001AUAF-BEV,93.6,708,13.22,C-formula,同一行电池容量×100÷纯电续航,medium,Copyright © 2026 David YE
773,356,CC6480CL01APHEV,39.67,195,20.344,C-formula,同一行电池容量×100÷纯电续航,medium,Copyright © 2026 David YE
774,356,CC6480CL21APHEV,39.67,169,23.473,C-formula,同一行电池容量×100÷纯电续航,medium,Copyright © 2026 David YE
786,357,BYD7004BEV6,45.12,420,10.743,C-formula,同一行电池容量×100÷纯电续航,medium,Copyright © 2026 David YE
787,357,BYD7004BEV7,45.12,401,11.252,C-formula,同一行电池容量×100÷纯电续航,medium,Copyright © 2026 David YE
832,357,BYD6461ST6HEV7,8.32,43,19.349,C-formula,同一行电池容量×100÷纯电续航,medium,Copyright © 2026 David YE
833,357,BYD6461ST6HEV8,18.316,85,21.548,C-formula,同一行电池容量×100÷纯电续航,medium,Copyright © 2026 David YE
834,357,BYD6482ST6HEV4,36.8,170,21.647,C-formula,同一行电池容量×100÷纯电续航,medium,Copyright © 2026 David YE
835,357,BYD6482ST6HEV5,36.8,150,24.533,C-formula,同一行电池容量×100÷纯电续航,medium,Copyright © 2026 David YE
836,357,BYD7150YT6HEV7,18.316,101,18.135,C-formula,同一行电池容量×100÷纯电续航,medium,Copyright © 2026 David YE
838,357,FV7147FADEBHEV,13,52,25,C-formula,同一行电池容量×100÷纯电续航,medium,Copyright © 2026 David YE
842,359,BJ6539EVAA2,50.23,275,18.265,C-formula,同一行电池容量×100÷纯电续航,medium,Copyright © 2026 David YE
889,359,QCJ6520MT6HEV,11.059,43,25.719,C-formula,同一行电池容量×100÷纯电续航,medium,Copyright © 2026 David YE
890,359,QCJ6520MT6HEV1,40.058,155,25.844,C-formula,同一行电池容量×100÷纯电续航,medium,Copyright © 2026 David YE
891,359,QCJ6520MT6HEV2,40.058,145,27.626,C-formula,同一行电池容量×100÷纯电续航,medium,Copyright © 2026 David YE
892,360,BJ7000C5DES-SEV,44.1,350,12.6,C-formula,同一行电池容量×100÷纯电续航,medium,Copyright © 2026 David YE
907,360,JWT6470SEV04,52.56,415,12.665,C-formula,同一行电池容量×100÷纯电续航,medium,Copyright © 2026 David YE
908,360,JWT7001SEV01,52.56,415,12.665,C-formula,同一行电池容量×100÷纯电续航,medium,Copyright © 2026 David YE
910,360,LZ6460XPF0EV,85.966,630,13.645,C-formula,同一行电池容量×100÷纯电续航,medium,Copyright © 2026 David YE
911,360,LZW7003EVB3MAB,31.7,301,10.532,C-formula,同一行电池容量×100÷纯电续航,medium,Copyright © 2026 David YE
912,360,LZW7004EVPWCB,13.4,170,7.882,C-formula,同一行电池容量×100÷纯电续航,medium,Copyright © 2026 David YE
927,360,CC6480CL21CPHEV,40.1,169,23.728,C-formula,同一行电池容量×100÷纯电续航,medium,Copyright © 2026 David YE
939,361,CC6470AH05EPHEV,19.94,86,23.186,C-formula,同一行电池容量×100÷纯电续航,medium,Copyright © 2026 David YE
940,361,CC6470AH05GPHEV,9.41,44,21.386,C-formula,同一行电池容量×100÷纯电续航,medium,Copyright © 2026 David YE
943,362,BYD6470SBEV5,72,505,14.257,C-formula,同一行电池容量×100÷纯电续航,medium,Copyright © 2026 David YE
946,362,CA6467BSEVA,53,401,13.217,C-formula,同一行电池容量×100÷纯电续航,medium,Copyright © 2026 David YE
974,362,LF6470SEV01,52.56,415,12.665,C-formula,同一行电池容量×100÷纯电续航,medium,Copyright © 2026 David YE
975,362,LF6470SEV02,52.56,415,12.665,C-formula,同一行电池容量×100÷纯电续航,medium,Copyright © 2026 David YE
976,362,LF6480SEV01,66.57,470,14.164,C-formula,同一行电池容量×100÷纯电续航,medium,Copyright © 2026 David YE
977,362,LZ7000SKD0EV,54.638,430,12.707,C-formula,同一行电池容量×100÷纯电续航,medium,Copyright © 2026 David YE
978,362,LZ7000SKD1EV,57.252,450,12.723,C-formula,同一行电池容量×100÷纯电续航,medium,Copyright © 2026 David YE
979,362,LZW7004EVPUAMB,13.9,170,8.176,C-formula,同一行电池容量×100÷纯电续航,medium,Copyright © 2026 David YE
983,362,NHQ6490BEVGG,78.2,570,13.719,C-formula,同一行电池容量×100÷纯电续航,medium,Copyright © 2026 David YE
984,362,NHQ6490BEVGM,98,702,13.96,C-formula,同一行电池容量×100÷纯电续航,medium,Copyright © 2026 David YE
985,362,NHQ6490BEVGN,98,650,15.077,C-formula,同一行电池容量×100÷纯电续航,medium,Copyright © 2026 David YE
993,362,DHW6472R7HEV,17.7,71,24.93,C-formula,同一行电池容量×100÷纯电续航,medium,Copyright © 2026 David YE
994,362,DXK6481ASPHEVH,19.4,94,20.638,C-formula,同一行电池容量×100÷纯电续航,medium,Copyright © 2026 David YE
997,362,LXA6511SHEVX1,40.9,168,24.345,C-formula,同一行电池容量×100÷纯电续航,medium,Copyright © 2026 David YE
998,362,LXA6520SHEVX2,42.6,175,24.343,C-formula,同一行电池容量×100÷纯电续航,medium,Copyright © 2026 David YE
999,362,LXA6520SHEVX4,42.6,175,24.343,C-formula,同一行电池容量×100÷纯电续航,medium,Copyright © 2026 David YE
1001,363,BJ6480A602BEV,68.1,480,14.187,C-formula,同一行电池容量×100÷纯电续航,medium,Copyright © 2026 David YE
1003,363,BJ7000C5DDK-BEV,49.6,401,12.369,C-formula,同一行电池容量×100÷纯电续航,medium,Copyright © 2026 David YE
1033,363,BYD6470MT6HEV10,18.316,85,21.548,C-formula,同一行电池容量×100÷纯电续航,medium,Copyright © 2026 David YE
1034,363,BYD6470MT6HEV11,8.32,43,19.349,C-formula,同一行电池容量×100÷纯电续航,medium,Copyright © 2026 David YE
1035,363,CC6470AH05FPHEV,19.27,86,22.407,C-formula,同一行电池容量×100÷纯电续航,medium,Copyright © 2026 David YE
1036,363,CC6470CF01APHEV,9.41,43,21.884,C-formula,同一行电池容量×100÷纯电续航,medium,Copyright © 2026 David YE
1037,363,CC6480AL02EPHEV,9.41,44,21.386,C-formula,同一行电池容量×100÷纯电续航,medium,Copyright © 2026 David YE
1038,363,CC6480AL02GPHEV,19.27,86,22.407,C-formula,同一行电池容量×100÷纯电续航,medium,Copyright © 2026 David YE
1039,363,CC6480CL01CPHEV,40.1,195,20.564,C-formula,同一行电池容量×100÷纯电续航,medium,Copyright © 2026 David YE
1040,363,CC6490AY02CPHEV,40.1,204,19.657,C-formula,同一行电池容量×100÷纯电续航,medium,Copyright © 2026 David YE
1041,363,CC6490AY02DPHEV,39.67,204,19.446,C-formula,同一行电池容量×100÷纯电续航,medium,Copyright © 2026 David YE
1042,363,CC6490AY22CPHEV,40.1,175,22.914,C-formula,同一行电池容量×100÷纯电续航,medium,Copyright © 2026 David YE
1043,363,CC6490AY22DPHEV,39.67,175,22.669,C-formula,同一行电池容量×100÷纯电续航,medium,Copyright © 2026 David YE
1044,363,CC6510BP20APHEV,42.5,180,23.611,C-formula,同一行电池容量×100÷纯电续航,medium,Copyright © 2026 David YE
1045,363,DXK6481AS1PHEVH,17.52,87,20.138,C-formula,同一行电池容量×100÷纯电续航,medium,Copyright © 2026 David YE
1058,365,BQ7000N2BEV,11.9,130,9.154,C-formula,同一行电池容量×100÷纯电续航,medium,Copyright © 2026 David YE
1059,365,BQ7000N3BEV,18.5,200,9.25,C-formula,同一行电池容量×100÷纯电续航,medium,Copyright © 2026 David YE
1065,365,DXK7001RD19BEV,16.8,220,7.636,C-formula,同一行电池容量×100÷纯电续航,medium,Copyright © 2026 David YE
1066,365,DXK7001RD20BEV,16.46,220,7.482,C-formula,同一行电池容量×100÷纯电续航,medium,Copyright © 2026 David YE
1084,365,LZW6450EVA6KAU,40.5,300,13.5,C-formula,同一行电池容量×100÷纯电续航,medium,Copyright © 2026 David YE
1085,365,LZW6450EVHKAU,40.5,300,13.5,C-formula,同一行电池容量×100÷纯电续航,medium,Copyright © 2026 David YE
1086,365,LZW7004EVC1UBJ,17.4,200,8.7,C-formula,同一行电池容量×100÷纯电续航,medium,Copyright © 2026 David YE
1087,365,LZW7007EVB3KAB,31.9,312,10.224,C-formula,同一行电池容量×100÷纯电续航,medium,Copyright © 2026 David YE
1088,365,LZW7007EVC1KBJ,17.3,170,10.176,C-formula,同一行电池容量×100÷纯电续航,medium,Copyright © 2026 David YE
1100,365,SGA6320BEVSH61B,16.57,201,8.244,C-formula,同一行电池容量×100÷纯电续航,medium,Copyright © 2026 David YE
1102,365,SH6531T1SEV-9,77,540,14.259,C-formula,同一行电池容量×100÷纯电续航,medium,Copyright © 2026 David YE
1106,365,BYD6470ST6HEV10,18.316,85,21.548,C-formula,同一行电池容量×100÷纯电续航,medium,Copyright © 2026 David YE
1107,365,BYD6470ST6HEV11,18.316,85,21.548,C-formula,同一行电池容量×100÷纯电续航,medium,Copyright © 2026 David YE
1108,365,BYD6470ST6HEV9,8.32,43,19.349,C-formula,同一行电池容量×100÷纯电续航,medium,Copyright © 2026 David YE
1109,365,BYD6490ST6HEV14,21.504,95,22.636,C-formula,同一行电池容量×100÷纯电续航,medium,Copyright © 2026 David YE
1110,365,BYD6490ST6HEV16,21.504,95,22.636,C-formula,同一行电池容量×100÷纯电续航,medium,Copyright © 2026 David YE
1114,365,CC6470AH05HPHEV,19.94,86,23.186,C-formula,同一行电池容量×100÷纯电续航,medium,Copyright © 2026 David YE
1115,365,CC6470AH05JPHEV,19.94,86,23.186,C-formula,同一行电池容量×100÷纯电续航,medium,Copyright © 2026 David YE
1116,365,CC6470AH05KPHEV,19.27,86,22.407,C-formula,同一行电池容量×100÷纯电续航,medium,Copyright © 2026 David YE
1117,365,CC6470AP02DPHEV,35.04,184,19.043,C-formula,同一行电池容量×100÷纯电续航,medium,Copyright © 2026 David YE
1118,365,CC6470AP22DPHEV,35.04,155,22.606,C-formula,同一行电池容量×100÷纯电续航,medium,Copyright © 2026 David YE
1119,365,CC6470CF01BPHEV,19.27,80,24.087,C-formula,同一行电池容量×100÷纯电续航,medium,Copyright © 2026 David YE
1120,365,CC6470CF01CPHEV,19.27,80,24.087,C-formula,同一行电池容量×100÷纯电续航,medium,Copyright © 2026 David YE
1121,365,CC6470CF01DPHEV,9.41,43,21.884,C-formula,同一行电池容量×100÷纯电续航,medium,Copyright © 2026 David YE
1122,365,CC6480AL02HPHEV,9.41,44,21.386,C-formula,同一行电池容量×100÷纯电续航,medium,Copyright © 2026 David YE
1123,365,CC6480AL02JPHEV,19.27,86,22.407,C-formula,同一行电池容量×100÷纯电续航,medium,Copyright © 2026 David YE
1124,365,CC6490AY02EPHEV,34,175,19.429,C-formula,同一行电池容量×100÷纯电续航,medium,Copyright © 2026 David YE
1125,365,CC6490AY22EPHEV,34,150,22.667,C-formula,同一行电池容量×100÷纯电续航,medium,Copyright © 2026 David YE
1126,365,CJL6451AL3HEV,15.5,52,29.808,C-formula,同一行电池容量×100÷纯电续航,medium,Copyright © 2026 David YE
1127,365,CJL6461AL2HEV,15.5,52,29.808,C-formula,同一行电池容量×100÷纯电续航,medium,Copyright © 2026 David YE
1129,365,GTM6471FFCHEVR,15.984,78,20.492,C-formula,同一行电池容量×100÷纯电续航,medium,Copyright © 2026 David YE
1130,365,GTM6471FWCHEVR,15.984,73,21.896,C-formula,同一行电池容量×100÷纯电续航,medium,Copyright © 2026 David YE
1131,365,LXA6502SHEVX1,40.9,170,24.059,C-formula,同一行电池容量×100÷纯电续航,medium,Copyright © 2026 David YE
1134,365,QCJ6520MT6HEV3,40,155,25.806,C-formula,同一行电池容量×100÷纯电续航,medium,Copyright © 2026 David YE
1135,365,QCJ6520MT6HEV4,40,145,27.586,C-formula,同一行电池容量×100÷纯电续航,medium,Copyright © 2026 David YE
1139,365,THZ7150SHEVS401,43.88,190,23.095,C-formula,同一行电池容量×100÷纯电续航,medium,Copyright © 2026 David YE
1140,365,THZ7150SHEVS402,43.51,190,22.9,C-formula,同一行电池容量×100÷纯电续航,medium,Copyright © 2026 David YE
1151,366,BRX6490DB5X0BEV,41.86,260,16.1,C-formula,同一行电池容量×100÷纯电续航,medium,Copyright © 2026 David YE
1159,366,CW7000BH00HABEV,63.87,555,11.508,C-formula,同一行电池容量×100÷纯电续航,medium,Copyright © 2026 David YE
1160,366,CW7000BH00NABEV,64.31,555,11.587,C-formula,同一行电池容量×100÷纯电续航,medium,Copyright © 2026 David YE
1161,366,CW7000BH01NBBEV,83.49,705,11.843,C-formula,同一行电池容量×100÷纯电续航,medium,Copyright © 2026 David YE
1162,366,CW7000BH21NCBEV,83.49,600,13.915,C-formula,同一行电池容量×100÷纯电续航,medium,Copyright © 2026 David YE
1192,367,BJ6470A50BEV,85.8,660,13,C-formula,同一行电池容量×100÷纯电续航,medium,Copyright © 2026 David YE
1193,367,BJ7001A619BEV,94.5,735,12.857,C-formula,同一行电池容量×100÷纯电续航,medium,Copyright © 2026 David YE
1194,367,BYD7001BEVA,30.08,305,9.862,C-formula,同一行电池容量×100÷纯电续航,medium,Copyright © 2026 David YE
1195,367,BYD7001BEVA1,38.88,405,9.6,C-formula,同一行电池容量×100÷纯电续航,medium,Copyright © 2026 David YE
1196,367,BYD7001BEVA2,30.08,305,9.862,C-formula,同一行电池容量×100÷纯电续航,medium,Copyright © 2026 David YE
1197,367,BYD7002BEV11,43.2,405,10.667,C-formula,同一行电池容量×100÷纯电续航,medium,Copyright © 2026 David YE
1198,367,BYD7003BEV11,47.04,401,11.731,C-formula,同一行电池容量×100÷纯电续航,medium,Copyright © 2026 David YE
1207,367,GAM6450BEVD0L,61.777,510,12.113,C-formula,同一行电池容量×100÷纯电续航,medium,Copyright © 2026 David YE
1208,367,GAM6450BEVD0M,61.777,510,12.113,C-formula,同一行电池容量×100÷纯电续航,medium,Copyright © 2026 David YE
1209,367,GAM6450BEVD0N,61.777,510,12.113,C-formula,同一行电池容量×100÷纯电续航,medium,Copyright © 2026 David YE
1214,367,GAM7001BEVA1B,55.507,480,11.564,C-formula,同一行电池容量×100÷纯电续航,medium,Copyright © 2026 David YE
1215,367,HFC6493EC1SEV1-W,100,625,16,C-formula,同一行电池容量×100÷纯电续航,medium,Copyright © 2026 David YE
1216,367,HFC6494ECSEV2-W,100,635,15.748,C-formula,同一行电池容量×100÷纯电续航,medium,Copyright © 2026 David YE
1219,367,LZ6460XPD0EV,57.859,430,13.456,C-formula,同一行电池容量×100÷纯电续航,medium,Copyright © 2026 David YE
1220,367,LZ6510NEB0EV,41.86,230,18.2,C-formula,同一行电池容量×100÷纯电续航,medium,Copyright © 2026 David YE
1221,367,LZ7000SKD3EV,48.444,405,11.961,C-formula,同一行电池容量×100÷纯电续航,medium,Copyright © 2026 David YE
1222,367,LZW7004EVJECD,13.4,170,7.882,C-formula,同一行电池容量×100÷纯电续航,medium,Copyright © 2026 David YE
1223,367,LZW7004EVJUCD,13.5,170,7.941,C-formula,同一行电池容量×100÷纯电续航,medium,Copyright © 2026 David YE
1224,367,LZW7004EVPUCD,13.5,170,7.941,C-formula,同一行电池容量×100÷纯电续航,medium,Copyright © 2026 David YE
1225,367,LZW7007EVB3KABB,31.9,333,9.58,C-formula,同一行电池容量×100÷纯电续航,medium,Copyright © 2026 David YE
1226,367,LZW7007EVC1KBJB,17.3,203,8.522,C-formula,同一行电池容量×100÷纯电续航,medium,Copyright © 2026 David YE
1236,367,CC6470AP02CPHEV,35.43,184,19.255,C-formula,同一行电池容量×100÷纯电续航,medium,Copyright © 2026 David YE
1237,367,CC6470AP02EPHEV,27.54,145,18.993,C-formula,同一行电池容量×100÷纯电续航,medium,Copyright © 2026 David YE
1238,367,CC6470AP02FPHEV,27.88,145,19.228,C-formula,同一行电池容量×100÷纯电续航,medium,Copyright © 2026 David YE
1239,367,CC6470AP22CPHEV,35.43,155,22.858,C-formula,同一行电池容量×100÷纯电续航,medium,Copyright © 2026 David YE
1240,367,CC6520BP00BPHEV,35,153,22.876,C-formula,同一行电池容量×100÷纯电续航,medium,Copyright © 2026 David YE
1241,367,CC6520BP20CPHEV,42.5,180,23.611,C-formula,同一行电池容量×100÷纯电续航,medium,Copyright © 2026 David YE
1245,367,GHA6471RAC6APHEV,17.7,73,24.247,C-formula,同一行电池容量×100÷纯电续航,medium,Copyright © 2026 David YE
1247,367,LXA6502SHEVX3,41.3,170,24.294,C-formula,同一行电池容量×100÷纯电续航,medium,Copyright © 2026 David YE
1248,367,LXA6511SHEVX4,41.4,168,24.643,C-formula,同一行电池容量×100÷纯电续航,medium,Copyright © 2026 David YE
1257,368,BYD7003BEVA4,60.48,510,11.859,C-formula,同一行电池容量×100÷纯电续航,medium,Copyright © 2026 David YE
1258,368,CW7000BH00HABEV,63.87,555,11.508,C-formula,同一行电池容量×100÷纯电续航,medium,Copyright © 2026 David YE
1259,368,CW7000BH00NABEV,64.31,555,11.587,C-formula,同一行电池容量×100÷纯电续航,medium,Copyright © 2026 David YE
1260,368,CW7000BH01NBBEV,83.49,705,11.843,C-formula,同一行电池容量×100÷纯电续航,medium,Copyright © 2026 David YE
1261,368,CW7000BH21NCBEV,83.49,600,13.915,C-formula,同一行电池容量×100÷纯电续航,medium,Copyright © 2026 David YE
1262,368,HFC6483EC1SEV1-W,100,630,15.873,C-formula,同一行电池容量×100÷纯电续航,medium,Copyright © 2026 David YE
1266,368,LZW7007EVB3VAB,31.9,333,9.58,C-formula,同一行电池容量×100÷纯电续航,medium,Copyright © 2026 David YE
1267,368,LZW7007EVC2MBMA,28.1,303,9.274,C-formula,同一行电池容量×100÷纯电续航,medium,Copyright © 2026 David YE
1268,368,LZW7007EVD2MBMA,28.1,303,9.274,C-formula,同一行电池容量×100÷纯电续航,medium,Copyright © 2026 David YE
1271,368,MR7005BEV07,66,500,13.2,C-formula,同一行电池容量×100÷纯电续航,medium,Copyright © 2026 David YE
1283,368,BYD6471ST6HEV1,9.331,43,21.7,C-formula,同一行电池容量×100÷纯电续航,medium,Copyright © 2026 David YE
1284,368,BYD6471ST6HEV2,18.316,85,21.548,C-formula,同一行电池容量×100÷纯电续航,medium,Copyright © 2026 David YE
1285,368,BYD6471ST6HEV3,18.316,85,21.548,C-formula,同一行电池容量×100÷纯电续航,medium,Copyright © 2026 David YE
1286,368,BYD6482ST6HEV6,18.316,82,22.337,C-formula,同一行电池容量×100÷纯电续航,medium,Copyright © 2026 David YE
1287,368,CC6460BM02APHEV,19.27,96,20.073,C-formula,同一行电池容量×100÷纯电续航,medium,Copyright © 2026 David YE
1288,368,CC6460BM02BPHEV,9.41,45,20.911,C-formula,同一行电池容量×100÷纯电续航,medium,Copyright © 2026 David YE
1289,368,CC6460BM02CPHEV,19.27,96,20.073,C-formula,同一行电池容量×100÷纯电续航,medium,Copyright © 2026 David YE
1290,368,CC6460BM02DPHEV,9.41,45,20.911,C-formula,同一行电池容量×100÷纯电续航,medium,Copyright © 2026 David YE
1291,368,CC6480BT03APHEV,9.41,44,21.386,C-formula,同一行电池容量×100÷纯电续航,medium,Copyright © 2026 David YE
1292,368,CC6480BT03BPHEV,19.27,86,22.407,C-formula,同一行电池容量×100÷纯电续航,medium,Copyright © 2026 David YE
1293,368,CC6480BT03CPHEV,9.41,44,21.386,C-formula,同一行电池容量×100÷纯电续航,medium,Copyright © 2026 David YE
1294,368,CC6480BT03DPHEV,19.27,86,22.407,C-formula,同一行电池容量×100÷纯电续航,medium,Copyright © 2026 David YE
1295,368,CC6480BT25APHEV,19.27,83,23.217,C-formula,同一行电池容量×100÷纯电续航,medium,Copyright © 2026 David YE
1297,368,LXA6502SHEVX2,40.9,170,24.059,C-formula,同一行电池容量×100÷纯电续航,medium,Copyright © 2026 David YE
1298,368,LXA6511SHEVX3,40.9,168,24.345,C-formula,同一行电池容量×100÷纯电续航,medium,Copyright © 2026 David YE
1300,369,BJ7001A616BEV,94.6,650,14.554,C-formula,同一行电池容量×100÷纯电续航,medium,Copyright © 2026 David YE
1304,369,CC7000BH00HCBEV,63.87,555,11.508,C-formula,同一行电池容量×100÷纯电续航,medium,Copyright © 2026 David YE
1305,369,CC7000BJ00GABEV,49.92,401,12.449,C-formula,同一行电池容量×100÷纯电续航,medium,Copyright © 2026 David YE
1306,369,CC7000BJ00NABEV,47.8,401,11.92,C-formula,同一行电池容量×100÷纯电续航,medium,Copyright © 2026 David YE
1313,369,HFC7004CSEV1-W,70,530,13.208,C-formula,同一行电池容量×100÷纯电续航,medium,Copyright © 2026 David YE
1315,369,LZ7000SKD6EV,50.646,430,11.778,C-formula,同一行电池容量×100÷纯电续航,medium,Copyright © 2026 David YE
1316,369,LZW6520EVC7EBNC,56.6,360,15.722,C-formula,同一行电池容量×100÷纯电续航,medium,Copyright © 2026 David YE
1317,369,LZW7007EVB3UAB,31.9,333,9.58,C-formula,同一行电池容量×100÷纯电续航,medium,Copyright © 2026 David YE
1319,369,NHQ6480BEVFA,66,580,11.379,C-formula,同一行电池容量×100÷纯电续航,medium,Copyright © 2026 David YE
1320,369,NHQ6480BEVFB,87.5,755,11.589,C-formula,同一行电池容量×100÷纯电续航,medium,Copyright © 2026 David YE
1321,369,NHQ6480BEVFC,87.5,700,12.5,C-formula,同一行电池容量×100÷纯电续航,medium,Copyright © 2026 David YE
1324,369,QCJ6491SBEV3,91.392,630,14.507,C-formula,同一行电池容量×100÷纯电续航,medium,Copyright © 2026 David YE
1325,369,QCJ6491SBEV4,91.392,702,13.019,C-formula,同一行电池容量×100÷纯电续航,medium,Copyright © 2026 David YE
1340,369,BYD6482ST6HEV7,36.8,170,21.647,C-formula,同一行电池容量×100÷纯电续航,medium,Copyright © 2026 David YE
1341,369,BYD6482ST6HEV8,18.316,82,22.337,C-formula,同一行电池容量×100÷纯电续航,medium,Copyright © 2026 David YE
1342,369,CC6480BT25CPHEV,19.94,83,24.024,C-formula,同一行电池容量×100÷纯电续航,medium,Copyright © 2026 David YE
1343,369,CC6520BP00DPHEV,35,153,22.876,C-formula,同一行电池容量×100÷纯电续航,medium,Copyright © 2026 David YE
1348,369,SKE6470SSHEVA8S,40.055,150,26.703,C-formula,同一行电池容量×100÷纯电续航,medium,Copyright © 2026 David YE
1349,369,SKE6470SSHEVR2,40.055,160,25.034,C-formula,同一行电池容量×100÷纯电续航,medium,Copyright © 2026 David YE
1350,369,SKE6480SSHEVA8S,40.055,175,22.889,C-formula,同一行电池容量×100÷纯电续航,medium,Copyright © 2026 David YE
1353,370,BJ6450D46BEV,58.8,500,11.76,C-formula,同一行电池容量×100÷纯电续航,medium,Copyright © 2026 David YE
1354,370,BYD6483SBEV,71.808,520,13.809,C-formula,同一行电池容量×100÷纯电续航,medium,Copyright © 2026 David YE
1355,370,BYD6483SBEV1,87.04,605,14.387,C-formula,同一行电池容量×100÷纯电续航,medium,Copyright © 2026 David YE
1357,370,CC6460BM00HABEV,60.5,500,12.1,C-formula,同一行电池容量×100÷纯电续航,medium,Copyright © 2026 David YE
1358,370,CC6460BM03HBBEV,79.62,600,13.27,C-formula,同一行电池容量×100÷纯电续航,medium,Copyright © 2026 David YE
1359,370,CC7000BH00NEBEV,64.31,555,11.587,C-formula,同一行电池容量×100÷纯电续航,medium,Copyright © 2026 David YE
1360,370,CGC7000BEV2J6,20.42,230,8.878,C-formula,同一行电池容量×100÷纯电续航,medium,Copyright © 2026 David YE
1366,370,FV7007AABEV,84.8,642,13.209,C-formula,同一行电池容量×100÷纯电续航,medium,Copyright © 2026 David YE
1378,370,LTS6510H7BEV,112,720,15.556,C-formula,同一行电池容量×100÷纯电续航,medium,Copyright © 2026 David YE
1380,370,LZW6450EVA1,31.9,230,13.87,C-formula,同一行电池容量×100÷纯电续航,medium,Copyright © 2026 David YE
1381,370,LZW7007EVA1,28.1,309,9.094,C-formula,同一行电池容量×100÷纯电续航,medium,Copyright © 2026 David YE
1383,370,QCJ6490SBEV2,108.8,736,14.783,C-formula,同一行电池容量×100÷纯电续航,medium,Copyright © 2026 David YE
1384,370,QCJ6490SBEV3,108.8,640,17,C-formula,同一行电池容量×100÷纯电续航,medium,Copyright © 2026 David YE
1389,370,SGM6491BCBEV,79.7,603,13.217,C-formula,同一行电池容量×100÷纯电续航,medium,Copyright © 2026 David YE
1395,370,SH6491N1SEV-9,90,527,17.078,C-formula,同一行电池容量×100÷纯电续航,medium,Copyright © 2026 David YE
1402,370,CC6480BT25DPHEV,19.27,83,23.217,C-formula,同一行电池容量×100÷纯电续航,medium,Copyright © 2026 David YE
1414,371,BYD7003BEV12,38,320,11.875,C-formula,同一行电池容量×100÷纯电续航,medium,Copyright © 2026 David YE
1415,371,CC7000BJ00HEBEV,47.78,401,11.915,C-formula,同一行电池容量×100÷纯电续航,medium,Copyright © 2026 David YE
1416,371,CGC7000BEV2J7,88.42,720,12.281,C-formula,同一行电池容量×100÷纯电续航,medium,Copyright © 2026 David YE
1427,371,LZ6510NPD0EV,67.501,460,14.674,C-formula,同一行电池容量×100÷纯电续航,medium,Copyright © 2026 David YE
1436,371,MR7005BEV08,66,500,13.2,C-formula,同一行电池容量×100÷纯电续航,medium,Copyright © 2026 David YE
1439,371,NHQ7000BEVEJ,74,586,12.628,C-formula,同一行电池容量×100÷纯电续航,medium,Copyright © 2026 David YE
1469,372,BYD7008BEVA11,47.5,420,11.31,C-formula,同一行电池容量×100÷纯电续航,medium,Copyright © 2026 David YE
1470,372,CGC6481BEV2P3,70.08,490,14.302,C-formula,同一行电池容量×100÷纯电续航,medium,Copyright © 2026 David YE
1476,372,FV7007ABBEV,84.8,570,14.877,C-formula,同一行电池容量×100÷纯电续航,medium,Copyright © 2026 David YE
1490,372,LF6461SEV01,68.03,605,11.245,C-formula,同一行电池容量×100÷纯电续航,medium,Copyright © 2026 David YE
1537,373,BJ6480A607BEV,81,618,13.107,C-formula,同一行电池容量×100÷纯电续航,medium,Copyright © 2026 David YE
1538,373,BJ7001A61FBEV,81,650,12.462,C-formula,同一行电池容量×100÷纯电续航,medium,Copyright © 2026 David YE
1539,373,CGC7000BEV2J8,88.42,620,14.261,C-formula,同一行电池容量×100÷纯电续航,medium,Copyright © 2026 David YE
1580,373,YGM7000BEVBD1,15.12,172,8.791,C-formula,同一行电池容量×100÷纯电续航,medium,Copyright © 2026 David YE
1611,373,SKE6500SSHEVA3S,40.06,162,24.728,C-formula,同一行电池容量×100÷纯电续航,medium,Copyright © 2026 David YE
1612,373,SKE6500SSHEVR2,40.06,175,22.891,C-formula,同一行电池容量×100÷纯电续航,medium,Copyright © 2026 David YE
1613,374,BJ7001A512BEV,65,560,11.607,C-formula,同一行电池容量×100÷纯电续航,medium,Copyright © 2026 David YE
1622,374,BYD7007BEVA,71.808,550,13.056,C-formula,同一行电池容量×100÷纯电续航,medium,Copyright © 2026 David YE
1623,374,BYD7007BEVA1,87.04,662,13.148,C-formula,同一行电池容量×100÷纯电续航,medium,Copyright © 2026 David YE
1624,374,BYD7007BEVA2,87.04,602,14.458,C-formula,同一行电池容量×100÷纯电续航,medium,Copyright © 2026 David YE
1629,374,CGC6521BEV2S2,88.42,560,15.789,C-formula,同一行电池容量×100÷纯电续航,medium,Copyright © 2026 David YE
1651,374,LZW7004EVA2,13.5,170,7.941,C-formula,同一行电池容量×100÷纯电续航,medium,Copyright © 2026 David YE
1662,374,NHQ7001BEVEE,64.4,550,11.709,C-formula,同一行电池容量×100÷纯电续航,medium,Copyright © 2026 David YE
1687,374,CC6480BT25EPHEV,19.09,83,23,C-formula,同一行电池容量×100÷纯电续航,medium,Copyright © 2026 David YE
1688,374,CC6480CW20CPHEV,18.74,81,23.136,C-formula,同一行电池容量×100÷纯电续航,medium,Copyright © 2026 David YE
1707,375,BJ6480A606BEV,65,500,13,C-formula,同一行电池容量×100÷纯电续航,medium,Copyright © 2026 David YE
1708,375,BJ7001A61EBEV,65,525,12.381,C-formula,同一行电池容量×100÷纯电续航,medium,Copyright © 2026 David YE
1710,375,CC7000BH00NDBEV,64.31,555,11.587,C-formula,同一行电池容量×100÷纯电续航,medium,Copyright © 2026 David YE
1711,375,CGC6521BEV2S1,88.42,610,14.495,C-formula,同一行电池容量×100÷纯电续航,medium,Copyright © 2026 David YE
1712,375,CSA6492LBEV6,100,725,13.793,C-formula,同一行电池容量×100÷纯电续航,medium,Copyright © 2026 David YE
1720,375,GAM6490BEVH0C,80.062,672,11.914,C-formula,同一行电池容量×100÷纯电续航,medium,Copyright © 2026 David YE
1726,375,LTS7000H1BEV,102,585,17.436,C-formula,同一行电池容量×100÷纯电续航,medium,Copyright © 2026 David YE
1727,375,LTS7000H2BEV,102,520,19.615,C-formula,同一行电池容量×100÷纯电续航,medium,Copyright © 2026 David YE
1735,375,MR7008BEV03,100,682,14.663,C-formula,同一行电池容量×100÷纯电续航,medium,Copyright © 2026 David YE
1738,375,NHQ6530BEVHA,84.5,610,13.852,C-formula,同一行电池容量×100÷纯电续航,medium,Copyright © 2026 David YE
1739,375,NHQ6530BEVHB,101.5,702,14.459,C-formula,同一行电池容量×100÷纯电续航,medium,Copyright © 2026 David YE
1740,375,NHQ6530BEVHC,101.5,640,15.859,C-formula,同一行电池容量×100÷纯电续航,medium,Copyright © 2026 David YE
1742,375,QCJ6491SBEV,71.808,540,13.298,C-formula,同一行电池容量×100÷纯电续航,medium,Copyright © 2026 David YE
1748,375,TSL7000BEVAR7,60,606,9.901,C-formula,同一行电池容量×100÷纯电续航,medium,Copyright © 2026 David YE
1749,375,TSL7000BEVBA4,78.4,713,10.996,C-formula,同一行电池容量×100÷纯电续航,medium,Copyright © 2026 David YE
1753,375,WHJ7000BEVHH111,17.28,201,8.597,C-formula,同一行电池容量×100÷纯电续航,medium,Copyright © 2026 David YE
1773,376,BJ6470A503BEV,85.8,710,12.085,C-formula,同一行电池容量×100÷纯电续航,medium,Copyright © 2026 David YE
1776,376,CC7000BJ00HGBEV,57.7,480,12.021,C-formula,同一行电池容量×100÷纯电续航,medium,Copyright © 2026 David YE
1777,376,CGC7000BEV2J9,81.05,660,12.28,C-formula,同一行电池容量×100÷纯电续航,medium,Copyright © 2026 David YE
1783,376,FV6465BBBBEV,80.4,585,13.744,C-formula,同一行电池容量×100÷纯电续航,medium,Copyright © 2026 David YE
1784,376,FV6465BCCBEV,80.4,545,14.752,C-formula,同一行电池容量×100÷纯电续航,medium,Copyright © 2026 David YE
1785,376,FV6469AAABEV,80.4,587,13.697,C-formula,同一行电池容量×100÷纯电续航,medium,Copyright © 2026 David YE
1786,376,FV6469ABBBEV,80.4,547,14.698,C-formula,同一行电池容量×100÷纯电续航,medium,Copyright © 2026 David YE
1787,376,FV6498BBEBEV,80.4,579,13.886,C-formula,同一行电池容量×100÷纯电续航,medium,Copyright © 2026 David YE
1788,376,FV6498BBFBEV,80.4,587,13.697,C-formula,同一行电池容量×100÷纯电续航,medium,Copyright © 2026 David YE
1789,376,FV6498BCCBEV,80.4,548,14.672,C-formula,同一行电池容量×100÷纯电续航,medium,Copyright © 2026 David YE
1791,376,GAM6490BEVH0L,80.062,672,11.914,C-formula,同一行电池容量×100÷纯电续航,medium,Copyright © 2026 David YE
1795,376,LF6462SEV01,68.03,605,11.245,C-formula,同一行电池容量×100÷纯电续航,medium,Copyright © 2026 David YE
1800,376,NHQ7001BEVDG,55.4,480,11.542,C-formula,同一行电池容量×100÷纯电续航,medium,Copyright © 2026 David YE
1817,376,TSL6480BEVAR3,60,554,10.83,C-formula,同一行电池容量×100÷纯电续航,medium,Copyright © 2026 David YE
1818,376,TSL6480BEVAR4,60,532,11.278,C-formula,同一行电池容量×100÷纯电续航,medium,Copyright © 2026 David YE
1823,376,CC6470CF01EPHEV,18.74,80,23.425,C-formula,同一行电池容量×100÷纯电续航,medium,Copyright © 2026 David YE
1826,377,BJ6480A608BEV,91.8,688,13.343,C-formula,同一行电池容量×100÷纯电续航,medium,Copyright © 2026 David YE
1828,377,BJ7000MBEVA1,101,800,12.625,C-formula,同一行电池容量×100÷纯电续航,medium,Copyright © 2026 David YE
1829,377,BJ7000MBEVR2,73.6,668,11.018,C-formula,同一行电池容量×100÷纯电续航,medium,Copyright © 2026 David YE
1830,377,BJ7001A61CBEV,91.8,735,12.49,C-formula,同一行电池容量×100÷纯电续航,medium,Copyright © 2026 David YE
1831,377,BJ7001A61DBEV,91.8,735,12.49,C-formula,同一行电池容量×100÷纯电续航,medium,Copyright © 2026 David YE
1832,377,BJ7001A61GBEV,74.5,582,12.801,C-formula,同一行电池容量×100÷纯电续航,medium,Copyright © 2026 David YE
1833,377,BJ7001A61HBEV,74.5,602,12.375,C-formula,同一行电池容量×100÷纯电续航,medium,Copyright © 2026 David YE
1837,377,CGC6521BEV2S3,81.05,510,15.892,C-formula,同一行电池容量×100÷纯电续航,medium,Copyright © 2026 David YE
1838,377,CGC6521BEV2S4,81.05,560,14.473,C-formula,同一行电池容量×100÷纯电续航,medium,Copyright © 2026 David YE
1839,377,CGC7000BEV2J10,90.38,635,14.233,C-formula,同一行电池容量×100÷纯电续航,medium,Copyright © 2026 David YE
1840,377,CGC7000BEV2J11,90.38,735,12.297,C-formula,同一行电池容量×100÷纯电续航,medium,Copyright © 2026 David YE
1868,377,MR7005BEV13,75.6,580,13.034,C-formula,同一行电池容量×100÷纯电续航,medium,Copyright © 2026 David YE
1869,377,MR7005BEV15,100.01,723,13.833,C-formula,同一行电池容量×100÷纯电续航,medium,Copyright © 2026 David YE
1893,378,BJ6480A608BEV,91.8,688,13.343,C-formula,同一行电池容量×100÷纯电续航,medium,Copyright © 2026 David YE
1900,378,BYD6433SBEV,32,301,10.631,C-formula,同一行电池容量×100÷纯电续航,medium,Copyright © 2026 David YE
1901,378,BYD6433SBEV1,45.12,401,11.252,C-formula,同一行电池容量×100÷纯电续航,medium,Copyright © 2026 David YE
1902,378,BYD6433SBEV2,45.12,401,11.252,C-formula,同一行电池容量×100÷纯电续航,medium,Copyright © 2026 David YE
1903,378,CGC6521BEV2S5,90.38,575,15.718,C-formula,同一行电池容量×100÷纯电续航,medium,Copyright © 2026 David YE
1904,378,CGC6521BEV2S6,90.38,625,14.461,C-formula,同一行电池容量×100÷纯电续航,medium,Copyright © 2026 David YE
1905,378,CGC7000BEV2J12,81.05,560,14.473,C-formula,同一行电池容量×100÷纯电续航,medium,Copyright © 2026 David YE
1906,378,CGC7000BEV2J13,70.25,560,12.545,C-formula,同一行电池容量×100÷纯电续航,medium,Copyright © 2026 David YE
1908,378,CSA7005DBEV7,77,640,12.031,C-formula,同一行电池容量×100÷纯电续航,medium,Copyright © 2026 David YE
1910,378,CSA7005DSEV5,77,640,12.031,C-formula,同一行电池容量×100÷纯电续航,medium,Copyright © 2026 David YE
1917,378,GAM6490BEVH0R,99.456,825,12.055,C-formula,同一行电池容量×100÷纯电续航,medium,Copyright © 2026 David YE
1929,378,NAL6482BSEVC1,70,575,12.174,C-formula,同一行电池容量×100÷纯电续航,medium,Copyright © 2026 David YE
1930,378,NAL6492BSEVA1,70,575,12.174,C-formula,同一行电池容量×100÷纯电续航,medium,Copyright © 2026 David YE
1931,378,NAL6492BSEVA2,70,455,15.385,C-formula,同一行电池容量×100÷纯电续航,medium,Copyright © 2026 David YE
1932,378,NAL6492BSEVC1,70,575,12.174,C-formula,同一行电池容量×100÷纯电续航,medium,Copyright © 2026 David YE
1933,378,NAL6512BSEVA1,70,430,16.279,C-formula,同一行电池容量×100÷纯电续航,medium,Copyright © 2026 David YE
1934,378,NAL7002BSEVB1,70,705,9.929,C-formula,同一行电池容量×100÷纯电续航,medium,Copyright © 2026 David YE
1935,378,NAL7002BSEVC1,70,500,14,C-formula,同一行电池容量×100÷纯电续航,medium,Copyright © 2026 David YE
1936,378,NAL7002BSEVC2,70,475,14.737,C-formula,同一行电池容量×100÷纯电续航,medium,Copyright © 2026 David YE
1939,378,QCJ7000AFBEV1,80,465,17.204,C-formula,同一行电池容量×100÷纯电续航,medium,Copyright © 2026 David YE
1973,379,BYD6486SBEV,71.808,550,13.056,C-formula,同一行电池容量×100÷纯电续航,medium,Copyright © 2026 David YE
1974,379,BYD6486SBEV1,80.64,550,14.662,C-formula,同一行电池容量×100÷纯电续航,medium,Copyright © 2026 David YE
1975,379,BYD6486SBEV2,80.64,610,13.22,C-formula,同一行电池容量×100÷纯电续航,medium,Copyright © 2026 David YE
1976,379,BYD7002BEVA14,21.12,201,10.507,C-formula,同一行电池容量×100÷纯电续航,medium,Copyright © 2026 David YE
1977,379,BYD7004BEV9,32.256,302,10.681,C-formula,同一行电池容量×100÷纯电续航,medium,Copyright © 2026 David YE
1981,379,CSA7002EBEV2,90,700,12.857,C-formula,同一行电池容量×100÷纯电续航,medium,Copyright © 2026 David YE
1982,379,CSA7002EBEV4,100,750,13.333,C-formula,同一行电池容量×100÷纯电续航,medium,Copyright © 2026 David YE
1983,379,DHW7001RMBEV,68.8,530,12.981,C-formula,同一行电池容量×100÷纯电续航,medium,Copyright © 2026 David YE
1995,379,LTS7000H4BEV,102,650,15.692,C-formula,同一行电池容量×100÷纯电续航,medium,Copyright © 2026 David YE
1997,379,LZW7007EVC1,37.9,401,9.451,C-formula,同一行电池容量×100÷纯电续航,medium,Copyright © 2026 David YE
1998,379,LZW7007EVC2,50.6,510,9.922,C-formula,同一行电池容量×100÷纯电续航,medium,Copyright © 2026 David YE
1999,379,LZW7009EVA3,54.5,510,10.686,C-formula,同一行电池容量×100÷纯电续航,medium,Copyright © 2026 David YE
2011,379,QCJ7000BTBEV1,135.5,800,16.938,C-formula,同一行电池容量×100÷纯电续航,medium,Copyright © 2026 David YE
2012,379,QCJ7000BTBEV2,135.5,720,18.819,C-formula,同一行电池容量×100÷纯电续航,medium,Copyright © 2026 David YE
2013,379,SAL7000AB00ABEV,51.497,456,11.293,C-formula,同一行电池容量×100÷纯电续航,medium,Copyright © 2026 David YE
2014,379,SAL7000AB01ABEV,51.497,452,11.393,C-formula,同一行电池容量×100÷纯电续航,medium,Copyright © 2026 David YE
2015,379,SC6501AAABEV,89.98,701,12.836,C-formula,同一行电池容量×100÷纯电续航,medium,Copyright © 2026 David YE
2016,379,SC6501ABABEV,89.98,651,13.822,C-formula,同一行电池容量×100÷纯电续航,medium,Copyright © 2026 David YE
2042,379,SC6502ACA6HEV,35.07,146,24.021,C-formula,同一行电池容量×100÷纯电续航,medium,Copyright © 2026 David YE
2048,379,SKE6520SSHEVA2S,50.041,225,22.24,C-formula,同一行电池容量×100÷纯电续航,medium,Copyright © 2026 David YE
2054,380,BJ7001A514BEV,79.2,708,11.186,C-formula,同一行电池容量×100÷纯电续航,medium,Copyright © 2026 David YE
2056,380,CA7001H0EVD,85,690,12.319,C-formula,同一行电池容量×100÷纯电续航,medium,Copyright © 2026 David YE
2057,380,CA7001H0EVXC,85,665,12.782,C-formula,同一行电池容量×100÷纯电续航,medium,Copyright © 2026 David YE
2058,380,CA7001H0EVXD,85,640,13.281,C-formula,同一行电池容量×100÷纯电续航,medium,Copyright © 2026 David YE
2059,380,CGC6521BEV2S7,88.42,560,15.789,C-formula,同一行电池容量×100÷纯电续航,medium,Copyright © 2026 David YE
2060,380,CGC7001BEV2J1,88.42,620,14.261,C-formula,同一行电池容量×100÷纯电续航,medium,Copyright © 2026 David YE
2061,380,CSA7002EBEV1,75,570,13.158,C-formula,同一行电池容量×100÷纯电续航,medium,Copyright © 2026 David YE
2062,380,CSA7002EBEV3,100,850,11.765,C-formula,同一行电池容量×100÷纯电续航,medium,Copyright © 2026 David YE
2065,380,FZ6470BEVC10F,52.9,410,12.902,C-formula,同一行电池容量×100÷纯电续航,medium,Copyright © 2026 David YE
2066,380,FZ7000BEV16,21.6,200,10.8,C-formula,同一行电池容量×100÷纯电续航,medium,Copyright © 2026 David YE
2067,380,FZ7000BEVC01R,62.8,525,11.962,C-formula,同一行电池容量×100÷纯电续航,medium,Copyright © 2026 David YE
2068,380,FZ7000BEVC01S,62.8,525,11.962,C-formula,同一行电池容量×100÷纯电续航,medium,Copyright © 2026 David YE
2069,380,HFC6521EV3C8,77.28,440,17.564,C-formula,同一行电池容量×100÷纯电续航,medium,Copyright © 2026 David YE
2070,380,HFC6521EV3C8G,77.28,440,17.564,C-formula,同一行电池容量×100÷纯电续航,medium,Copyright © 2026 David YE
2071,380,HFC7002EWEV4,34.5,330,10.455,C-formula,同一行电池容量×100÷纯电续航,medium,Copyright © 2026 David YE
2072,380,HKL7001BEV1,17.28,195,8.862,C-formula,同一行电池容量×100÷纯电续航,medium,Copyright © 2026 David YE
2073,380,LZD7001BEV21,17.18,205,8.38,C-formula,同一行电池容量×100÷纯电续航,medium,Copyright © 2026 David YE
2074,380,LZD7001BEV22,17.3,201,8.607,C-formula,同一行电池容量×100÷纯电续航,medium,Copyright © 2026 David YE
2081,380,SVW7001DEV,80.2,633,12.67,C-formula,同一行电池容量×100÷纯电续航,medium,Copyright © 2026 David YE
2082,380,SVW7001FEV,80.2,633,12.67,C-formula,同一行电池容量×100÷纯电续航,medium,Copyright © 2026 David YE
2109,380,SH6491N1CHEV,24.7,110,22.455,C-formula,同一行电池容量×100÷纯电续航,medium,Copyright © 2026 David YE
2111,380,SH6531T1CHEV,24.7,101,24.455,C-formula,同一行电池容量×100÷纯电续航,medium,Copyright © 2026 David YE
2112,380,SH6532T1CHEV,39.7,175,22.686,C-formula,同一行电池容量×100÷纯电续航,medium,Copyright © 2026 David YE
2116,381,BJ7000K713BEV,79.9,672,11.89,C-formula,同一行电池容量×100÷纯电续航,medium,Copyright © 2026 David YE
2117,381,BJ7000K714BEV,97.6,816,11.961,C-formula,同一行电池容量×100÷纯电续航,medium,Copyright © 2026 David YE
2118,381,BJ7000K715BEV,97.6,665,14.677,C-formula,同一行电池容量×100÷纯电续航,medium,Copyright © 2026 David YE
2119,381,BJ7000MBEVR3,94.3,830,11.361,C-formula,同一行电池容量×100÷纯电续航,medium,Copyright © 2026 David YE
2120,381,BYD7006BEVA10,80.64,650,12.406,C-formula,同一行电池容量×100÷纯电续航,medium,Copyright © 2026 David YE
2121,381,BYD7006BEVA6,61.44,510,12.047,C-formula,同一行电池容量×100÷纯电续航,medium,Copyright © 2026 David YE
2122,381,BYD7006BEVA8,80.64,600,13.44,C-formula,同一行电池容量×100÷纯电续航,medium,Copyright © 2026 David YE
2123,381,CA7001H0SEVA,74.7,600,12.45,C-formula,同一行电池容量×100÷纯电续航,medium,Copyright © 2026 David YE
2124,381,CGC6521BEV2S8,90.38,575,15.718,C-formula,同一行电池容量×100÷纯电续航,medium,Copyright © 2026 David YE
2125,381,CGC6521BEV2S9,98,650,15.077,C-formula,同一行电池容量×100÷纯电续航,medium,Copyright © 2026 David YE
2126,381,CGC7000BEV2J14,98,720,13.611,C-formula,同一行电池容量×100÷纯电续航,medium,Copyright © 2026 David YE
2127,381,CGC7001BEV2J2,90.38,635,14.233,C-formula,同一行电池容量×100÷纯电续航,medium,Copyright © 2026 David YE
2130,381,DHW7001D3BEV,59.22,520,11.388,C-formula,同一行电池容量×100÷纯电续航,medium,Copyright © 2026 David YE
2137,381,LZW7004EVA7,17.3,215,8.047,C-formula,同一行电池容量×100÷纯电续航,medium,Copyright © 2026 David YE
2143,381,QCJ6491SBEV7,71.808,550,13.056,C-formula,同一行电池容量×100÷纯电续航,medium,Copyright © 2026 David YE
2144,381,SAL7000AC00ABEV,51.497,450,11.444,C-formula,同一行电池容量×100÷纯电续航,medium,Copyright © 2026 David YE
2145,381,SAL7000AC01ABEV,51.497,445,11.572,C-formula,同一行电池容量×100÷纯电续航,medium,Copyright © 2026 David YE
2146,381,SC6480V7Q6B1BEV,38.64,259,14.919,C-formula,同一行电池容量×100÷纯电续航,medium,Copyright © 2026 David YE
2170,382,BJ7001A61JBEV,81.2,650,12.492,C-formula,同一行电池容量×100÷纯电续航,medium,Copyright © 2026 David YE
2171,382,BYD6486SBEV3,71.808,550,13.056,C-formula,同一行电池容量×100÷纯电续航,medium,Copyright © 2026 David YE
2172,382,BYD7006BEVA11,61.44,510,12.047,C-formula,同一行电池容量×100÷纯电续航,medium,Copyright © 2026 David YE
2173,382,CGC6521BEV2S10,98,700,14,C-formula,同一行电池容量×100÷纯电续航,medium,Copyright © 2026 David YE
2174,382,CGC6521BEV2S11,98,650,15.077,C-formula,同一行电池容量×100÷纯电续航,medium,Copyright © 2026 David YE
2175,382,CGC7000BEV2J15,98,810,12.099,C-formula,同一行电池容量×100÷纯电续航,medium,Copyright © 2026 David YE
2176,382,CGC7001BEV2J3,98,720,13.611,C-formula,同一行电池容量×100÷纯电续航,medium,Copyright © 2026 David YE
2177,382,CSA6492LBEV7,75,580,12.931,C-formula,同一行电池容量×100÷纯电续航,medium,Copyright © 2026 David YE
2178,382,CSA6492LBEV8,83,640,12.969,C-formula,同一行电池容量×100÷纯电续航,medium,Copyright © 2026 David YE
2179,382,CSA6492LBEV9,100,740,13.514,C-formula,同一行电池容量×100÷纯电续航,medium,Copyright © 2026 David YE
2180,382,CSA6492LBEVA,90,680,13.235,C-formula,同一行电池容量×100÷纯电续航,medium,Copyright © 2026 David YE
2181,382,CSA6492LBEVB,100,702,14.245,C-formula,同一行电池容量×100÷纯电续航,medium,Copyright © 2026 David YE
2189,382,FZ6470BEVC10G,69.9,530,13.189,C-formula,同一行电池容量×100÷纯电续航,medium,Copyright © 2026 David YE
2191,382,GAM6490BEVH0U,83.326,672,12.4,C-formula,同一行电池容量×100÷纯电续航,medium,Copyright © 2026 David YE
2192,382,HFC6511RSEV2C8,56.06,356,15.747,C-formula,同一行电池容量×100÷纯电续航,medium,Copyright © 2026 David YE
2198,382,LF6481SEV01,68.08,515,13.219,C-formula,同一行电池容量×100÷纯电续航,medium,Copyright © 2026 David YE
2201,382,LZW6470EVA1,60,510,11.765,C-formula,同一行电池容量×100÷纯电续航,medium,Copyright © 2026 David YE
2202,382,LZW6500EVA1,31.9,230,13.87,C-formula,同一行电池容量×100÷纯电续航,medium,Copyright © 2026 David YE
2203,382,LZW6500EVA2,41.9,300,13.967,C-formula,同一行电池容量×100÷纯电续航,medium,Copyright © 2026 David YE
2215,382,QCJ6491SBEV8,71.808,550,13.056,C-formula,同一行电池容量×100÷纯电续航,medium,Copyright © 2026 David YE
2216,382,QCJ7000AEBEV1,100.096,630,15.888,C-formula,同一行电池容量×100÷纯电续航,medium,Copyright © 2026 David YE
2217,382,SAL7000BH00ABEV,83.49,705,11.843,C-formula,同一行电池容量×100÷纯电续航,medium,Copyright © 2026 David YE
2218,382,SAL7000BH01ABEV,63.87,555,11.508,C-formula,同一行电池容量×100÷纯电续航,medium,Copyright © 2026 David YE
2219,382,SAL7000BH02ABEV,63.87,555,11.508,C-formula,同一行电池容量×100÷纯电续航,medium,Copyright © 2026 David YE
2220,382,SAL7000BH03ABEV,64.31,555,11.587,C-formula,同一行电池容量×100÷纯电续航,medium,Copyright © 2026 David YE
2221,382,SAL7000BH30ABEV,83.49,600,13.915,C-formula,同一行电池容量×100÷纯电续航,medium,Copyright © 2026 David YE
2222,382,SC6450V5Q6B1BEV,38.64,259,14.919,C-formula,同一行电池容量×100÷纯电续航,medium,Copyright © 2026 David YE
2223,382,SC6450V5Q6B2BEV,41.86,257,16.288,C-formula,同一行电池容量×100÷纯电续航,medium,Copyright © 2026 David YE
2225,382,SC6480V7Q6B2BEV,38.64,255,15.153,C-formula,同一行电池容量×100÷纯电续航,medium,Copyright © 2026 David YE
2226,382,SC7001FBBBEV,13.41,130,10.315,C-formula,同一行电池容量×100÷纯电续航,medium,Copyright © 2026 David YE
2232,382,SVW6461HEV,52.8,425,12.424,C-formula,同一行电池容量×100÷纯电续航,medium,Copyright © 2026 David YE
2233,382,SVW6461JEV,80.2,601,13.344,C-formula,同一行电池容量×100÷纯电续航,medium,Copyright © 2026 David YE
2234,382,SVW7000DEV,52.8,450,11.733,C-formula,同一行电池容量×100÷纯电续航,medium,Copyright © 2026 David YE
2262,383,BJ7000K718BEV,97.6,721,13.537,C-formula,同一行电池容量×100÷纯电续航,medium,Copyright © 2026 David YE
2263,383,BYD7000AGBEV1,59.52,505,11.786,C-formula,同一行电池容量×100÷纯电续航,medium,Copyright © 2026 David YE
2264,383,BYD7000AGBEV2,72.96,550,13.265,C-formula,同一行电池容量×100÷纯电续航,medium,Copyright © 2026 David YE
2265,383,BYD7000AGBEV3,72.96,605,12.06,C-formula,同一行电池容量×100÷纯电续航,medium,Copyright © 2026 David YE
2266,383,BYD7004BEV10,60.48,520,11.631,C-formula,同一行电池容量×100÷纯电续航,medium,Copyright © 2026 David YE
2267,383,CA6490H0EVD,85,605,14.05,C-formula,同一行电池容量×100÷纯电续航,medium,Copyright © 2026 David YE
2268,383,CA6490H0EVXD,85,565,15.044,C-formula,同一行电池容量×100÷纯电续航,medium,Copyright © 2026 David YE
2269,383,CA6490H0SEV,74.7,520,14.365,C-formula,同一行电池容量×100÷纯电续航,medium,Copyright © 2026 David YE
2270,383,CAM7001BABEV,56.1,480,11.688,C-formula,同一行电池容量×100÷纯电续航,medium,Copyright © 2026 David YE
2271,383,CAM7002BABEV,68.8,600,11.467,C-formula,同一行电池容量×100÷纯电续航,medium,Copyright © 2026 David YE
2273,383,CSA6497YBEV1,90,710,12.676,C-formula,同一行电池容量×100÷纯电续航,medium,Copyright © 2026 David YE
2274,383,CSA6497YBEV2,77,603,12.769,C-formula,同一行电池容量×100÷纯电续航,medium,Copyright © 2026 David YE
2275,383,CSA6497YBEV3,62.2,503,12.366,C-formula,同一行电池容量×100÷纯电续航,medium,Copyright © 2026 David YE
2276,383,CSA6497YSEV3,62.2,503,12.366,C-formula,同一行电池容量×100÷纯电续航,medium,Copyright © 2026 David YE
2294,383,LZW6452EVA,69.2,600,11.533,C-formula,同一行电池容量×100÷纯电续航,medium,Copyright © 2026 David YE
2295,383,LZW6452EVB,56.7,500,11.34,C-formula,同一行电池容量×100÷纯电续航,medium,Copyright © 2026 David YE
2303,383,SC6464AAABEV,56.12,510,11.004,C-formula,同一行电池容量×100÷纯电续航,medium,Copyright © 2026 David YE
2304,383,SC6481EBABEV,82.16,610,13.469,C-formula,同一行电池容量×100÷纯电续航,medium,Copyright © 2026 David YE
2305,383,SC6481ECABEV,82.16,650,12.64,C-formula,同一行电池容量×100÷纯电续航,medium,Copyright © 2026 David YE
2306,383,SC6481GBABEV,68.82,520,13.235,C-formula,同一行电池容量×100÷纯电续航,medium,Copyright © 2026 David YE
2307,383,SC6481GCABEV,79.97,628,12.734,C-formula,同一行电池容量×100÷纯电续航,medium,Copyright © 2026 David YE
2308,383,SC6501AABBEV,70.54,551,12.802,C-formula,同一行电池容量×100÷纯电续航,medium,Copyright © 2026 David YE
2311,383,SH6520U1BEV-Z62,62.1,403,15.409,C-formula,同一行电池容量×100÷纯电续航,medium,Copyright © 2026 David YE
2315,383,SVW6492LEV,80.2,601,13.344,C-formula,同一行电池容量×100÷纯电续航,medium,Copyright © 2026 David YE
2316,383,SVW6493MEV,80.2,582,13.78,C-formula,同一行电池容量×100÷纯电续航,medium,Copyright © 2026 David YE
2317,383,SVW6493NEV,80.2,582,13.78,C-formula,同一行电池容量×100÷纯电续航,medium,Copyright © 2026 David YE
2346,383,SGM6470DBCHEV,24.4,120,20.333,C-formula,同一行电池容量×100÷纯电续航,medium,Copyright © 2026 David YE
2362,384,AHC6490BEVH0C,80.062,672,11.914,C-formula,同一行电池容量×100÷纯电续航,medium,Copyright © 2026 David YE
2364,384,AHC6490BEVH0L,80.062,672,11.914,C-formula,同一行电池容量×100÷纯电续航,medium,Copyright © 2026 David YE
2367,384,AHC6490BEVH0R,99.456,825,12.055,C-formula,同一行电池容量×100÷纯电续航,medium,Copyright © 2026 David YE
2368,384,AHC6490BEVH0U,83.326,672,12.4,C-formula,同一行电池容量×100÷纯电续航,medium,Copyright © 2026 David YE
2398,384,FZ6480BEV28,78.54,580,13.541,C-formula,同一行电池容量×100÷纯电续航,medium,Copyright © 2026 David YE
2402,384,HQ6475BEV04,100.01,740,13.515,C-formula,同一行电池容量×100÷纯电续航,medium,Copyright © 2026 David YE
2403,384,HSE6450BEVM2A,41.86,270,15.504,C-formula,同一行电池容量×100÷纯电续航,medium,Copyright © 2026 David YE
2405,384,JKC6491A0X0BEV,41.86,275,15.222,C-formula,同一行电池容量×100÷纯电续航,medium,Copyright © 2026 David YE
2408,384,LZW6451EVA1,32.6,300,10.867,C-formula,同一行电池容量×100÷纯电续航,medium,Copyright © 2026 David YE
2409,384,LZW6470EVA3,60,510,11.765,C-formula,同一行电池容量×100÷纯电续航,medium,Copyright © 2026 David YE
2420,384,NAL6483BSEVZ1,60.6,555,10.919,C-formula,同一行电池容量×100÷纯电续航,medium,Copyright © 2026 David YE
2421,384,NAL6483BSEVZ2,60.6,525,11.543,C-formula,同一行电池容量×100÷纯电续航,medium,Copyright © 2026 David YE
2422,384,NHQ7000BEVLA,62.2,620,10.032,C-formula,同一行电池容量×100÷纯电续航,medium,Copyright © 2026 David YE
2423,384,NHQ7000BEVLB,51.8,515,10.058,C-formula,同一行电池容量×100÷纯电续航,medium,Copyright © 2026 David YE
2426,384,QCJ6460AHBEV1,78.72,510,15.435,C-formula,同一行电池容量×100÷纯电续航,medium,Copyright © 2026 David YE
2427,384,SC7007AACBEV,68.82,625,11.011,C-formula,同一行电池容量×100÷纯电续航,medium,Copyright © 2026 David YE
2428,384,SVW7001EEV,80.2,570,14.07,C-formula,同一行电池容量×100÷纯电续航,medium,Copyright © 2026 David YE
2459,385,AHC6450BEVD0L,61.777,510,12.113,C-formula,同一行电池容量×100÷纯电续航,medium,Copyright © 2026 David YE
2469,385,BJ7001A516BEV,74.4,668,11.138,C-formula,同一行电池容量×100÷纯电续航,medium,Copyright © 2026 David YE
2470,385,BJ7001A517BEV,74.4,630,11.81,C-formula,同一行电池容量×100÷纯电续航,medium,Copyright © 2026 David YE
2473,385,CSA6453JBEV2,62.2,515,12.078,C-formula,同一行电池容量×100÷纯电续航,medium,Copyright © 2026 David YE
2474,385,CSA6501LBEV7,100,720,13.889,C-formula,同一行电池容量×100÷纯电续航,medium,Copyright © 2026 David YE
2475,385,CSA6501LBEV8,100,680,14.706,C-formula,同一行电池容量×100÷纯电续航,medium,Copyright © 2026 David YE
2477,385,DHW6482Z2BEV,89.8,620,14.484,C-formula,同一行电池容量×100÷纯电续航,medium,Copyright © 2026 David YE
2483,385,MR6481BEV101,100.01,780,12.822,C-formula,同一行电池容量×100÷纯电续航,medium,Copyright © 2026 David YE
2484,385,MR6481BEV102,75,605,12.397,C-formula,同一行电池容量×100÷纯电续航,medium,Copyright © 2026 David YE
2491,385,NHQ6480BEVFD,66,580,11.379,C-formula,同一行电池容量×100÷纯电续航,medium,Copyright © 2026 David YE
2492,385,NHQ7000BEVKA,60.7,602,10.083,C-formula,同一行电池容量×100÷纯电续航,medium,Copyright © 2026 David YE
2493,385,NHQ7000BEVKB,76.3,710,10.746,C-formula,同一行电池容量×100÷纯电续航,medium,Copyright © 2026 David YE
2496,385,SQR6500BEVEHY,79.934,667,11.984,C-formula,同一行电池容量×100÷纯电续航,medium,Copyright © 2026 David YE
2497,385,SQR6500BEVEHY1,97.682,802,12.18,C-formula,同一行电池容量×100÷纯电续航,medium,Copyright © 2026 David YE
2498,385,SQR6500BEVEHY2,97.682,736,13.272,C-formula,同一行电池容量×100÷纯电续航,medium,Copyright © 2026 David YE
2499,385,SQR6500BEVEHY3,80.186,667,12.022,C-formula,同一行电池容量×100÷纯电续航,medium,Copyright © 2026 David YE
2503,385,XMA7000MBEVA1,101,800,12.625,C-formula,同一行电池容量×100÷纯电续航,medium,Copyright © 2026 David YE
2504,385,XMA7000MBEVR2,73.6,668,11.018,C-formula,同一行电池容量×100÷纯电续航,medium,Copyright © 2026 David YE
2505,385,XMA7000MBEVR3,94.3,830,11.361,C-formula,同一行电池容量×100÷纯电续航,medium,Copyright © 2026 David YE
2506,385,XMA7000MBEVR5,73.6,668,11.018,C-formula,同一行电池容量×100÷纯电续航,medium,Copyright © 2026 David YE
2524,385,SKE6520SSHEVA3S,50.041,220,22.746,C-formula,同一行电池容量×100÷纯电续航,medium,Copyright © 2026 David YE
2525,385,SKE6520SSHEVA4S,40.055,171,23.424,C-formula,同一行电池容量×100÷纯电续航,medium,Copyright © 2026 David YE
2547,386,DHW6481Z1BEV,89.8,650,13.815,C-formula,同一行电池容量×100÷纯电续航,medium,Copyright © 2026 David YE
2552,386,JKC6450A0X6BEV,42.336,305,13.881,C-formula,同一行电池容量×100÷纯电续航,medium,Copyright © 2026 David YE
2554,386,JL6551BEV100,82.882,450,18.418,C-formula,同一行电池容量×100÷纯电续航,medium,Copyright © 2026 David YE
2558,386,JWT6481SEV01,68.08,515,13.219,C-formula,同一行电池容量×100÷纯电续航,medium,Copyright © 2026 David YE
2559,386,LZ7000SUF0EV,70.265,650,10.81,C-formula,同一行电池容量×100÷纯电续航,medium,Copyright © 2026 David YE
2560,386,LZW7008EVA1,69.2,600,11.533,C-formula,同一行电池容量×100÷纯电续航,medium,Copyright © 2026 David YE
2562,386,SC6480V7Q6B3BEV,50.38,316,15.943,C-formula,同一行电池容量×100÷纯电续航,medium,Copyright © 2026 David YE
2564,386,SC6491EDBBEV,116.79,815,14.33,C-formula,同一行电池容量×100÷纯电续航,medium,Copyright © 2026 David YE
2565,386,SC6491EDCBEV,116.79,760,15.367,C-formula,同一行电池容量×100÷纯电续航,medium,Copyright © 2026 David YE
2566,386,SC7001GABBEV,94.53,755,12.521,C-formula,同一行电池容量×100÷纯电续航,medium,Copyright © 2026 David YE
2567,386,SC7001GACBEV,94.53,705,13.409,C-formula,同一行电池容量×100÷纯电续航,medium,Copyright © 2026 David YE
2572,386,VCC6495F01YBEV,111,760,14.605,C-formula,同一行电池容量×100÷纯电续航,medium,Copyright © 2026 David YE
2576,386,CC6480CW23APHEV,18.74,81,23.136,C-formula,同一行电池容量×100÷纯电续航,medium,Copyright © 2026 David YE
2578,386,DFM6500S5F5REEV,34.32,154,22.286,C-formula,同一行电池容量×100÷纯电续航,medium,Copyright © 2026 David YE
2613,387,JL6551BEV101,82.882,450,18.418,C-formula,同一行电池容量×100÷纯电续航,medium,Copyright © 2026 David YE
2615,387,LZW7001EVC1,16.2,205,7.902,C-formula,同一行电池容量×100÷纯电续航,medium,Copyright © 2026 David YE
2616,387,LZW7001EVD1,16.2,205,7.902,C-formula,同一行电池容量×100÷纯电续航,medium,Copyright © 2026 David YE
2617,387,MR7000BEV01,61.47,530,11.598,C-formula,同一行电池容量×100÷纯电续航,medium,Copyright © 2026 David YE
2623,387,QCJ7000AEBEV3,100.096,630,15.888,C-formula,同一行电池容量×100÷纯电续航,medium,Copyright © 2026 David YE
2624,387,SAL7000AB02ABEV,51.497,412,12.499,C-formula,同一行电池容量×100÷纯电续航,medium,Copyright © 2026 David YE
2625,387,SAL7000AC02ABEV,51.497,406,12.684,C-formula,同一行电池容量×100÷纯电续航,medium,Copyright © 2026 David YE
2632,387,TV6480BEV,65.28,550,11.869,C-formula,同一行电池容量×100÷纯电续航,medium,Copyright © 2026 David YE
2633,387,TV6480BEVP,73.984,630,11.743,C-formula,同一行电池容量×100÷纯电续航,medium,Copyright © 2026 David YE
2657,388,CA6490H0EVC,85,630,13.492,C-formula,同一行电池容量×100÷纯电续航,medium,Copyright © 2026 David YE
2658,388,CA6490H0EVXA,85,585,14.53,C-formula,同一行电池容量×100÷纯电续航,medium,Copyright © 2026 David YE
2659,388,CA7009H0EV,62,550,11.273,C-formula,同一行电池容量×100÷纯电续航,medium,Copyright © 2026 David YE
2660,388,CA7009H0EVA,85,750,11.333,C-formula,同一行电池容量×100÷纯电续航,medium,Copyright © 2026 David YE
2668,388,HSE6540BEVM1B,53.58,338,15.852,C-formula,同一行电池容量×100÷纯电续航,medium,Copyright © 2026 David YE
2674,388,LZW7001EVE1,17.7,201,8.806,C-formula,同一行电池容量×100÷纯电续航,medium,Copyright © 2026 David YE
2677,388,NAL7003BSEVD1,102,620,16.452,C-formula,同一行电池容量×100÷纯电续航,medium,Copyright © 2026 David YE
2679,388,NHQ7000BEVLC,62.2,620,10.032,C-formula,同一行电池容量×100÷纯电续航,medium,Copyright © 2026 David YE
2680,388,SC7000AAAABEV,13.41,130,10.315,C-formula,同一行电池容量×100÷纯电续航,medium,Copyright © 2026 David YE
2681,388,SC7000AAABBEV,17.65,205,8.61,C-formula,同一行电池容量×100÷纯电续航,medium,Copyright © 2026 David YE
2682,388,SC7007CAABEV,56,515,10.874,C-formula,同一行电池容量×100÷纯电续航,medium,Copyright © 2026 David YE
2683,388,SVW7000EEV,53.6,451,11.885,C-formula,同一行电池容量×100÷纯电续航,medium,Copyright © 2026 David YE
2684,388,THZ6460BEVS37Q,61.83,501,12.341,C-formula,同一行电池容量×100÷纯电续航,medium,Copyright © 2026 David YE
2718,389,EQ6530AL5F1BEV,76.9,530,14.509,C-formula,同一行电池容量×100÷纯电续航,medium,Copyright © 2026 David YE
2721,389,HFC6511REV4C7,76.544,452,16.935,C-formula,同一行电池容量×100÷纯电续航,medium,Copyright © 2026 David YE
2724,389,JKC6463A0X1BEV,42.336,310,13.657,C-formula,同一行电池容量×100÷纯电续航,medium,Copyright © 2026 David YE
2725,389,JKC6491A0X1BEV,41.86,305,13.725,C-formula,同一行电池容量×100÷纯电续航,medium,Copyright © 2026 David YE
2726,389,JKC6491A0X4BEV,42.336,308,13.745,C-formula,同一行电池容量×100÷纯电续航,medium,Copyright © 2026 David YE
2728,389,JX6521TA-L6BEV,53.58,350,15.309,C-formula,同一行电池容量×100÷纯电续航,medium,Copyright © 2026 David YE
2732,389,LZ6510NLD0EV,64.445,430,14.987,C-formula,同一行电池容量×100÷纯电续航,medium,Copyright © 2026 David YE
2733,389,LZD7001BEV23,24.01,282,8.514,C-formula,同一行电池容量×100÷纯电续航,medium,Copyright © 2026 David YE
2734,389,LZW7001EVC2,16.3,205,7.951,C-formula,同一行电池容量×100÷纯电续航,medium,Copyright © 2026 David YE
2740,389,SQR6500BEVEHY4,79.934,611,13.082,C-formula,同一行电池容量×100÷纯电续航,medium,Copyright © 2026 David YE
2746,389,XMA7000MBEVA6,93.7,555,16.883,C-formula,同一行电池容量×100÷纯电续航,medium,Copyright © 2026 David YE
2747,389,CC6480BT25JPHEV,19.09,85,22.459,C-formula,同一行电池容量×100÷纯电续航,medium,Copyright © 2026 David YE
2767,389,SQR6500REEVEHY1,36.019,201,17.92,C-formula,同一行电池容量×100÷纯电续航,medium,Copyright © 2026 David YE
2772,390,AHC6490BEVH1C,80.062,672,11.914,C-formula,同一行电池容量×100÷纯电续航,medium,Copyright © 2026 David YE
2774,390,AHC6490BEVH1L,80.062,672,11.914,C-formula,同一行电池容量×100÷纯电续航,medium,Copyright © 2026 David YE
2777,390,AHC6490BEVH1R,99.456,825,12.055,C-formula,同一行电池容量×100÷纯电续航,medium,Copyright © 2026 David YE
2778,390,AHC6490BEVH1U,83.326,672,12.4,C-formula,同一行电池容量×100÷纯电续航,medium,Copyright © 2026 David YE
2790,390,BJ6460D46BEV,58.8,500,11.76,C-formula,同一行电池容量×100÷纯电续航,medium,Copyright © 2026 David YE
2791,390,BJ7001A61KBEV,91.8,700,13.114,C-formula,同一行电池容量×100÷纯电续航,medium,Copyright © 2026 David YE
2805,390,CA6482H0EV,62,520,11.923,C-formula,同一行电池容量×100÷纯电续航,medium,Copyright © 2026 David YE
2806,390,CA6482H0EVA,85,700,12.143,C-formula,同一行电池容量×100÷纯电续航,medium,Copyright © 2026 David YE
2807,390,CA6482H0EVX,85,660,12.879,C-formula,同一行电池容量×100÷纯电续航,medium,Copyright © 2026 David YE
2818,390,HFC7000DEV1,94.364,702,13.442,C-formula,同一行电池容量×100÷纯电续航,medium,Copyright © 2026 David YE
2819,390,HFC7000DEV2,94.364,622,15.171,C-formula,同一行电池容量×100÷纯电续航,medium,Copyright © 2026 David YE
2820,390,HFC7002EWEV6,34.9,330,10.576,C-formula,同一行电池容量×100÷纯电续航,medium,Copyright © 2026 David YE
2828,390,LZW7009BEVA4,54.5,510,10.686,C-formula,同一行电池容量×100÷纯电续航,medium,Copyright © 2026 David YE
2829,390,LZW7009BEVA5,69.2,610,11.344,C-formula,同一行电池容量×100÷纯电续航,medium,Copyright © 2026 David YE
2832,390,NHQ6481BEVFA,68.5,625,10.96,C-formula,同一行电池容量×100÷纯电续航,medium,Copyright © 2026 David YE
2833,390,NHQ6481BEVFB,80.8,725,11.145,C-formula,同一行电池容量×100÷纯电续航,medium,Copyright © 2026 David YE
2841,390,SC7001GADBEV,93.39,650,14.368,C-formula,同一行电池容量×100÷纯电续航,medium,Copyright © 2026 David YE
2842,390,SC7001HBABEV,72.88,650,11.212,C-formula,同一行电池容量×100÷纯电续航,medium,Copyright © 2026 David YE
2843,390,SC7001HCABEV,72.88,600,12.147,C-formula,同一行电池容量×100÷纯电续航,medium,Copyright © 2026 David YE
2860,390,CA7150HA6PHEVT,23.9,143,16.713,C-formula,同一行电池容量×100÷纯电续航,medium,Copyright © 2026 David YE
2881,390,SQR6500REEVEHY1,36.019,201,17.92,C-formula,同一行电池容量×100÷纯电续航,medium,Copyright © 2026 David YE
2885,391,AHC6510BEVG0C,108.35,770,14.071,C-formula,同一行电池容量×100÷纯电续航,medium,Copyright © 2026 David YE
2892,391,BYD7000AKBEV1,48,450,10.667,C-formula,同一行电池容量×100÷纯电续航,medium,Copyright © 2026 David YE
2893,391,BYD7000AKBEV2,57.6,520,11.077,C-formula,同一行电池容量×100÷纯电续航,medium,Copyright © 2026 David YE
2896,391,BYD7002ACBEV4,83.212,601,13.846,C-formula,同一行电池容量×100÷纯电续航,medium,Copyright © 2026 David YE
2897,391,BYD7002ACBEV5,83.212,701,11.87,C-formula,同一行电池容量×100÷纯电续航,medium,Copyright © 2026 David YE
2899,391,CA6490H0EVC,85,630,13.492,C-formula,同一行电池容量×100÷纯电续航,medium,Copyright © 2026 David YE
2900,391,CA6490H0EVXA,85,585,14.53,C-formula,同一行电池容量×100÷纯电续航,medium,Copyright © 2026 David YE
2901,391,DFL7000NAA1BEV,58,540,10.741,C-formula,同一行电池容量×100÷纯电续航,medium,Copyright © 2026 David YE
2902,391,DFL7000NAA2BEV,73,635,11.496,C-formula,同一行电池容量×100÷纯电续航,medium,Copyright © 2026 David YE
2903,391,HFC7002EWEV7,41.6,405,10.272,C-formula,同一行电池容量×100÷纯电续航,medium,Copyright © 2026 David YE
2916,391,NAL7000BSEVY1,42.1,420,10.024,C-formula,同一行电池容量×100÷纯电续航,medium,Copyright © 2026 David YE
2919,391,NHQ6490BEVMA,68.5,602,11.379,C-formula,同一行电池容量×100÷纯电续航,medium,Copyright © 2026 David YE
2920,391,NHQ6490BEVMB,80.8,702,11.51,C-formula,同一行电池容量×100÷纯电续航,medium,Copyright © 2026 David YE
2925,391,NHQ7000BEVKC,74.9,710,10.549,C-formula,同一行电池容量×100÷纯电续航,medium,Copyright © 2026 David YE
2929,391,TSL6480BEVAR5,62.5,593,10.54,C-formula,同一行电池容量×100÷纯电续航,medium,Copyright © 2026 David YE
2930,391,TSL6480BEVAR6,62.5,593,10.54,C-formula,同一行电池容量×100÷纯电续航,medium,Copyright © 2026 David YE
2931,391,TSL6480BEVBA7,78.4,719,10.904,C-formula,同一行电池容量×100÷纯电续航,medium,Copyright © 2026 David YE
2955,391,SKE6521SSHEVA3S,51.975,235,22.117,C-formula,同一行电池容量×100÷纯电续航,medium,Copyright © 2026 David YE
2956,391,SKE6521SSHEVA4S,51.975,235,22.117,C-formula,同一行电池容量×100÷纯电续航,medium,Copyright © 2026 David YE
2957,391,SKE6521SSHEVA5S,51.975,235,22.117,C-formula,同一行电池容量×100÷纯电续航,medium,Copyright © 2026 David YE
2964,392,AHC6510BEVG0D,108.35,720,15.049,C-formula,同一行电池容量×100÷纯电续航,medium,Copyright © 2026 David YE
2971,392,CSA6493YSEV5,90,730,12.329,C-formula,同一行电池容量×100÷纯电续航,medium,Copyright © 2026 David YE
2973,392,CSA7002EBEV8,83,660,12.576,C-formula,同一行电池容量×100÷纯电续航,medium,Copyright © 2026 David YE
2981,392,HFC7000DEV4,94.364,622,15.171,C-formula,同一行电池容量×100÷纯电续航,medium,Copyright © 2026 David YE
2982,392,HFC7000DEV5,94.364,702,13.442,C-formula,同一行电池容量×100÷纯电续航,medium,Copyright © 2026 David YE
2984,392,LZD7001BEV25,17.33,201,8.622,C-formula,同一行电池容量×100÷纯电续航,medium,Copyright © 2026 David YE
2985,392,LZW7001BEVA1,16.2,205,7.902,C-formula,同一行电池容量×100÷纯电续航,medium,Copyright © 2026 David YE
2987,392,SC7000AAAFBEV,56,515,10.874,C-formula,同一行电池容量×100÷纯电续航,medium,Copyright © 2026 David YE
2988,392,SKE6520SBEVA4S,97.682,630,15.505,C-formula,同一行电池容量×100÷纯电续航,medium,Copyright © 2026 David YE
2992,392,BJ7150K711RSHEV,51.9,290,17.897,C-formula,同一行电池容量×100÷纯电续航,medium,Copyright © 2026 David YE
2993,392,BJ7150K71RSHEV,36,204,17.647,C-formula,同一行电池容量×100÷纯电续航,medium,Copyright © 2026 David YE
2998,392,CC6480BT26EPHEV,19.09,85,22.459,C-formula,同一行电池容量×100÷纯电续航,medium,Copyright © 2026 David YE
3006,392,HFC7150DREEV5,63.262,311,20.341,C-formula,同一行电池容量×100÷纯电续航,medium,Copyright © 2026 David YE
3007,392,HFC7150DREEV6,63.262,276,22.921,C-formula,同一行电池容量×100÷纯电续航,medium,Copyright © 2026 David YE
3011,392,SC6510AAAA6HEV,35.07,146,24.021,C-formula,同一行电池容量×100÷纯电续航,medium,Copyright © 2026 David YE
3012,392,SC6510AAAB6HEV,35.07,142,24.697,C-formula,同一行电池容量×100÷纯电续航,medium,Copyright © 2026 David YE
3014,392,SKE6520SSHEVA5S,40.055,175,22.889,C-formula,同一行电池容量×100÷纯电续航,medium,Copyright © 2026 David YE
3015,392,SKE6520SSHEVA6S,50.041,225,22.24,C-formula,同一行电池容量×100÷纯电续航,medium,Copyright © 2026 David YE
3017,392,SQR6500REEVEHY2,51.975,284,18.301,C-formula,同一行电池容量×100÷纯电续航,medium,Copyright © 2026 David YE
3018,392,SQR6500REEVEHY4,51.975,258,20.145,C-formula,同一行电池容量×100÷纯电续航,medium,Copyright © 2026 David YE
3029,393,BJ7001A61LBEV,93.6,735,12.735,C-formula,同一行电池容量×100÷纯电续航,medium,Copyright © 2026 David YE
3030,393,CA7000H0EVK,60.162,500,12.032,C-formula,同一行电池容量×100÷纯电续航,medium,Copyright © 2026 David YE
3031,393,CA7000H0EVM,72.055,610,11.812,C-formula,同一行电池容量×100÷纯电续航,medium,Copyright © 2026 David YE
3036,393,FZ6470BEVC10K,74.93,605,12.385,C-formula,同一行电池容量×100÷纯电续航,medium,Copyright © 2026 David YE
3037,393,FZ6470BEVC10L,74.93,605,12.385,C-formula,同一行电池容量×100÷纯电续航,medium,Copyright © 2026 David YE
3038,393,FZ6470BEVC10M,74.93,605,12.385,C-formula,同一行电池容量×100÷纯电续航,medium,Copyright © 2026 David YE
3046,393,LZW6402BEVA2,54,501,10.778,C-formula,同一行电池容量×100÷纯电续航,medium,Copyright © 2026 David YE
3047,393,LZW6402BEVA3,31.9,301,10.598,C-formula,同一行电池容量×100÷纯电续航,medium,Copyright © 2026 David YE
3058,393,SVW7000FEV,53.6,451,11.885,C-formula,同一行电池容量×100÷纯电续航,medium,Copyright © 2026 David YE
3066,393,CC6480CW23FPHEV,18.74,81,23.136,C-formula,同一行电池容量×100÷纯电续航,medium,Copyright © 2026 David YE
3067,393,CC6480CW23GPHEV,27.54,115,23.948,C-formula,同一行电池容量×100÷纯电续航,medium,Copyright © 2026 David YE
3073,393,SQR6500REEVEHY3,36.019,185,19.47,C-formula,同一行电池容量×100÷纯电续航,medium,Copyright © 2026 David YE
3076,394,BAW6521MALBEV,65.84,420,15.676,C-formula,同一行电池容量×100÷纯电续航,medium,Copyright © 2026 David YE
3078,394,BJ6522EVAA1,50.23,330,15.221,C-formula,同一行电池容量×100÷纯电续航,medium,Copyright © 2026 David YE
3100,394,LZW7001BEVE2,30.6,305,10.033,C-formula,同一行电池容量×100÷纯电续航,medium,Copyright © 2026 David YE
3101,394,NAL6513BSEVZ2,60.6,425,14.259,C-formula,同一行电池容量×100÷纯电续航,medium,Copyright © 2026 David YE
3114,394,EQ6497AL5F1SHEV,43.2,235,18.383,C-formula,同一行电池容量×100÷纯电续航,medium,Copyright © 2026 David YE
3115,394,EQ6497AL5F2SHEV,43.2,196,22.041,C-formula,同一行电池容量×100÷纯电续航,medium,Copyright © 2026 David YE
3120,394,SGM6536UACHEV,40.9,180,22.722,C-formula,同一行电池容量×100÷纯电续航,medium,Copyright © 2026 David YE
3126,395,BJ7001A518BEV,64.8,560,11.571,C-formula,同一行电池容量×100÷纯电续航,medium,Copyright © 2026 David YE
3133,395,CA7009H0EVC,94.9,850,11.165,C-formula,同一行电池容量×100÷纯电续航,medium,Copyright © 2026 David YE
3134,395,CAM6481BABEV,77.947,600,12.991,C-formula,同一行电池容量×100÷纯电续航,medium,Copyright © 2026 David YE
3135,395,CSA6492LBEVC,76.5,600,12.75,C-formula,同一行电池容量×100÷纯电续航,medium,Copyright © 2026 David YE
3136,395,CSA6492LBEVE,103.3,750,13.773,C-formula,同一行电池容量×100÷纯电续航,medium,Copyright © 2026 David YE
3137,395,CSA6492LBEVF,103.3,710,14.549,C-formula,同一行电池容量×100÷纯电续航,medium,Copyright © 2026 David YE
3139,395,CSA7005ABEV2,42.8,450,9.511,C-formula,同一行电池容量×100÷纯电续航,medium,Copyright © 2026 David YE
3140,395,DFL6480NE31BEV,78.8,600,13.133,C-formula,同一行电池容量×100÷纯电续航,medium,Copyright © 2026 David YE
3141,395,DFL6480NN31BEV,78.7,650,12.108,C-formula,同一行电池容量×100÷纯电续航,medium,Copyright © 2026 David YE
3144,395,FZ6470BEVC10N,74.93,605,12.385,C-formula,同一行电池容量×100÷纯电续航,medium,Copyright © 2026 David YE
3145,395,FZ6480BEV29,81.9,640,12.797,C-formula,同一行电池容量×100÷纯电续航,medium,Copyright © 2026 David YE
3146,395,FZ6480BEV30,81.9,640,12.797,C-formula,同一行电池容量×100÷纯电续航,medium,Copyright © 2026 David YE
3150,395,HFC7002BEV11,54.2,502,10.797,C-formula,同一行电池容量×100÷纯电续航,medium,Copyright © 2026 David YE
3154,395,JX7001EPBBEV,59.445,500,11.889,C-formula,同一行电池容量×100÷纯电续航,medium,Copyright © 2026 David YE
3158,395,NAL6513BSEVZ1,60.6,450,13.467,C-formula,同一行电池容量×100÷纯电续航,medium,Copyright © 2026 David YE
3162,395,NHQ7002BEVEA,74.9,702,10.67,C-formula,同一行电池容量×100÷纯电续航,medium,Copyright © 2026 David YE
3163,395,NHQ7002BEVEB,92.2,820,11.244,C-formula,同一行电池容量×100÷纯电续航,medium,Copyright © 2026 David YE
3164,395,NHQ7002BEVEC,92.2,750,12.293,C-formula,同一行电池容量×100÷纯电续航,medium,Copyright © 2026 David YE
3166,395,SC7000AAAHBEV,56.12,550,10.204,C-formula,同一行电池容量×100÷纯电续航,medium,Copyright © 2026 David YE
3167,395,SC7000AAAKBEV,17.65,215,8.209,C-formula,同一行电池容量×100÷纯电续航,medium,Copyright © 2026 David YE
3168,395,SC7000AAALBEV,28.08,310,9.058,C-formula,同一行电池容量×100÷纯电续航,medium,Copyright © 2026 David YE
3171,395,SQR6500BEVEHY5,60.48,520,11.631,C-formula,同一行电池容量×100÷纯电续航,medium,Copyright © 2026 David YE
3172,395,SVW700331BEV,76.2,618,12.33,C-formula,同一行电池容量×100÷纯电续航,medium,Copyright © 2026 David YE
3173,395,SVW700332BEV,76.2,618,12.33,C-formula,同一行电池容量×100÷纯电续航,medium,Copyright © 2026 David YE
3174,395,SVW700333BEV,83.3,623,13.371,C-formula,同一行电池容量×100÷纯电续航,medium,Copyright © 2026 David YE
3175,395,SVW700334BEV,100,773,12.937,C-formula,同一行电池容量×100÷纯电续航,medium,Copyright © 2026 David YE
3317,398,FZ6480BEV33,81.9,640,12.797,C-formula,同一行电池容量×100÷纯电续航,medium,Copyright © 2026 David YE
3318,398,HSE7000BEVG5C,17.653,220,8.024,C-formula,同一行电池容量×100÷纯电续航,medium,Copyright © 2026 David YE
3319,398,LZ6460XLE0EV,64.445,530,12.159,C-formula,同一行电池容量×100÷纯电续航,medium,Copyright © 2026 David YE
3320,398,LZW7001BEVE7,30.6,305,10.033,C-formula,同一行电池容量×100÷纯电续航,medium,Copyright © 2026 David YE
3321,398,LZW7008BEVA2,56.7,500,11.34,C-formula,同一行电池容量×100÷纯电续航,medium,Copyright © 2026 David YE
3322,398,MR6481BEV103,75,600,12.5,C-formula,同一行电池容量×100÷纯电续航,medium,Copyright © 2026 David YE
3324,398,MR6481BEV105,103,802,12.843,C-formula,同一行电池容量×100÷纯电续航,medium,Copyright © 2026 David YE
3327,398,MR7003BEV102,95,710,13.38,C-formula,同一行电池容量×100÷纯电续航,medium,Copyright © 2026 David YE
3328,398,MR7003BEV103,103,810,12.716,C-formula,同一行电池容量×100÷纯电续航,medium,Copyright © 2026 David YE
3329,398,MR7003BEV104,103,762,13.517,C-formula,同一行电池容量×100÷纯电续航,medium,Copyright © 2026 David YE
3338,398,SKE6510SBEVAS,97.644,660,14.795,C-formula,同一行电池容量×100÷纯电续航,medium,Copyright © 2026 David YE
3339,398,SKE6510SBEVR,97.644,710,13.753,C-formula,同一行电池容量×100÷纯电续航,medium,Copyright © 2026 David YE
3368,398,LZW6451KDUREEVA2,18.82,101,18.634,C-formula,同一行电池容量×100÷纯电续航,medium,Copyright © 2026 David YE
3369,398,MR6521DCHEV100,55.1,230,23.957,C-formula,同一行电池容量×100÷纯电续航,medium,Copyright © 2026 David YE
3370,398,MR6521DCHEV101,70,285,24.561,C-formula,同一行电池容量×100÷纯电续航,medium,Copyright © 2026 David YE
3372,398,MR6521DCHEV106,55.1,235,23.447,C-formula,同一行电池容量×100÷纯电续航,medium,Copyright © 2026 David YE
3375,398,,36,201,17.91,C-formula,同一行电池容量×100÷纯电续航,medium,Copyright © 2026 David YE
3404,399,CSA6453JBEV6,62.2,515,12.078,C-formula,同一行电池容量×100÷纯电续航,medium,Copyright © 2026 David YE
3405,399,EQ6480AF5F1BEV,108.7,901,12.064,C-formula,同一行电池容量×100÷纯电续航,medium,Copyright © 2026 David YE
3423,399,HQ6471BEV104,100.01,660,15.153,C-formula,同一行电池容量×100÷纯电续航,medium,Copyright © 2026 David YE
3426,399,LZW7001BEVE6,25.1,301,8.339,C-formula,同一行电池容量×100÷纯电续航,medium,Copyright © 2026 David YE
3427,399,LZW7007BEVCA,31.9,333,9.58,C-formula,同一行电池容量×100÷纯电续航,medium,Copyright © 2026 David YE
3428,399,LZW7007BEVCB,41.9,430,9.744,C-formula,同一行电池容量×100÷纯电续航,medium,Copyright © 2026 David YE
3433,399,SVW7001HEV,53.6,471,11.38,C-formula,同一行电池容量×100÷纯电续航,medium,Copyright © 2026 David YE
3453,399, EQ6520AD5F2PHEV ,65.1,305,21.344,C-formula,同一行电池容量×100÷纯电续航,medium,Copyright © 2026 David YE
3455,399, HQ6472DCHEV102 ,19.09,101,18.901,C-formula,同一行电池容量×100÷纯电续航,medium,Copyright © 2026 David YE
3457,399, HQ6472DCHEV104 ,29.8,150,19.867,C-formula,同一行电池容量×100÷纯电续航,medium,Copyright © 2026 David YE
3464,399, MR6542DREEV100 ,43.3,172,25.174,C-formula,同一行电池容量×100÷纯电续航,medium,Copyright © 2026 David YE
3465,399, MR6542DREEV101 ,50,202,24.752,C-formula,同一行电池容量×100÷纯电续航,medium,Copyright © 2026 David YE
3489,400,BJ7000K719BEV,97.6,816,11.961,C-formula,同一行电池容量×100÷纯电续航,medium,Copyright © 2026 David YE
3494,400,BJ7008TLBEV,60,600,10,C-formula,同一行电池容量×100÷纯电续航,medium,Copyright © 2026 David YE
3501,400,LZW7007BEVCC,52.9,525,10.076,C-formula,同一行电池容量×100÷纯电续航,medium,Copyright © 2026 David YE
3502,400,LZW7007BEVCG,41.9,430,9.744,C-formula,同一行电池容量×100÷纯电续航,medium,Copyright © 2026 David YE
3503,400,NHQ6481BEVFC,68.5,625,10.96,C-formula,同一行电池容量×100÷纯电续航,medium,Copyright © 2026 David YE
3504,400,NHQ6481BEVFD,80.8,725,11.145,C-formula,同一行电池容量×100÷纯电续航,medium,Copyright © 2026 David YE
3508,400,NHQ7000BEVKD,61.7,615,10.033,C-formula,同一行电池容量×100÷纯电续航,medium,Copyright © 2026 David YE
3509,400,NHQ7000BEVKE,74.9,725,10.331,C-formula,同一行电池容量×100÷纯电续航,medium,Copyright © 2026 David YE
3510,400,SC6480AAAQBEV,77.94,630,12.371,C-formula,同一行电池容量×100÷纯电续航,medium,Copyright © 2026 David YE
3512,400,SQR7000BEVE03A,97.682,835,11.698,C-formula,同一行电池容量×100÷纯电续航,medium,Copyright © 2026 David YE
3513,400,TSL6480BEVBR0,78.4,821,9.549,C-formula,同一行电池容量×100÷纯电续航,medium,Copyright © 2026 David YE
3520,400,CC6480BT25NPHEV,23.7,115,20.609,C-formula,同一行电池容量×100÷纯电续航,medium,Copyright © 2026 David YE
3522,400,CC6480CW23NPHEV,23.7,106,22.358,C-formula,同一行电池容量×100÷纯电续航,medium,Copyright © 2026 David YE
3583,401,LZ6460XLE1EV,64.445,530,12.159,C-formula,同一行电池容量×100÷纯电续航,medium,Copyright © 2026 David YE
3584,401,LZW6402BEVA7,31.9,310,10.29,C-formula,同一行电池容量×100÷纯电续航,medium,Copyright © 2026 David YE
3585,401,LZW6402BEVA8,41.9,410,10.22,C-formula,同一行电池容量×100÷纯电续航,medium,Copyright © 2026 David YE
3586,401,LZW6402BEVA9,54,510,10.588,C-formula,同一行电池容量×100÷纯电续航,medium,Copyright © 2026 David YE
3587,401,NAL7000BSEVY2,42.1,420,10.024,C-formula,同一行电池容量×100÷纯电续航,medium,Copyright © 2026 David YE
3596,401,NHQ7001BEVLA,51.8,540,9.593,C-formula,同一行电池容量×100÷纯电续航,medium,Copyright © 2026 David YE
3597,401,NHQ7001BEVLB,62.2,640,9.719,C-formula,同一行电池容量×100÷纯电续航,medium,Copyright © 2026 David YE
3598,401,NHQ7001BEVLC,61.6,610,10.098,C-formula,同一行电池容量×100÷纯电续航,medium,Copyright © 2026 David YE
3618,401, CC6480BT25NPHEV ,23.7,115,20.609,C-formula,同一行电池容量×100÷纯电续航,medium,Copyright © 2026 David YE
3620,401, CC6480CW23NPHEV ,23.7,106,22.358,C-formula,同一行电池容量×100÷纯电续航,medium,Copyright © 2026 David YE
3688,402,BYD7000AGBEV4,57.545,520,11.066,C-formula,同一行电池容量×100÷纯电续航,medium,Copyright © 2026 David YE
3689,402,BYD7000AGBEV5,69.07,620,11.14,C-formula,同一行电池容量×100÷纯电续航,medium,Copyright © 2026 David YE
3690,402,BYD7000BVBEV3,64.315,630,10.209,C-formula,同一行电池容量×100÷纯电续航,medium,Copyright © 2026 David YE
3691,402,BYD7000BVBEV4,52.868,530,9.975,C-formula,同一行电池容量×100÷纯电续航,medium,Copyright © 2026 David YE
3701,402,DFL6490NNJ1BEV,73,580,12.586,C-formula,同一行电池容量×100÷纯电续航,medium,Copyright © 2026 David YE
3702,402,DFL6490NNJ2BEV,81,650,12.462,C-formula,同一行电池容量×100÷纯电续航,medium,Copyright © 2026 David YE
3704,402,JX7001ERGBEV,58.65,560,10.473,C-formula,同一行电池容量×100÷纯电续航,medium,Copyright © 2026 David YE
3705,402,JX7001ERKBEV,56,530,10.566,C-formula,同一行电池容量×100÷纯电续航,medium,Copyright © 2026 David YE
3706,402,JX7001ERLBEV,70.38,705,9.983,C-formula,同一行电池容量×100÷纯电续航,medium,Copyright © 2026 David YE
3707,402,LZW7001BEVE8,16.2,205,7.902,C-formula,同一行电池容量×100÷纯电续航,medium,Copyright © 2026 David YE
3708,402,LZW7001BEVE9,25.1,301,8.339,C-formula,同一行电池容量×100÷纯电续航,medium,Copyright © 2026 David YE
3709,402,LZW7001BEVEA,16.2,205,7.902,C-formula,同一行电池容量×100÷纯电续航,medium,Copyright © 2026 David YE
3710,402,LZW7001BEVEB,16.2,205,7.902,C-formula,同一行电池容量×100÷纯电续航,medium,Copyright © 2026 David YE
3711,402,LZW7001BEVEC,16.2,205,7.902,C-formula,同一行电池容量×100÷纯电续航,medium,Copyright © 2026 David YE
3712,402,LZW7001BEVED,25.1,301,8.339,C-formula,同一行电池容量×100÷纯电续航,medium,Copyright © 2026 David YE
3713,402,LZW7007BEVCD,31.9,330,9.667,C-formula,同一行电池容量×100÷纯电续航,medium,Copyright © 2026 David YE
3714,402,LZW7007BEVCE,37.9,403,9.404,C-formula,同一行电池容量×100÷纯电续航,medium,Copyright © 2026 David YE
3721,402,QCJ7000BTBEV3,150.01,860,17.443,C-formula,同一行电池容量×100÷纯电续航,medium,Copyright © 2026 David YE
3722,402,QCJ7000BTBEV4,150.01,1006,14.912,C-formula,同一行电池容量×100÷纯电续航,medium,Copyright © 2026 David YE
3723,402,SAL7000AC00BBEV,51.497,450,11.444,C-formula,同一行电池容量×100÷纯电续航,medium,Copyright © 2026 David YE
3724,402,SAL7000AC01BBEV,51.497,445,11.572,C-formula,同一行电池容量×100÷纯电续航,medium,Copyright © 2026 David YE
3730,402,SGM6525BCBEV,95.7,601,15.923,C-formula,同一行电池容量×100÷纯电续航,medium,Copyright © 2026 David YE
3731,402,SVW650171CEV,100,705,14.184,C-formula,同一行电池容量×100÷纯电续航,medium,Copyright © 2026 David YE
3732,402,SVW650172CEV,100,635,15.748,C-formula,同一行电池容量×100÷纯电续航,medium,Copyright © 2026 David YE
3733,402,SVW650173CEV,109.3,751,14.554,C-formula,同一行电池容量×100÷纯电续航,medium,Copyright © 2026 David YE
3841,403, BJ6496VALBEV ,89,680,13.088,C-formula,同一行电池容量×100÷纯电续航,medium,Copyright © 2026 David YE
3846,403, BYD6460ALBEV1 ,57.545,540,10.656,C-formula,同一行电池容量×100÷纯电续航,medium,Copyright © 2026 David YE
3847,403, BYD6460ALBEV2 ,68.547,630,10.88,C-formula,同一行电池容量×100÷纯电续航,medium,Copyright © 2026 David YE
3848,403, BYD6460ALBEV3 ,68.547,630,10.88,C-formula,同一行电池容量×100÷纯电续航,medium,Copyright © 2026 David YE
3849,403, BYD6480AMBEV3 ,75.616,620,12.196,C-formula,同一行电池容量×100÷纯电续航,medium,Copyright © 2026 David YE
3850,403, BYD6480CDBEV1 ,75.616,620,12.196,C-formula,同一行电池容量×100÷纯电续航,medium,Copyright © 2026 David YE
3851,403, BYD6480CDBEV2 ,82.732,710,11.652,C-formula,同一行电池容量×100÷纯电续航,medium,Copyright © 2026 David YE
3852,403, BYD7000AGBEV6 ,69.07,620,11.14,C-formula,同一行电池容量×100÷纯电续航,medium,Copyright © 2026 David YE
3853,403, BYD7000BVBEV5 ,64.315,630,10.209,C-formula,同一行电池容量×100÷纯电续航,medium,Copyright © 2026 David YE
3854,403, BYD7000BWBEV5 ,64.315,630,10.209,C-formula,同一行电池容量×100÷纯电续航,medium,Copyright © 2026 David YE
3860,403, FZ6430BEVA10A ,39.8,403,9.876,C-formula,同一行电池容量×100÷纯电续航,medium,Copyright © 2026 David YE
3861,403, FZ6430BEVA10B ,53,505,10.495,C-formula,同一行电池容量×100÷纯电续航,medium,Copyright © 2026 David YE
3862,403, FZ6530BEVWD19A ,115,720,15.972,C-formula,同一行电池容量×100÷纯电续航,medium,Copyright © 2026 David YE
3864,403, NAL6543BSEVD1 ,102,620,16.452,C-formula,同一行电池容量×100÷纯电续航,medium,Copyright © 2026 David YE
3868,403, NJL6553EV1Y ,88.02,480,18.337,C-formula,同一行电池容量×100÷纯电续航,medium,Copyright © 2026 David YE
3871,403, QCJ7000AEBEV5 ,122.496,860,14.244,C-formula,同一行电池容量×100÷纯电续航,medium,Copyright © 2026 David YE
3872,403, QCJ7000AEBEV6 ,102.326,905,11.307,C-formula,同一行电池容量×100÷纯电续航,medium,Copyright © 2026 David YE
3873,403, QCJ7000AEBEV7 ,122.496,1068,11.47,C-formula,同一行电池容量×100÷纯电续航,medium,Copyright © 2026 David YE
3874,403, QCJ7000AEBEV8 ,102.326,880,11.628,C-formula,同一行电池容量×100÷纯电续航,medium,Copyright © 2026 David YE
3875,403, QCJ7000AEBEV9 ,122.496,1036,11.824,C-formula,同一行电池容量×100÷纯电续航,medium,Copyright © 2026 David YE
3876,403, QCJ7000AKBEV1 ,57.545,550,10.463,C-formula,同一行电池容量×100÷纯电续航,medium,Copyright © 2026 David YE
3877,403, QCJ7000AKBEV2 ,48,450,10.667,C-formula,同一行电池容量×100÷纯电续航,medium,Copyright © 2026 David YE
3878,403, QCJ7000AKBEV3 ,57.6,520,11.077,C-formula,同一行电池容量×100÷纯电续航,medium,Copyright © 2026 David YE
3879,403, QCJ7008BEVB1 ,57.6,530,10.868,C-formula,同一行电池容量×100÷纯电续航,medium,Copyright © 2026 David YE
3883,403, SC7000AABKBEV ,98.07,670,14.637,C-formula,同一行电池容量×100÷纯电续航,medium,Copyright © 2026 David YE
3884,403, SQJ6460YX5BEV ,64.445,530,12.159,C-formula,同一行电池容量×100÷纯电续航,medium,Copyright © 2026 David YE
3885,403, XMA7001MBEVA1 ,101.7,835,12.18,C-formula,同一行电池容量×100÷纯电续航,medium,Copyright © 2026 David YE
3886,403, XMA7001MBEVA4 ,101.7,835,12.18,C-formula,同一行电池容量×100÷纯电续航,medium,Copyright © 2026 David YE
3887,403, XMA7001MBEVR2 ,96.3,902,10.676,C-formula,同一行电池容量×100÷纯电续航,medium,Copyright © 2026 David YE
3888,403, XMA7001MBEVR3 ,73,720,10.139,C-formula,同一行电池容量×100÷纯电续航,medium,Copyright © 2026 David YE
3889,403, XMA7001MBEVR5 ,96.3,902,10.676,C-formula,同一行电池容量×100÷纯电续航,medium,Copyright © 2026 David YE
3890,403, XMA7001MBEVR6 ,73,720,10.139,C-formula,同一行电池容量×100÷纯电续航,medium,Copyright © 2026 David YE
3891,403, XMA7001MBEVR7 ,96.3,902,10.676,C-formula,同一行电池容量×100÷纯电续航,medium,Copyright © 2026 David YE
3915,403,SGM6481MAPHEV,19.7,106,18.585,C-formula,同一行电池容量×100÷纯电续航,medium,Copyright © 2026 David YE
3916,403,SGM6481MBPHEV,31.7,168,18.869,C-formula,同一行电池容量×100÷纯电续航,medium,Copyright © 2026 David YE
3917,403,SGM6481MDPHEV,31.7,163,19.448,C-formula,同一行电池容量×100÷纯电续航,medium,Copyright © 2026 David YE
3918,403,SQR6540REEVEHV,37.017,158,23.428,C-formula,同一行电池容量×100÷纯电续航,medium,Copyright © 2026 David YE
3919,403,SQR6540REEVEHV1,53.352,223,23.925,C-formula,同一行电池容量×100÷纯电续航,medium,Copyright © 2026 David YE
3920,403,SQR6540REEVEHV2,53.352,210,25.406,C-formula,同一行电池容量×100÷纯电续航,medium,Copyright © 2026 David YE
3928,404,BYD6460ALBEV4,57.545,540,10.656,C-formula,同一行电池容量×100÷纯电续航,medium,Copyright © 2026 David YE
3997,404,SGM6481MEPHEV,31.7,163,19.448,C-formula,同一行电池容量×100÷纯电续航,medium,Copyright © 2026 David YE
4019,405,BYD6480CDBEV3,69.07,605,11.417,C-formula,同一行电池容量×100÷纯电续航,medium,Copyright © 2026 David YE
4022,405,CSA7008BBEV1,100.2,905,11.072,C-formula,同一行电池容量×100÷纯电续航,medium,Copyright © 2026 David YE
4023,405,CSA7008BBEV2,100.2,791,12.668,C-formula,同一行电池容量×100÷纯电续航,medium,Copyright © 2026 David YE
4024,405,CSA7008BBEV3,100.2,776,12.912,C-formula,同一行电池容量×100÷纯电续航,medium,Copyright © 2026 David YE
4025,405,CSA7008BBEV4,81.081,732,11.077,C-formula,同一行电池容量×100÷纯电续航,medium,Copyright © 2026 David YE
4026,405,CSA7008BBEV5,81.081,712,11.388,C-formula,同一行电池容量×100÷纯电续航,medium,Copyright © 2026 David YE
4027,405,CSA7008BBEV6,100.2,873,11.478,C-formula,同一行电池容量×100÷纯电续航,medium,Copyright © 2026 David YE
4028,405,FZ6530BEVWD19B,115,680,16.912,C-formula,同一行电池容量×100÷纯电续航,medium,Copyright © 2026 David YE
4034,405,MR7002BEV106,77.17,601,12.84,C-formula,同一行电池容量×100÷纯电续航,medium,Copyright © 2026 David YE
4035,405,MR7002BEV107,77.17,701,11.009,C-formula,同一行电池容量×100÷纯电续航,medium,Copyright © 2026 David YE
4036,405,MR7002BEV108,95,816,11.642,C-formula,同一行电池容量×100÷纯电续航,medium,Copyright © 2026 David YE
4074,406,AHC7000BEVW0A,86.111,675,12.757,C-formula,同一行电池容量×100÷纯电续航,medium,Copyright © 2026 David YE
4084,406,BYD6480AMBEV6,69.07,605,11.417,C-formula,同一行电池容量×100÷纯电续航,medium,Copyright © 2026 David YE
4085,406,BYD7000AZBEV1,92.093,905,10.176,C-formula,同一行电池容量×100÷纯电续航,medium,Copyright © 2026 David YE
4086,406,BYD7000AZBEV2,92.093,785,11.732,C-formula,同一行电池容量×100÷纯电续航,medium,Copyright © 2026 David YE
4093,406,CSA7002EBEVA,103.3,810,12.753,C-formula,同一行电池容量×100÷纯电续航,medium,Copyright © 2026 David YE
4094,406,CSA7002EBEVC,93.1,822,11.326,C-formula,同一行电池容量×100÷纯电续航,medium,Copyright © 2026 David YE
4095,406,CSA7002EBEVE,76.5,685,11.168,C-formula,同一行电池容量×100÷纯电续航,medium,Copyright © 2026 David YE
4097,406,FZ6430BEVA10C,53,505,10.495,C-formula,同一行电池容量×100÷纯电续航,medium,Copyright © 2026 David YE
4098,406,FZ6470BEVC10P,81.9,660,12.409,C-formula,同一行电池容量×100÷纯电续航,medium,Copyright © 2026 David YE
4099,406,FZ6470BEVC10R,81.9,660,12.409,C-formula,同一行电池容量×100÷纯电续航,medium,Copyright © 2026 David YE
4100,406,FZ6490BEVC16T,81.9,630,13,C-formula,同一行电池容量×100÷纯电续航,medium,Copyright © 2026 David YE
4102,406,FZ7000BEVA05C,53,510,10.392,C-formula,同一行电池容量×100÷纯电续航,medium,Copyright © 2026 David YE
4111,406,NHQ6470BEVXB,69,650,10.615,C-formula,同一行电池容量×100÷纯电续航,medium,Copyright © 2026 David YE
4113,406,QCJ7000ANBEV2,102.326,780,13.119,C-formula,同一行电池容量×100÷纯电续航,medium,Copyright © 2026 David YE
4114,406,QCJ7002BEVA1,38.016,350,10.862,C-formula,同一行电池容量×100÷纯电续航,medium,Copyright © 2026 David YE
4153,407,BH7000BEVDCA,53.5,540,9.907,C-formula,同一行电池容量×100÷纯电续航,medium,Copyright © 2026 David YE
4155,407,BH7003BEVDCA,66.8,620,10.774,C-formula,同一行电池容量×100÷纯电续航,medium,Copyright © 2026 David YE
4157,407,BYD6510BNBEV2,115.072,800,14.384,C-formula,同一行电池容量×100÷纯电续航,medium,Copyright © 2026 David YE
4158,407,BYD6510BNBEV3,92.093,710,12.971,C-formula,同一行电池容量×100÷纯电续航,medium,Copyright © 2026 David YE
4165,407,CSA6492LBEVG,76.5,650,11.769,C-formula,同一行电池容量×100÷纯电续航,medium,Copyright © 2026 David YE
4166,407,CSA6492LBEVH,93.1,782,11.905,C-formula,同一行电池容量×100÷纯电续航,medium,Copyright © 2026 David YE
4167,407,CSA6492LBEVK,103.3,750,13.773,C-formula,同一行电池容量×100÷纯电续航,medium,Copyright © 2026 David YE
4172,407,EQ6500AG5F1BEV,78.8181,630,12.511,C-formula,同一行电池容量×100÷纯电续航,medium,Copyright © 2026 David YE
4173,407,EQ6500AG5F2BEV,98.1,700,14.014,C-formula,同一行电池容量×100÷纯电续航,medium,Copyright © 2026 David YE
4174,407,EQ6501AG5F1BEV,98.1,740,13.257,C-formula,同一行电池容量×100÷纯电续航,medium,Copyright © 2026 David YE
4175,407,EQ6520AE5F2BEV,119.6,750,15.947,C-formula,同一行电池容量×100÷纯电续航,medium,Copyright © 2026 David YE
4177,407,EQ6522AE5F2BEV,119.6,750,15.947,C-formula,同一行电池容量×100÷纯电续航,medium,Copyright © 2026 David YE
4180,407,FZ6450BEVB10L,69.7,610,11.426,C-formula,同一行电池容量×100÷纯电续航,medium,Copyright © 2026 David YE
4181,407,FZ6450BEVB10M,60.8,540,11.259,C-formula,同一行电池容量×100÷纯电续航,medium,Copyright © 2026 David YE
4182,407,FZ6450BEVB10N,60.8,540,11.259,C-formula,同一行电池容量×100÷纯电续航,medium,Copyright © 2026 David YE
4184,407,FZ7000BEVA05D,39.8,405,9.827,C-formula,同一行电池容量×100÷纯电续航,medium,Copyright © 2026 David YE
4185,407,FZ7000BEVB01J,69.7,670,10.403,C-formula,同一行电池容量×100÷纯电续航,medium,Copyright © 2026 David YE
4186,407,FZ7000BEVB01K,60.8,590,10.305,C-formula,同一行电池容量×100÷纯电续航,medium,Copyright © 2026 David YE
4187,407,FZ7000BEVB01L,60.8,590,10.305,C-formula,同一行电池容量×100÷纯电续航,medium,Copyright © 2026 David YE
4191,407,LZ6480MME0EV,60.5,510,11.863,C-formula,同一行电池容量×100÷纯电续航,medium,Copyright © 2026 David YE
4192,407,LZ6490MME0EV,60.5,510,11.863,C-formula,同一行电池容量×100÷纯电续航,medium,Copyright © 2026 David YE
4193,407,MR7001BEV133,70.01,615,11.384,C-formula,同一行电池容量×100÷纯电续航,medium,Copyright © 2026 David YE
4194,407,MR7001BEV134,61.52,535,11.499,C-formula,同一行电池容量×100÷纯电续航,medium,Copyright © 2026 David YE
4203,407,NHQ6490BEVVA,58.2,560,10.393,C-formula,同一行电池容量×100÷纯电续航,medium,Copyright © 2026 David YE
4205,407,NHQ6510BEVRA,91.9,702,13.091,C-formula,同一行电池容量×100÷纯电续航,medium,Copyright © 2026 David YE
4206,407,NHQ6510BEVRB,110,805,13.665,C-formula,同一行电池容量×100÷纯电续航,medium,Copyright © 2026 David YE
4207,407,NHQ6510BEVRC,110,755,14.57,C-formula,同一行电池容量×100÷纯电续航,medium,Copyright © 2026 David YE
4227,407,DFM6531S5F1REEV,51.46,217,23.714,C-formula,同一行电池容量×100÷纯电续航,medium,Copyright © 2026 David YE
4256,408,AHC7000BEVK0K,70.18969,710,9.886,C-formula,同一行电池容量×100÷纯电续航,medium,Copyright © 2026 David YE
4261,408,BJ7000K71BBEV,97.6,816,11.961,C-formula,同一行电池容量×100÷纯电续航,medium,Copyright © 2026 David YE
4263,408,BJ7000K722BEV,97.6,801,12.185,C-formula,同一行电池容量×100÷纯电续航,medium,Copyright © 2026 David YE
4267,408,BYD7000AXBEV2,102.326,880,11.628,C-formula,同一行电池容量×100÷纯电续航,medium,Copyright © 2026 David YE
4268,408,BYD7000AXBEV3,102.326,1008,10.151,C-formula,同一行电池容量×100÷纯电续航,medium,Copyright © 2026 David YE
4272,408,EQ6502AG5F1BEV,78.7181,630,12.495,C-formula,同一行电池容量×100÷纯电续航,medium,Copyright © 2026 David YE
4279,408,LZ6490MME1EV,60.5,510,11.863,C-formula,同一行电池容量×100÷纯电续航,medium,Copyright © 2026 David YE
4281,408,LZ6510NKD0EV,65.894,460,14.325,C-formula,同一行电池容量×100÷纯电续航,medium,Copyright © 2026 David YE
4282,408,LZ7000SME0EV,60.5,570,10.614,C-formula,同一行电池容量×100÷纯电续航,medium,Copyright © 2026 David YE
4288,408,QCJ7000ARBEV1,76.032,540,14.08,C-formula,同一行电池容量×100÷纯电续航,medium,Copyright © 2026 David YE
4289,408,QCJ7000ARBEV2,76.032,470,16.177,C-formula,同一行电池容量×100÷纯电续航,medium,Copyright © 2026 David YE
4291,408,QCJ7000ATBEV1,92.093,770,11.96,C-formula,同一行电池容量×100÷纯电续航,medium,Copyright © 2026 David YE
4292,408,QCJ7000ATBEV2,92.093,900,10.233,C-formula,同一行电池容量×100÷纯电续航,medium,Copyright © 2026 David YE
4294,408,QCJ7000ATBEV4,92.093,730,12.615,C-formula,同一行电池容量×100÷纯电续航,medium,Copyright © 2026 David YE
4295,408,QCJ7000ATBEV5,92.093,850,10.834,C-formula,同一行电池容量×100÷纯电续航,medium,Copyright © 2026 David YE
4296,408,QCJ7008BEVB2,48,450,10.667,C-formula,同一行电池容量×100÷纯电续航,medium,Copyright © 2026 David YE
4297,408,SAL7001AD03ABEV,68.9,630,10.937,C-formula,同一行电池容量×100÷纯电续航,medium,Copyright © 2026 David YE
4298,408,SAL7001AD30ABEV,68.9,535,12.879,C-formula,同一行电池容量×100÷纯电续航,medium,Copyright © 2026 David YE
4301,408,SC6480AABBBEV,86.7,725,11.959,C-formula,同一行电池容量×100÷纯电续航,medium,Copyright © 2026 David YE
4303,408,SKE6501DBEVR2,81.0434,630,12.864,C-formula,同一行电池容量×100÷纯电续航,medium,Copyright © 2026 David YE
4304,408,SKE6501DBEVR3,81.1131,630,12.875,C-formula,同一行电池容量×100÷纯电续航,medium,Copyright © 2026 David YE
4306,408,SQR6500BEVEHX,81.11378,702,11.555,C-formula,同一行电池容量×100÷纯电续航,medium,Copyright © 2026 David YE
4307,408,SQR6500BEVEHX1,100.4241397,852,11.787,C-formula,同一行电池容量×100÷纯电续航,medium,Copyright © 2026 David YE
4309,408,SQR6500BEVEHX5,100.4241397,753,13.337,C-formula,同一行电池容量×100÷纯电续航,medium,Copyright © 2026 David YE
