motor_model,target_rows,batches,brands,motor_suppliers,peak_power_kw_values,total_power_kw_values,sample_vehicle_models,research_priority,copyright
(电机型号缺失),2097,341|342|343|344|345|346|347|348|349|350|351|352|353|354|355|356|357|359|360|361|362|363|364|365|366|367|368|369|370|371|372|373|374|375|376|377|378|379|380|381|382|383|384|385|386|387|388|389|390|391|392|393|394|395|396|398|399|400|401|402|403|404|405|406|407|408|409,"北京汽车|比亚迪牌|江铃牌|大众|哪吒牌|长安牌|赛力斯牌|大马牌|田野牌|吉利牌|天琴牌|北京牌|红星牌|五菱牌|特斯拉牌|奇瑞牌|岚图牌|东风牌|零跑牌|燕铃牌|东南牌|威马牌|思皓牌|凌宝牌|领途牌|大运牌|理想牌|风神牌|恒合牌|大众牌|福田牌|极狐(ARCFOX)牌|精灵(smart)牌|敏微牌|帝豪牌|埃安(AION)牌|悦达牌|宝马(BMW)牌|富康牌|启辰牌|海马牌|恒润牌|枫叶牌|宝骏牌|开沃牌|众泰牌|合创牌|哈弗牌|锐胜牌|一汽牌|瑞风牌|江南牌|小鹏牌|依维柯牌|阿维塔（AVATR）牌|大通牌|捷途牌|玛斯丹(MUSTANG)牌|黄海牌|羿驰牌|悠宝利(U-Belief)牌|魏牌牌|翼刻牌|爱驰牌|英伦牌|国金汽车牌|路虎(LAND ROVER)牌|创维牌|辰际牌|欧拉牌|极氪牌|斯威牌|蔚来牌|凯迪拉克(CADILLAC)牌|云度牌|本田(HONDA)牌|领克牌|鑫源牌|沃尔沃牌|红旗牌|智己牌|毅威(M-NV)牌|江淮牌|吉麦牌|腾势牌|别克(BUICK)牌|极星牌|星途牌|名爵牌|江铃全顺牌|几何牌|荣威牌|长城牌|北斗星牌|爱咖牌|传祺(Trumpchi)牌|晶马牌|猎豹(LEOPAARD)牌|极越牌|起亚牌|颐驰牌|凯翼牌|方程豹牌|奥迪(AUDI)牌|远程牌|大众汽车(VOLKSWAGEN)牌|小米牌|易至牌|梅赛德斯-奔驰(Mercedes-Ben...|天际牌|飞凡牌|东风标致牌|翼真牌|猛士牌|雪佛兰(CHEVROLET)牌|知豆牌|光束(MINI)牌|华彰牌|马自达(MAZDA)牌|福特牌|予风牌|开瑞牌|骏驰牌|仰望牌|阿维塔牌|马自达牌|别克牌|昊铂牌|埃安牌|北汽牌|现代牌|睿蓝牌|埃安(AION)|极石牌|尚界牌|东风日产牌|别克(BUICK)|请提供具体的正文内容，以便我进行产品商标的提取。|请提供具体的正文内容，以便我提取产品商标。|
东风牌|
吉利牌|
星途牌|赛力斯蓝电牌|请提供包含产品商标信息的正文内容，以便我进行提取。|极狐牌|莲花牌|魏牌|领汇牌|智界牌|问界牌|神行者(FREELANDER)牌|奕境牌|享界牌|大众汽车(VOLKSWAGEN)|启境牌","青山工业|比亚迪|方正电机|大众汽车自动变速器|菲仕绿能科技|中车时代|汇川联合动力|华为|上海电驱动|金康动力/华为|英搏尔电气|上海汽车电驱动|北京新能源|大地和电气|创驱新能源|特斯拉|浙江方正电机|奇瑞汽车|特斯拉（上海）|特斯拉公司|金华零跑|卧龙采埃孚|双林汽车柳州分公司|无锡中车浩夫尔动力|德州浦益希机电|厦门金龙汽车新能源科技有限公司|上海汽车电驱动有限公司|苏州汇川|合肥道一动力/珠海英搏尔电气|浙江奥思伟尔电动科技|浙江方正电机/山东得普达电机|精进电动科技|浙江方正电机;山东得普达电机|弗迪动力|深圳市大地和电气|永康市斯科若电器|奇瑞新能源汽车|北汽福田|北京西门子|深圳市泉胜新技术开发|威睿电动|格雷博智能动力|长沙市比亚迪|山东双林|广州尼得科|得普达电机|北京新能源汽车|BMW AG|东风电驱动|巨一动力|江淮汽车|恒润汽车|中车时代电气|奇瑞新能源|比亚迪汽车|联合汽车电子|大洋电机|珠海英搏尔|北汽新能源|长安福特汽车|长安福特/LG|智新科技|长沙比亚迪|长安福特|LGE/长安福特|威睿电动/威睿电动|株洲中车时代|西安比亚迪|蔚来动力|蔚然(南京)动力|上汽通用汽车|前：华域汽车
后：台达电子|南京市比亚迪|蜂巢传动系统|联合汽车电子/华域汽车|蔚来|武汉小鹏|抚州比亚迪/南京市比亚迪|上汽通用|菲仕绿能|中车浩夫尔|华域/台达|台达|蜂巢传动|华域汽车|大众汽车|重庆长安|舍弗勒|采埃孚|浙江鑫可传动|华为技术有限公司| 株洲中车时代|无锡中车浩夫尔/菲仕绿能科技|苏州汇川联合动力系统有限公司 |上海中科深江电动车辆有限公司 |苏州汇川联合动力系统有限公司| 苏州汇川联合动力系统|柳州五菱柳机动力有限公司 |合肥道一动力|合肥巨一动力系统| 奇瑞新能源汽车|山东双林新能源|重庆青山|无锡中车浩夫尔|台达电子|联合汽车电子有限公司 |联合汽车电子有限公司|北京新能源汽车股份有限公司|华域汽车电动系统有限公司|珠海英搏尔电气股份有限公司|奇瑞新能源汽车股份有限公司|菲仕绿能科技（北京）有限公司|威迪斯电机技术(芜湖)有限公司|北京新能源汽车股份有限公司 |采埃孚电驱动科技（沈阳）有限公司|采埃孚电驱动科技（沈阳）有限公司 |南京市比亚迪汽车有限公司 |蜂巢传动系统(江苏)有限公司 |华域汽车电动系统有限公司 |苏州汇川联合动力系统股份有限公司 |尼得科汽车马达（浙江）有限公司 |威睿电动汽车技术（宁波）有限公司 |威睿电动汽车技术（宁波）有限公司|浙江方正电机股份有限公司 |无锡中车浩夫尔动力总成有限公司|华为技术有限公司 |上汽通用汽车有限公司 |华为数字能源技术有限公司|菲仕绿能科技（北京）有限公司 |纬湃汽车电子（天津）有限公司|采埃孚电驱动科技(沈阳)有限公司|华域麦格纳电驱动系统有限公司|智新科技股份有限公司 |尼得科汽车马达（浙江）有限公司| 尼得科汽车马达（浙江）有限公司|苏州汇川联合动力系统股份有限公司|锐湃动力科技有限公司|浙江方正电机股份有限公司|威睿电动汽车技术(宁波)有限公司|武汉小鹏智能制造有限公司|特斯拉（上海）有限公司 |山东双林新能源科技有限公司|菲仕绿能科技(北京)有限公司|深圳市大地和电气股份有限公司|中国第一汽车集团有限公司 |大众汽车自动变速器（天津）有限公司|合肥道一动力科技有限公司 |湖州智芯动力系统发展有限公司|弗迪动力有限公司长沙分公司|珠海英博尔电气股份有限公司|大众汽车自动变速器(天津)有限公司|特斯拉（上海）有限公司|北汽福田汽车股份有限公司 |法雷奥蓝谷新能源动力系统（常州）有限公司|长沙市比亚迪汽车有限公司 |株洲中车时代电气股份有限公司|东风电驱动系统有限公司|智新科技股份有限公司|金华凌昇动力科技有限公司 |合肥巨一动力系统有限公司|浙江奥思伟尔电动科技有限公司|尼得科（上海）国际贸易有限公司|衢州极电电动汽车技术有限公司|合肥钧联汽车电子有限公司| 联合汽车电子有限公司|合普动力股份有限公司 |北汽福田汽车股份有限公司| 采埃孚电驱动科技(沈阳)有限公司|长沙市比亚迪汽车有限公司|合肥比亚迪汽车有限公司|金华凌昇动力科技有限公司|柳州五菱柳机动力有限公司|宁波双林汽车部件股份有限公司柳州分公司|重庆青山工业有限责任公司|上汽通用汽车有限公司|上海汽车变速器有限公司|无锡中车时代电驱科技有限公司|南京市比亚迪汽车有限公司|纬湃汽车电子(天津)有限公司|纬湃汽车电子(天津)有限公司 |合普动力股份有限公司|柳州赛克科技发展有限公司|深蓝汽车科技有限公司|中国第一汽车集团有限公司|格雷博智能动力科技有限公司|金华零跑新能源汽车零部件技术有限公司|合肥道一动力科技有限公司|菲仕绿能科技（北京）有限公司;无锡中车时代电驱科技有限公司|武汉菱电汽车电控系统股份有限公司|江苏国吉电驱动科技有限公司|未提供具体数据|宁德时代新能源科技股份有限公司","110|160|150|120|30|180|130|170|330|175|240|126|370|70|231|227|190|230|55|200|210|115|70|115|200|150 / 200|120|160|105|180|112|150|150 / 230|155|110|150/230|202|210|前200/后285|前200/后300|前: 160 / 后: 200|175|252|前165/后227|165，227|165,227|227|145|105|79|100|218|前200kW/后285kW|前/后左/后右: 200/240/240|71|80|176|74|160 / 110|90|130/180|260/260/240/240|112|80|176|74|90|79|130 / 180|202|218|131/185|185|130|160 / 230|230|160/230|160/195/195|195|150/215|140|75|260+260,240+240|231|131/231|235|122|前/后 100/200|前/后左/后右: 200/220/220|165|220|370|160,237.5,237.5|200,180|前:160/后:210|前/后: 165/180|前轮165 / 后轮180|前/后: 200/200|(前/后左/后右):100/150/150|前/后左/后右: 200/180/180|200,45|前: 200 / 后: 45|220 / 277|前轮 220 / 后轮 277|170|前:160 / 后:200|135|200/200|152|215|100/200|前160/后230|160/237.5/237.5|183|前:160 / 后:210|131/200/200|131/200|160,110|前: 220 / 后: 222|160,277|160，277|162|前/后 160/230|前: 220 / 后: 222 / 222|150 / 220",110|160|150|120|30|180|130|170|330|175|240|126|370|70|231|362|227|190|230|55|200|210|115|350|105|112|380|155|202|485|500|360|252|392|145|79|100|218|680|71|80|176|74|270|90|310|1000|316|185|390|550|195|365|140|75|235|122|300|640|165|220|635|345|400|560|245|497|135|152|215|183|531|331|442|437|162|664|450|397|387,BAW7003UB51BEV|BAW7003UB52BEV|BYD7008BEVA10|JX6490T-M5BEV|JX6570T-M5BEV|SVW6461AEV|THZ6450BEVS30C|THZ7000BEVS116|SC6443PBABEV|SC6491AAABEV|SC7001ABEBEV|SC7001ABGBEV,vehicle-model-OCR,Copyright © 2026 David YE
TZ180XS130,17,383|384|385|386|388|395,埃安(AION)牌,苏州汇川联合动力系统股份有限公司|苏州汇川,100|100,100,GAM7001BEVA1P|AHC6450BEVD1D|AHC7000BEVE0E|AHC7001BEVA1B|AHC7001BEVA1G|AHC7001BEVA1L|AHC7001BEVA1M|AHC6450BEVD0Y|AHC6450BEVD1A|AHC6450BEVD1B|AHC6450BEVD1C|AHC7001BEVA1D,motor-model-source-search,Copyright © 2026 David YE
TZ180XYXOF51,17,381|383|384|387|388|398|400,埃安(AION)牌|埃安(AION),锐湃动力科技有限公司,165|165,165,GAM6450BEVD1J|GAM6460BEVJ0A|GAM6460BEVJ0F|AHC6450BEVD1J|AHC6460BEVJ0A|AHC6460BEVJ0C|AHC6460BEVJ0D|AHC6460BEVJ0F|AHC6460BEVJ0H|AHC6450BEVD1Q|AHC6450BEVD1R|AHC7000BEVK0A,motor-model-source-search,Copyright © 2026 David YE
TZ180XS134,16,387|389|392|393|395|399|406,埃安(AION)牌|埃安(AION),"苏州汇川联合动力系统股份有限公司|
苏州汇川联合动力系统股份有限公司","100|33|100|33|33,100",100|33,AHC7001BEVA1U|AHC7001BEVA1V|AHC7000BEVL0A|AHC7000BEVL0D|AHC7000BEVL0G|AHC7001BEVA1W|AHC7001BEVA1X|AHC7000BEVL0H|AHC7001BEVA2C|AHC7001BEVA2D|AHC7000BEVL0L|AHC7000BEVL0M,motor-model-source-search,Copyright © 2026 David YE
TZ230XYC04,16,398|404|405,极氪牌|领克牌,衢州极电电动汽车技术有限公司,370|215/370|310/370,370|585|680,MR6481BEV103|MR6481BEV104|MR6481BEV105|MR7003BEV102|MR7003BEV103|MR7003BEV104|MR7001BEV124|MR7001BEV125|MR7001BEV127|MR7001BEV129|MR7001BEV130|MR7001BEV131,motor-model-source-search,Copyright © 2026 David YE
TZ180XY005,14,390|394|395|399|404,零跑牌,金华凌昇动力科技有限公司,"200|180|160|
160|70,160",200|180|160|230,FZ6450BEVB10B|FZ6450BEVB10D|FZ6450BEVB10E|FZ6450BEVB10F|FZ6450BEVB10H|FZ7000BEVB01A|FZ7000BEVB01B|FZ7000BEVB01D|FZ7000BEVB01E|FZ7000BEVB05B|FZ7000BEVB05C|FZ7000BEVB05D,motor-model-source-search,Copyright © 2026 David YE
TZ184XY101,14,382|388|393|395|399|400|404,吉利牌,无锡星驱动力科技有限公司 |无锡星驱动力科技有限公司|浙江吉利汽车有限公司,160|160,160,MR6465BEV01|MR6465BEV02|MR6465BEV03|MR6465BEV04|MR6465BEV05|MR6461BEV101|MR6461BEV100|MR6461BEV103|HQ6471BEV100|HQ6471BEV101|HQ6481BEV100|HQ6481BEV101,motor-model-source-search,Copyright © 2026 David YE
TZ226QYD,14,403|404|406|407|408|409,腾势牌|比亚迪牌,郑州比亚迪汽车有限公司|东莞弗迪动力有限公司/郑州比亚迪汽车有限公司|东莞弗迪动力有限公司 / 郑州比亚迪汽车有限公司,370|215/370|前: 200 / 后: 370|370,370|585|570,QCJ7000AEBEV6|QCJ7000AEBEV7|QCJ7000AEBEV8|QCJ7000AEBEV9|BYD6530CABEV1|BYD6530CABEV2|QCJ7000ANBEV1|BYD6510BNBEV1|BYD6510BNBEV2|BYD7000AXBEV2|BYD7000AXBEV3|QCJ6520BUBEV1,motor-model-source-search,Copyright © 2026 David YE
YY39TZ180S01,14,401|407|408|409,东风牌,珠海英搏尔电气股份有限公司,135|135,135,DFM6473M5FABEV|DFM6473M5FBBEV|LZ6480MMD0EV|LZ6480MME0EV|LZ6490MME0EV|LZ6490MME1EV|LZ6490MME2EV|LZ7000SME0EV|LZ6480MME1EV|LZ6480MME3EV|LZ6480MME2EV|LZ6480MMD1EV,motor-model-source-search,Copyright © 2026 David YE
QT67TZ210D01,13,398|408|409,赛力斯牌|享界牌|问界牌|智界牌,华为数字能源技术有限公司|重庆金康动力新能源有限公司;华为数字能源技术有限公司|华为数字能源技术有限公司/华为数字能源技术有限公司,"160 / 227|227|160/227|160,227|150|227|160",387|227|377,SKE6510SBEVAS|SKE6510SBEVR|BJ7000K71BBEV|BJ7000K71CBEV|BJ7000K722BEV|BJ7000K723BEV|SKE6501DBEVR2|SKE6501DBEVR3|SQR6500BEVEHY8|SQR6500BEVEHY6|SQR6500BEVEHY7|SKE6522DBEVA2F,motor-model-source-search,Copyright © 2026 David YE
TZ155XZ230,13,387|389|392|394|398|399|402,五菱牌,柳州赛克科技发展有限公司,30|30,30,LZW7001EVC1|LZW7001EVD1|LZW7001EVC2|LZW7001BEVA1|LZW7001BEVE2|LZW7001BEVE7|LZW7001BEVE6|LZW7001BEVE8|LZW7001BEVE9|LZW7001BEVEA|LZW7001BEVEB|LZW7001BEVEC,motor-model-source-search,Copyright © 2026 David YE
TZ204XS1351,13,381|382|383|392|405|406,大通牌|飞凡牌|名爵牌,"厦门势拓御能科技有限公司|华域汽车电动系统有限公司|
华域汽车电动系统有限公司",180|150,180|150,SH6531T1BEV-A|CSA6493YBEV4|CSA6493YBEV5|CSA6493YSEV3|CSA6493YSEV4|CSA6497YBEV1|CSA6497YBEV2|CSA6497YBEV3|CSA6497YSEV3|CSA6453JBEV4|CSA6493YSEV5|CSA6453JBEV8,motor-model-source-search,Copyright © 2026 David YE
TZ215XYECY,13,399|400|401|404,奥迪牌,采埃孚电驱动系统（沈阳）有限公司,135/270|215|265,405|215|265,AFN6490LABBEVA|AFN6490SABBEVB|AFN7000BABBEVA|AFN7000BABBEVB|AFN6490LACBEVA|AFN6490LACBEVB|AFN6490LBCBEV|AFN6490SACBEVA|AFN6490SACBEVB|AFN6490SBCBEV|AFN7000BACBEVA|AFN7000BACBEVB,motor-model-source-search,Copyright © 2026 David YE
TZ220XS000,13,381|383|385|387|388|390|391|392|393,小米牌|远程牌,联合汽车电子有限公司|华域麦格纳电驱动系统有限公司,120|170,120|170,BJ7000MBEVR3|JL6501BEV100|JL6501SEV100|XMA7000MBEVR2|XMA7000MBEVR3|XMA7000MBEVR5|JL6501BEV103|JL6551BEV103|JL6551BEV104|JL6551BEV106|JL6551BEV107|JL6501BEV105,motor-model-source-search,Copyright © 2026 David YE
TZ235XYC01,13,381|382|383|384|385|391|399,极氪牌|领克牌|精灵(smart),衢州极电电动汽车技术有限公司|衢州极电|衢州极电新能源科技有限公司,160|370|165/310,160|370|475,MR6471BEV02|MR6471BEV04|MR6471BEV01|MR6471BEV03|MR6525BEV12|MR7001BEV31|MR6471BEV100|MR6481BEV101|MR6481BEV102|MR7001BEV104|MR7001BEV101|MR7001BEV102,motor-model-source-search,Copyright © 2026 David YE
EEV,12,381|382|384|388|391|399,大众牌|大众汽车牌|大众汽车(VOLKSWAGEN)牌|奥迪(AUDI)牌|大众汽车(VOLKSWAGEN),大众汽车自动变速器（天津）有限公司|大众汽车自动变速器(天津)有限公司,150|170|125,150|170|125,FV6465BDBEV|VWA64702BEV1|FV7007ACBEV|SVW6461HEV|SVW6461JEV|SVW7000DEV|FV6465AAABEV|FV6469ACBEV|VWA64702BEV2|SVW7000EEV|VWA64702BEV3|SVW7001HEV,motor-model-source-search,Copyright © 2026 David YE
TZ180XS0951,12,385|388|391|393|399|400|405|406,名爵牌|云度牌,联合汽车电子有限公司,180|147|150|125|125,180|147|150|125,CSA6453JBEV1|CSA6453JBEV2|CSA6453JBEV3|YDE7000BEV5A|YDE7000BEV5B|YDE7000BEV5C|CSA6453JBEV5|CSA6453JBEV6|CSA6453JBEV7|CSA6453JBEV9,motor-model-source-search,Copyright © 2026 David YE
TZ200XYAT,12,402|405,比亚迪牌|方程豹牌,南京市比亚迪汽车有限公司|东莞弗迪动力有限公司 / 南京市比亚迪汽车有限公司,240|前: 35 / 后: 120,240|155,BYD6480AMBEV1|BYD7000AGBEV5|BYD7000BVBEV3|BYD7000BWBEV4|BYD7000BXBEV2|BYD7009BEV14|QCJ6460AHBEV5|QCJ6460AHBEV6|QCJ6460AHBEV7|BYD6470BZBEV2|BYD6480AMBEV5|BYD6480CDBEV3,motor-model-source-search,Copyright © 2026 David YE
112AD3,10,393|394|395|401|402,爱咖牌|奇瑞牌,奇瑞新能源汽车股份有限公司,185|185,185,NEQ6440BEVS56K|NEQ6440BEVS56L|NEQ6440BEVS56V|NEQ6430BEVS56Z|NEQ6430BEVS561|NEQ6430BEVS562|NEQ6440BEVS563|NEQ6440BEVS564|NEQ6440BEVS565|NEQ6420BEVS59M,motor-model-source-search,Copyright © 2026 David YE
HA0001N0,10,384|386,宝马(BMW)牌,采埃孚电驱动科技(沈阳)有限公司|采埃孚,240,240,BMW7001AGEV|BMW7001AHEV|BMW7001AJEV|BMW7001AKEV|BMW7001ALEV|BMW7001AMEV|BMW7001ANEV|BMW7001APEV|BMW7001AQEV|BMW7001AREV,motor-model-source-search,Copyright © 2026 David YE
TZ160XS002,10,389|391|406|407|408,吉利牌,格雷博智能动力科技有限公司|星驱科技(嘉兴)有限公司,370|160|85,370|160|85,MR7001BEV111|MR7001BEV112|JL7001BEV100|JL7001BEV108|JL7001BEV109|MR7001BEV139|MR7001BEV140|MR7001BEV146|JL7001BEV116|MR7001BEV150,motor-model-source-search,Copyright © 2026 David YE
TZ184QY301,10,407|408,精灵(smart)|领克牌|吉利牌,无锡星驱动力科技有限公司|衢州极电电动汽车技术有限公司/无锡星驱动力科技有限公司,245|180/245,245|425,HQ6431BEV107|MR7001BEV133|MR7001BEV134|MR7001BEV135|MR7001BEV136|MR7001BEV137|MR7001BEV138|MR6462BEV100|MR6462BEV101|MR6462BEV102,motor-model-source-search,Copyright © 2026 David YE
TZ220QY002,10,407|408|409,岚图牌,重庆青山工业有限责任公司|智新科技股份有限公司/重庆青山工业有限责任公司,300|175/300|175,300|475,EQ6500AG5F1BEV|EQ6500AG5F2BEV|EQ6501AG5F1BEV|EQ6520AE5F2BEV|EQ6521AE5F2BEV|EQ6522AE5F2BEV|EQ6523AE5F2BEV|EQ6502AG5F1BEV|EQ6520AD5F2BEV|EQ6530AB5F2BEV,motor-model-source-search,Copyright © 2026 David YE
TZ225XYH01,10,383|395|399|402|407|408,岚图牌|东风牌,智新科技股份有限公司,230|230|175/230,230|330|405,DFL6470NN35BEV|DFL6470NN36BEV|DFL6480NN31BEV|EQ6480AF5F1BEV|DFM6500S5F5BEV|DFM6500S5F6BEV|DFM6500S5F7BEV|DFM6500S5F8BEV|DFM7002S1F1BEV|DFM7002S1F2BEV,motor-model-source-search,Copyright © 2026 David YE
QT36TZ220001,9,399|406|408|409,欧拉牌,蜂巢传动科技邳州有限公司|蜂巢传动科技邳州有限公司/联合汽车电子有限公司,150|160|160/150|150,150|160|310,CC6450DE00HABEV|CC6450DE00HBBEV|CC7000DE00HABEV|CC7000DE00HBBEV|CC7000DE00HFBEV|SAL7001AD03ABEV|SAL7001AD30ABEV|SAL7001BH00ABEV|CC6440CG00HBBEV,motor-model-source-search,Copyright © 2026 David YE
TZ180XS002,9,395|398|409,长安牌,重庆青山工业有限责任公司,120|120,120,SC7002CAABEV|SC7002CABBEV|SC6440AAAABEV|SC6440AAABBEV|SC6440AAALBEV|SC6440AAAKBEV|SC7000AAAWBEV|SC7000AAAYBEV|SC7000AAAXBEV,motor-model-source-search,Copyright © 2026 David YE
TZ180XS1001,9,393|395|398|402,名爵牌|荣威牌,湖南中车时代电驱科技有限公司,180|95|120|105,180|95|120|105,CSA7004MBEV1|CSA7004MBEV3|CSA7005ABEV1|CSA7005ABEV2|CSA7004MBEV4|CSA7004GBEV6|CSA7004GBEV7|CSA7004GBEVG|CSA7005ABEV3,motor-model-source-search,Copyright © 2026 David YE
TZ180XS344,9,394|398|404|406,极狐牌,湖南中车时代电驱科技有限公司,95|95|70,95|70,BJ7000T372BEV|BJ7000T37BEV|BJ7000T374BEV|BJ7000T375BEV|BJ7000T376BEV|BJ7000T377BEV|BJ7000T378BEV|BJ7000T379BEV,motor-model-source-search,Copyright © 2026 David YE
TZ205QYD,9,404|405|408|409,比亚迪牌|方程豹牌,西安比亚迪汽车零部件有限公司|东莞弗迪动力有限公司/西安比亚迪汽车零部件有限公司,300|190/300|前:190/后:300|300,300|490,BYD6530CABEV3|QCJ6500BGBEV1|QCJ6500BGBEV3|QCJ7000ATBEV1|QCJ7000ATBEV2|QCJ7000ATBEV4|QCJ7000ATBEV5|BYD6500BBBEV2|BYD6500BBBEV1,motor-model-source-search,Copyright © 2026 David YE
TZ220XYX3T24,9,382|384|386|391|399|402,埃安(AION)牌|昊铂牌,锐湃动力科技有限公司,250|250|80,250|80,GAM6490BEVH0U|AHC6490BEVH0L|AHC6490BEVH0R|AHC6490BEVH0U|AHC7000BEVE0P|AHC7000BEVE1P|AHC7000BEVE2P|AHC6500BEVH0A|AHC6500BEVH0B,motor-model-source-search,Copyright © 2026 David YE
TZ230XY1252,9,395|402|406|407,智己牌|奥迪(AUDI),华域汽车电动系统有限公司|联合汽车电子有限公司/华域汽车电动系统有限公司|联合汽车电子有限公司 / 华域汽车电动系统有限公司,300|200/300|200 / 300,300|500,CSA6492LBEVE|SVW650171CEV|SVW650172CEV|SVW650173CEV|SVW650174CEV|CSA7002EBEVA|CSA7002EBEVC|CSA6492LBEVH|CSA6492LBEVK,motor-model-source-search,Copyright © 2026 David YE
TZ180XS101,8,390|394|395|400|407,零跑牌,湖南中车时代电驱科技有限公司,200|180|132,200|180|132,FZ6450BEVB10A|FZ6450BEVB10C|FZ6450BEVB10G|FZ7000BEVB01C|FZ7000BEVB01F|FZ7000BEVB05A|FZ6450BEVB10N|FZ7000BEVB01L,motor-model-source-search,Copyright © 2026 David YE
TZ180XS480,8,398|405|406|409,极狐(ARCFOX)牌|极狐牌|北京牌,海纳川浩夫尔(北京)新能源汽 车驱动系统有限公司 |海纳川浩夫尔（北京）新能源汽车驱动系统有限公司|北京海浩动力系统有限公司,150|159|159,150|159,BJ6450D461BEV|BJ7000T661SEV|BJ7000T669BEV|BJ7000T66ABEV|BJ7000T66GBEV|BJ7000T66JBEV|BJ7000T669KBEV|BJ7000T66SBEV,motor-model-source-search,Copyright © 2026 David YE
TZ220XYA02,8,384|393|398|399,精灵(smart)牌|吉利牌|极氪牌,衢州极电电动汽车技术有限公司|威睿电动汽车技术(宁波)有限公司/衢州极电电动汽车技术有限公司,120|160|250|115/250,120|160|250|365,HQ6475BEV03|MR7005BEV27|MR7005BEV28|HQ6431BEV100|HQ6431BEV103|MR7001BEV123|MR7001BEV120|MR7001BEV121,motor-model-source-search,Copyright © 2026 David YE
YS210XYA03,8,398|400|404|407|408|409,赛力斯牌|华彰牌|问界牌|江淮牌|享界牌,华为数字能源技术有限公司|华为数字能源技术有限公司/华为数字能源技术有限公司,"160 / 227|158/227|160/180|160/230|160/227|160,227|160",387|385|340|390,SKE6510SBEVAS|BJ7000K71ABEV|SKE6501DBEVA1F|HFC7000DEV8|BJ7000K71CBEV|BJ7000K723BEV|SKE6522DBEVA2F|SKE6522DBEVA1F,motor-model-source-search,Copyright © 2026 David YE
YS225XYH02,8,407|408|409,岚图牌|东风牌,智新科技股份有限公司/重庆青山工业有限责任公司|智新科技股份有限公司,175/300|175/230|175,475|405,EQ6500AG5F2BEV|EQ6520AE5F2BEV|EQ6521AE5F2BEV|EQ6522AE5F2BEV|EQ6523AE5F2BEV|DFM7002S1F2BEV|EQ6520AD5F2BEV|EQ6530AB5F2BEV,motor-model-source-search,Copyright © 2026 David YE
TZ184XYA0202,7,384,埃安(AION)牌,尼得科汽车马达（浙江）有限公司,180,180,AHC6490BEVH0G|AHC6490BEVH0N|AHC7000BEVE0A|AHC7000BEVE0B|AHC7000BEVE0G|AHC7000BEVE0M|AHC7001BEVA1P,motor-model-source-search,Copyright © 2026 David YE
TZ210XS002,7,382|384|385|387|388,哪吒牌,无锡中车时代电驱科技有限公司;浩智科技电驱（桐城）有限公司|无锡中车时代电驱科技有限公司,,,THZ7000BEVS367|THZ7000BEVS412|THZ7000BEVS40A|THZ7000BEVS416|THZ7000BEVS40B|THZ7000BEVS413|THZ7000BEVS414,motor-model-source-search,Copyright © 2026 David YE
TZ210XYA02,7,385|386|395,奇瑞牌|阿维塔（AVATR）牌,华为数字能源技术有限公司|奇瑞汽车股份有限公司,130|160|215,130|160|215,SQR6500BEVEHY|SQR6500BEVEHY1|SQR6500BEVEHY3|SQR7000BEVEH37|SC6491EDBBEV|SC7001GABBEV|SQR6500BEVEHY5,motor-model-source-search,Copyright © 2026 David YE
TZ220XSG05,7,382|401|405|408,星途牌,联合汽车电子有限公司|苏州汇川联合动力系统股份有限公司/联合汽车电子有限公司,130|230,130|230,SQR7001BEVE035|SQR7002BEVE035|SQR7002BEVE037|SQR6500BEVE0YB|SQR6501BEVE0Y3|SQR6502BEVE0Y5|SQR6503BEVE0Y5,motor-model-source-search,Copyright © 2026 David YE
TZ220XY038,7,393|394|395,零跑牌,金华凌昇动力科技有限公司,170|220,170|220,FZ6470BEVC10K|FZ6470BEVC10L|FZ6470BEVC10M|FZ6490BEVC16J|FZ6490BEVC16K|FZ6490BEVC16L|FZ6470BEVC10N,motor-model-source-search,Copyright © 2026 David YE
TZ230XY01G01X,7,404|407|409,小鹏牌,立讯智造科技（常熟）有限公司|武汉小鹏智能制造有限公司/立讯智造科技（常熟）有限公司,270|160/270|160,270|430,NHQ6530BEVTA|NHQ6530BEVTC|NHQ6530BEVTD|NHQ6510BEVRA|NHQ6510BEVRB|NHQ6510BEVRC|NHQ6510BEVRD,motor-model-source-search,Copyright © 2026 David YE
ATDM05,6,404|407,阿维塔（AVATR）牌,重庆青山工业有限责任公司,225|251|210/251/251,225|251|712,SC7000AABFBEV|SC7000AABGBEV|SC7000AABHBEV|SC6490AAAEBEV,motor-model-source-search,Copyright © 2026 David YE
F22DA,6,404,沃尔沃牌,中达电子(江苏)有限公司/亚欧汽车制造(台州)有限公司,220/280,500,VCD6505F13TBEV|VCD6505F14TBEV|VCD6505F17TBEV|VCD6505F18TBEV|VCD7005F031BEV|VCD7005F051BEV,motor-model-source-search,Copyright © 2026 David YE
R31DA,6,404,沃尔沃牌,中达电子(江苏)有限公司/亚欧汽车制造(台州)有限公司,220/280,500,VCD6505F13TBEV|VCD6505F14TBEV|VCD6505F17TBEV|VCD6505F18TBEV|VCD7005F031BEV|VCD7005F051BEV,motor-model-source-search,Copyright © 2026 David YE
TZ155XZ030,6,407|409,一汽牌,山东双林新能源科技有限公司,30,30,CA7000BEVF|CA7002B0EVE|CA7002B0EVD|CA7002B0EVC|CA7002B0EVB|CA7002B0EVA,motor-model-source-search,Copyright © 2026 David YE
TZ180XSJ,6,390|391|403|408,比亚迪牌|领汇牌,长沙市比亚迪汽车有限公司,180|100|35,180|100|35,BYD7008BEVC1|BYD7008BEVC2|BYD7000AKBEV1|BYD7000AKBEV2|QCJ7008BEVB1|QCJ7008BEVB2,motor-model-source-search,Copyright © 2026 David YE
TZ180XYD3A37,6,402|404|406|408,埃安(AION),锐湃动力科技有限公司,165,165,AHC6460BEVP0B|AHC6460BEVP0D|AHC6460BEVP0C|AHC6460BEVP0E|AHC7000BEVK0H|AHC7000BEVK0K,motor-model-source-search,Copyright © 2026 David YE
TZ184XYA2001,6,383|384|385,埃安(AION)牌,广州尼得科汽车驱动系统有限公司,,,GAM6450BEVD1G|GAM6450BEVD1M|AHC6450BEVD1G|AHC6450BEVD1M|AHC6450BEVD1N|AHC6450BEVD0L,motor-model-source-search,Copyright © 2026 David YE
TZ215XY1211,6,405,尚界牌,上海汽车变速器有限公司,264|170/264,264|434,CSA7008BBEV1|CSA7008BBEV2|CSA7008BBEV3|CSA7008BBEV4|CSA7008BBEV5|CSA7008BBEV6,motor-model-source-search,Copyright © 2026 David YE
TZ220XSA02,6,383|384|387,极越牌|精灵(smart)牌|极氪牌,威睿电动汽车技术（宁波）有限公司|威睿电动汽车技术(宁波)有限公司,370|120|160,370|120|160,MR7001BEV39|MR7001BEV40|JL6431BEV102|MR6491BEV09|MR6491BEV11|MR7005BEV04,motor-model-source-search,Copyright © 2026 David YE
TZ220XY410,6,406|408|409,极狐(ARCFOX)牌|极狐牌,湖南中车时代电驱科技有限公司,227|227,227,BJ6480A509BEV|BJ6500A601BEV|BJ6500A60BEV|BJ6530K80BEV|BJ6500A602BEV|BJ6500A603BEV,motor-model-source-search,Copyright © 2026 David YE
TZ226XYB,6,403|406|409,腾势牌,东莞弗迪动力有限公司/深圳比亚迪汽车实业有限公司/深圳比亚迪汽车实业有限公司|深圳比亚迪汽车实业有限公司,前/后左/后右: 230/310/310|270/310/310|270,890,QCJ7000AEBEV5|QCJ7000ANBEV2|QCJ6520BUBEV3,motor-model-source-search,Copyright © 2026 David YE
TZ226XYG,6,408,腾势牌,郑州比亚迪汽车有限公司/深圳比亚迪汽车实业有限公司/深圳比亚迪汽车实业有限公司,前:500/后左:340/后右:340,1180,QCJ7000ARBEV1|QCJ7000ARBEV2|QCJ7000ARBEV3,motor-model-source-search,Copyright © 2026 David YE
TZ230XY01F30B,6,390|391|400,小鹏牌,武汉小鹏智能制造有限公司,218|218,218,NHQ6481BEVFA|NHQ6481BEVFB|NHQ6490BEVMA|NHQ6490BEVMB|NHQ6481BEVFC|NHQ6481BEVFD,motor-model-source-search,Copyright © 2026 David YE
XTDM27,6,381|382|383|384|400,长安牌,深蓝汽车科技有限公司|深蓝汽车科技有限公司 ,160|190,160|190,SC7007ABABEV|SC6471EAPBEV|SC6481GBABEV|SC7007ABBBEV|SC7007AACBEV|SC7000AAARBEV,motor-model-source-search,Copyright © 2026 David YE
YY67TZ210A05,6,405|408,问界牌|智界牌,华为数字能源技术有限公司,220/277|277|277,497|277|437,SKE6530DBEVA1F|SKE6540DBEVA1F|SQR6500BEVEHX|SQR6500BEVEHX1|SQR6500BEVEHX4|SQR6500BEVEHX5,motor-model-source-search,Copyright © 2026 David YE
2103BA2,5,393|395,奇瑞牌|凯翼牌,菲仕绿能科技(北京)有限公司|菲仕绿能科技（北京）有限公司,40|40,40,NEQ7000BEVHH12A|NEQ7000BEVHH12B|WHJ7000BEVHH125|WHJ7000BEVHH126|WHJ7000BEVHH122,motor-model-source-search,Copyright © 2026 David YE
2XM,5,399,丰田 (TOYOTA)|丰田(TOYOTA)牌|丰田(TOYOTA),AISIN CORPORATION|AISIN CORPORATION/AISIN CORPORATION,163|163/87,163|250,GTM6471BFABEV|GTM6471BFLBEV|GTM6471BFMBEV|GTM6471BFNBEV|GTM6471BWBEV,motor-model-source-search,Copyright © 2026 David YE
CAM220PT9,5,407|409,红旗牌,中国第一汽车集团有限公司,340|190|340,340|530,CA6490H0BEVF|CA6490H0BEVXF|CA7001H0BEVXK|CA7001H0BEVK|CA7001H0BEVG,motor-model-source-search,Copyright © 2026 David YE
EDF,5,401|409,大众汽车牌,大众汽车自动变速器（天津）有限公司,230|140/230|230|140,230|370,VWA65012BEV1|VWA65012BEV2|VWA65013BEV1|VWA70022BEV2|VWA70023BEV1,motor-model-source-search,Copyright © 2026 David YE
EDZ,5,383|386,大众汽车(VOLKSWAGEN)牌|奥迪(AUDI)牌|大众牌,联合汽车电子有限公司|联合汽车电子有限公司 ,150,150,SVW6492LEV|SVW6493MEV|SVW6493NEV|FV6498BBJBEV|FV6498BBKBEV,motor-model-source-search,Copyright © 2026 David YE
TZ180XS0952,5,389|402|406|407,智己牌|奥迪(AUDI),联合汽车电子有限公司/华域汽车电动系统有限公司|联合汽车电子有限公司 / 华域汽车电动系统有限公司,180|200/300|200 / 300,180|500,CSA7002EBEV6|SVW650172CEV|SVW650174CEV|CSA7002EBEVA|CSA6492LBEVK,motor-model-source-search,Copyright © 2026 David YE
TZ180XS127,5,384|385,埃安(AION)牌,苏州汇川联合动力系统股份有限公司,,,AHC6450BEVD1E|AHC7001BEVA0W|AHC7001BEVA1N|AHC7001BEVA0Y|AHC7001BEVA1C,motor-model-source-search,Copyright © 2026 David YE
TZ180XSZX15,5,409,远程牌,湖州智芯动力系统发展有限公司,55,175,JL6501BEV128|JL6501BEV126|JL6501BEV127|JL6541BEV110|JL6501BEV125,motor-model-source-search,Copyright © 2026 David YE
TZ184QY101,5,389|393|395|401,领克牌|精灵(smart)牌|精灵(smart),无锡星驱动力科技有限公司|浙江豪情汽车制造有限公司,160|120|175,160|120|175,MR7000BEV04|HQ6431BEV101|HQ6431BEV105|MR7001BEV118|HQ6431BEV106,motor-model-source-search,Copyright © 2026 David YE
TZ190XSAP5,5,401,锐胜牌|一汽牌,菲仕绿能科技(北京)有限公司|菲仕绿能科技（北京）有限公司,202,202,BAW6521MAM3BEV|BAW6521MAM4BEV|BAW6521MAM5BEV|BAW6521MAM6BEV|CA7009B0EVA,motor-model-source-search,Copyright © 2026 David YE
TZ200XYS,5,381|382,比亚迪牌|腾势牌,南京市比亚迪汽车有限公司 |南京市比亚迪汽车有限公司,160|180,160|180,BYD7006BEVA6|QCJ6491SBEV7|BYD6486SBEV3|BYD7006BEVA11|QCJ6491SBEV8,motor-model-source-search,Copyright © 2026 David YE
TZ210XS1141,5,392|395|406|407,智己牌,"
联合汽车电子有限公司|联合汽车电子有限公司",180|245,180|245,CSA7002EBEV7|CSA7002EBEV8|CSA6492LBEVC|CSA7002EBEVE|CSA6492LBEVG,motor-model-source-search,Copyright © 2026 David YE
TZ210XS2F0,5,382|383|384|398,五菱牌|宝骏牌,柳州赛克科技发展有限公司,30|150,30|150,LZW6470EVA1|LZW6452EVA|LZW6452EVB|LZW6470EVA3|LZW7008BEVA2,motor-model-source-search,Copyright © 2026 David YE
TZ220QY033,5,404|405|406|407,零跑牌,金华凌昇动力科技有限公司,180/230|230,410|230,FZ6530BEVWD19E|FZ6530BEVWD99A|FZ6470BEVC10P|FZ6490BEVC16T,motor-model-source-search,Copyright © 2026 David YE
TZ226QYC,5,406|407|409,比亚迪牌|腾势牌,郑州比亚迪汽车有限公司|东莞弗迪动力有限公司 / 郑州比亚迪汽车有限公司,320|前: 190 / 后: 320|320,320|510,BYD7000AZBEV1|BYD7000AZBEV2|BYD6510BNBEV3|QCJ6520BUBEV2|QCJ7000ANBEV3,motor-model-source-search,Copyright © 2026 David YE
TZ230XY01F57X,5,385|391|400,小鹏牌,武汉小鹏智能制造有限公司,230|180|230,230|180,NHQ7000BEVKA|NHQ7000BEVKB|NHQ7000BEVKC|NHQ7000BEVKD|NHQ7000BEVKE,motor-model-source-search,Copyright © 2026 David YE
TZ230XY1251,5,382|384|385|395,智己牌|奥迪(AUDI)牌,华域汽车电动系统有限公司|华域汽车,180|300,180|300,CSA6492LBEV8|CSA6492LBEV9|CSA6501LBEV6|CSA6501LBEV7|SVW700334BEV,motor-model-source-search,Copyright © 2026 David YE
YS190XYE03,5,398|404,极氪牌,衢州极电电动汽车技术有限公司,215/370,585,MR6481BEV104|MR7001BEV124|MR7001BEV127|MR7001BEV129|MR7001BEV131,motor-model-source-search,Copyright © 2026 David YE
YS220XYG01,5,398|405,极氪牌|领克牌,衢州极电电动汽车技术有限公司,310/370|310,680|310,MR7003BEV102|MR7003BEV104|MR6521BEV100|MR6521BEV102|MR7002BEV106,motor-model-source-search,Copyright © 2026 David YE
YS230XYF,5,404|406|407|408,比亚迪牌|方程豹牌,东莞弗迪动力有限公司/郑州比亚迪汽车有限公司|东莞弗迪动力有限公司 / 郑州比亚迪汽车有限公司|东莞弗迪动力有限公司/西安比亚迪汽车零部件有限公司,215/370|前: 190 / 后: 320|190/300|前:190/后:300,585|510|490,BYD6530CABEV1|BYD7000AZBEV2|BYD6510BNBEV2|QCJ7000ATBEV1|QCJ7000ATBEV4,motor-model-source-search,Copyright © 2026 David YE
ATDM04,4,395|406|408,长安牌,重庆青山工业有限责任公司,210|210,210,SC7000AAADBEV|SC6480AAAYBEV|SC6480AABABEV|SC6480AABBBEV,motor-model-source-search,Copyright © 2026 David YE
CAM190PT6,4,388|390,红旗牌,中国第一汽车集团有限公司,180,180,CA7009H0EV|CA7009H0EVA|CA6482H0EV|CA6482H0EVA,motor-model-source-search,Copyright © 2026 David YE
DF4N,4,409,起亚牌,上海汽车电驱动有限公司,175,175,YQZ6462ZBEV|YQZ6462BEV|YQZ6463GTBEV|YQZ6463BEV,motor-model-source-search,Copyright © 2026 David YE
F22DB,4,404,沃尔沃牌,中达电子(江苏)有限公司/亚欧汽车制造(台州)有限公司|中达电子(江苏)有限公司 / 亚欧汽车制造(台州)有限公司,130/200|130 / 200,330,VCD6505F11TBEV|VCD6505F12TBEV|VCD6505F15TBEV|VCD6505F16TBEV,motor-model-source-search,Copyright © 2026 David YE
HC0002N0,4,381|387,光束(MINI)牌,联合汽车电子有限公司,,,SAL7000AC00ABEV|SAL7000AC01ABEV|SAL7000AB02ABEV|SAL7000AC02ABEV,motor-model-source-search,Copyright © 2026 David YE
QT38TZ210C01,4,399,丰田(TOYOTA)|丰田 (TOYOTA),华为数字能源技术有限公司,207,207,GTM70007RHBEV|GTM70007RLBEV|GTM70007RMBEV|GTM70007RNBEV,motor-model-source-search,Copyright © 2026 David YE
R31DB,4,404,沃尔沃牌,中达电子(江苏)有限公司/亚欧汽车制造(台州)有限公司|中达电子(江苏)有限公司 / 亚欧汽车制造(台州)有限公司,130/200|130 / 200,330,VCD6505F11TBEV|VCD6505F12TBEV|VCD6505F15TBEV|VCD6505F16TBEV,motor-model-source-search,Copyright © 2026 David YE
TZ160XS001,4,391|399|406,吉利牌,格雷博智能动力科技有限公司,160|58,160|58,JL7001BEV101|MR7001BEV110|JL7001BEV107|MR7001BEV141,motor-model-source-search,Copyright © 2026 David YE
TZ160XYD3A02,4,389|393|402|408,埃安(AION)牌|埃安(AION),锐湃动力科技有限公司,"100|45, 100|45",100|145|45,AHC7000BEVL0B|AHC7001BEVA2F|AHC6460BEVP0A|AHC7000BEVL0P,motor-model-source-search,Copyright © 2026 David YE
TZ175XSAY501,4,387|388|389,埃安(AION)牌|丰田(TOYOTA)牌,广州尼得科汽车驱动系统有限公司,,,AHC6460BEVJ0G|GTM64606MEBEV|GTM64606MGBEV|GTM64606HDBEV,motor-model-source-search,Copyright © 2026 David YE
TZ180QY073,4,404|407,零跑牌,金华凌昇动力科技有限公司,180|180,180,FZ7000BEVB05F|FZ7000BEVB05G|FZ6450BEVB10M|FZ7000BEVB01K,motor-model-source-search,Copyright © 2026 David YE
TZ180XS009,4,383|393|398|401,欧拉牌,蜂巢传动系统(江苏)有限公司|菲格智能科技有限公司,126|126,126,CC7000BJ00NGBEV|CC6430BJ00NDBEV|CC6430BJ00HHBEV|CC6430BJ00NJBEV,motor-model-source-search,Copyright © 2026 David YE
TZ180XS113,4,382|383|387,凯翼牌|哪吒牌|海马牌, 菲仕绿能科技(北京)有限公司|菲仕绿能科技（北京）有限公司,120,120,WHJ7000BEVGS11|THZ6460BEVS37L|THZ6460BEVS37M|HMA6450ABBEV,motor-model-source-search,Copyright © 2026 David YE
TZ180XS128,4,390,,苏州汇川联合动力系统股份有限公司,70,70,JKC6463A0X1BEV|JKC6491A0X1BEV|JKC6491A0X2BEV|JKC6491A0X4BEV,motor-model-source-search,Copyright © 2026 David YE
TZ180XS792,4,395,一汽牌,湖南中车时代电驱科技有限公司,124,124,CA6440BEVC|CA6440BEVD|CA6440BEVE|CA6440BEVF,motor-model-source-search,Copyright © 2026 David YE
TZ180XSS01,4,384|387|393|398,风神牌|东风牌,珠海英搏尔电气股份有限公司|海英搏尔电气股份有限公司,120|120,120,DFM6473M5F5BEV|DFM6473M5F6BEV|DFM6473M5F9BEV|DFM6473M5FCBEV,motor-model-source-search,Copyright © 2026 David YE
TZ180XSSQB,4,391|393|395,大通牌|奇瑞牌,珠海英博尔电气股份有限公司|珠海英搏尔电气股份有限公司|奇瑞新能源汽车股份有限公司,90|185,90|185,SH6481U1BEV-G42|SH6481U1BEV-Z42|SH6481U1BEV-H42|NEQ6440BEVS56U,motor-model-source-search,Copyright © 2026 David YE
TZ180XYD,4,405|406|409,比亚迪牌|方程豹牌,西安比亚迪汽车零部件有限公司,240|240,240,BYD6470BZBEV3|BYD6480AMBEV6|QCJ6460AHBEV11|BYD6480CDBEV4,motor-model-source-search,Copyright © 2026 David YE
TZ180XYD3A01,4,398|402,埃安(AION),锐湃动力科技有限公司,150,150,AHC6460BEVJ0P|AHC6470BEVJ0Q|AHC6470BEVJ0R|AHC7000BEVK0G,motor-model-source-search,Copyright © 2026 David YE
TZ200XS3F0,4,381|385|392,东风牌,"智新科技股份有限公司|智新科技|
智新科技股份有限公司",120,120,LZ7000SQE0EV|DFM6473M5F4BEV|DFM6473M5F8BEV|DFM7001S1F1BEV,motor-model-source-search,Copyright © 2026 David YE
TZ200XS3F1,4,386|388|392,东风牌,"智新科技股份有限公司|
智新科技股份有限公司",120,120,LZ7000SUF0EV|DFM7000S1FABEV|DFM7001S1F2BEV|DFM7001S1F3BEV,motor-model-source-search,Copyright © 2026 David YE
TZ200XY01D03X,4,406|407,小鹏牌,立讯智造科技（常熟）有限公司,183,183,NHQ6470BEVXA|NHQ6470BEVXB|NHQ6490BEVVA|NHQ6490BEVVB,motor-model-source-search,Copyright © 2026 David YE
TZ210XS000,4,382|408,欧拉牌,联合汽车电子有限公司| 联合汽车电子有限公司|蜂巢传动科技邳州有限公司/联合汽车电子有限公司,160/150,310,SAL7000BH00ABEV|SAL7000BH02ABEV|SAL7000BH03ABEV|SAL7001AD30ABEV,motor-model-source-search,Copyright © 2026 David YE
TZ210XYECC,4,393,奥迪牌,Audi Hungaria Zrt,,,AFN6490LAABEVA|AFN6490LAABEVB|AFN6490SAABEVA|AFN6490SAABEVB,motor-model-source-search,Copyright © 2026 David YE
TZ220XS140,4,399|401,锐胜牌,菲仕绿能科技(北京)有限公司|菲仕绿能科技（北京）有限公司,70|170,70|170,BAW6530MBM4BEV|BAW6530MBM5BEV|BAW6530MBM6BEV|BAW6530MBM7BEV,motor-model-source-search,Copyright © 2026 David YE
TZ220XS646,4,384|385|398,极狐(ARCFOX)牌,北京新能源汽车股份有限公司,175|200,175|200,BJ6470A505BEV|BJ7001A516BEV|BJ6480A502BEV|BJ6480A503BEV,motor-model-source-search,Copyright © 2026 David YE
TZ220XYAE,4,402,仰望牌,深圳比亚迪汽车实业有限公司,240,240,QCJ7000BTBEV3|QCJ7000BTBEV4,motor-model-source-search,Copyright © 2026 David YE
TZ220XYBS,4,402,仰望牌,深圳比亚迪汽车实业有限公司,240,240,QCJ7000BTBEV3|QCJ7000BTBEV4,motor-model-source-search,Copyright © 2026 David YE
TZ230XY01H93X,4,391|401,小鹏牌,武汉小鹏智能制造有限公司,235|235|135,235|370,NHQ6530BEVHD|NHQ6530BEVHF|NHQ6530BEVHH|NHQ6530BEVHJ,motor-model-source-search,Copyright © 2026 David YE
XTDM67,4,394|395|398,长安牌,重庆长安汽车股份有限公司|深蓝汽车科技有限公司,160|200,160|200,SC6460AAABBEV|SC7000AAAHBEV|SC7000AAAEBEV|SC7000AAAGBEV,motor-model-source-search,Copyright © 2026 David YE
YS215XYECZ,4,399|400,奥迪牌,采埃孚电驱动系统（沈阳）有限公司,135/270,405,AFN6490LABBEVA|AFN6490SABBEVB|AFN7000BABBEVA|AFN7000BABBEVB,motor-model-source-search,Copyright © 2026 David YE
YS230XY01G01E,4,404|407|409,小鹏牌,武汉小鹏智能制造有限公司/立讯智造科技（常熟）有限公司,160/270|160,430,NHQ6530BEVTC|NHQ6530BEVTD|NHQ6510BEVRC|NHQ6510BEVRD,motor-model-source-search,Copyright © 2026 David YE
YY30TZ155001,4,395|402,长安牌,重庆青山工业有限责任公司,35,35,SC7000AAAKBEV|SC7000AAALBEV|SC7000AABMBEV|SC7000AABNBEV,motor-model-source-search,Copyright © 2026 David YE
112AD1,3,390|398|399,奇瑞牌,奇瑞新能源汽车股份有限公司,30|30,30,NEQ7000BEVJH11U|NEQ7000BEVJH11W|NEQ7000BEVJH11X,motor-model-source-search,Copyright © 2026 David YE
121BA3,3,400|406|407,"
凯翼牌|凯翼牌",菲仕绿能科技(北京)有限公司,55,55,WHJ7000BEVHH127|WHJ7000BEVHH128|WHJ7000BEVHH129,motor-model-source-search,Copyright © 2026 David YE
CAM220PT8,3,381|383,红旗牌,中国第一汽车集团有限公司 |中国第一汽车集团有限公司,180,180,CA7001H0SEVA|CA6490H0EVD|CA6490H0SEV,motor-model-source-search,Copyright © 2026 David YE
CF4B,3,407,北京现代牌,海纳川浩夫尔(北京)新能源汽车驱动系统有限公司,140|168,140|168,BH7000BEVDCA|BH7002BEVDCA|BH7003BEVDCA,motor-model-source-search,Copyright © 2026 David YE
TZ156XSM02,3,383|389,凌宝牌,浙江创驱智能科技有限公司,,,HXK7000BEVA17|HXK7000BEVA18|HXK7000BEVA19,motor-model-source-search,Copyright © 2026 David YE
TZ180QY027,3,405|406,零跑牌,湖州凌昇动力科技有限公司,90,90,FZ7000BEVA05B|FZ6430BEVA10C|FZ7000BEVA05C,motor-model-source-search,Copyright © 2026 David YE
TZ180QY057,3,405|407,零跑牌,湖州凌昇动力科技有限公司,70,70,FZ7000BEVA05A|FZ6430BEVA10D|FZ7000BEVA05D,motor-model-source-search,Copyright © 2026 David YE
TZ180XS000,3,389|390,江铃牌,苏州汇川联合动力系统股份有限公司,60,60,JX6491TA-L6BEV|JX6521TA-L6BEV|SC6480V7Q6B5BEV,motor-model-source-search,Copyright © 2026 David YE
TZ180XS001,3,388|392|402,长安牌,重庆青山工业有限责任公司,160|105,160|105,SC7007CAABEV|SC7000AAAFBEV|SC7000AAAVBEV,motor-model-source-search,Copyright © 2026 David YE
TZ180XS275,3,393|399,宝骏牌|五菱牌,柳州赛克科技发展有限公司 |柳州赛克科技发展有限公司,30|75,30|75,LZW6402BEVA2|LZW6402BEVA3|LZW7007BEVCB,motor-model-source-search,Copyright © 2026 David YE
TZ180XS400,3,400|406,极狐牌|北京牌,海纳川浩夫尔（北京）新能源汽车驱动系统有限公司,120,120,BJ7000T66BBEV|BJ7000T66SEV|BJ7000T66KSEV,motor-model-source-search,Copyright © 2026 David YE
TZ180XS520,3,405|406,极狐牌,菲仕绿能科技（北京）有限公司,159,159,BJ7000T66HBEV|BJ7000T66KBEV|BJ7000T66UBEV,motor-model-source-search,Copyright © 2026 David YE
TZ180XS790,3,401,宝骏牌,柳州赛克科技发展有限公司,90,90,LZW6402BEVA7|LZW6402BEVA8|LZW6402BEVA9,motor-model-source-search,Copyright © 2026 David YE
TZ180XSAC,3,402|405,比亚迪牌,抚州比亚迪实业有限公司,120,120,BYD7000BVBEV4|BYD7000BWBEV3|BYD6430BZBEV2,motor-model-source-search,Copyright © 2026 David YE
TZ180XSF 70,3,390,比亚迪牌,长沙市比亚迪汽车有限公司,160|180,160|180,BYD6433SBEV3|BYD6433SBEV4|BYD7004BEV11,motor-model-source-search,Copyright © 2026 David YE
TZ180XYJ,3,404|405|408,比亚迪牌,西安比亚迪汽车零部件有限公司,200,200,BYD6460ALBEV4|BYD6470BZBEV4|BYD7000AGBEV7,motor-model-source-search,Copyright © 2026 David YE
TZ190XS01D01A,3,401,小鹏牌,菲仕绿能科技（北京）有限公司|抱歉，我无法从提供的正文中提取出发动机生产企业信息。,160,160,NHQ7001BEVLA|NHQ7001BEVLB|NHQ7001BEVLC,motor-model-source-search,Copyright © 2026 David YE
TZ200XSBE,3,390|391|392,比亚迪牌,"郑州比亚迪汽车有限公司|
郑州比亚迪汽车有限公司",180|150,180|150,BYD6450ALBEV2|BYD7000BVBEV2|BYD7000BWBEV2,motor-model-source-search,Copyright © 2026 David YE
TZ210XYA03,3,400|407,华彰牌|江淮牌,华为数字能源技术有限公司,227|158/227|160/230,227|385|390,BJ7000K719BEV|BJ7000K71ABEV|HFC7000DEV8,motor-model-source-search,Copyright © 2026 David YE
TZ210XYD,3,409,腾势牌|方程豹牌,深圳比亚迪汽车实业有限公司|郑州比亚迪汽车有限公司,200,200,QCJ6520MT6HEV14|QCJ6500BG6HEV16|QCJ6500BG6HEV14,motor-model-source-search,Copyright © 2026 David YE
TZ220QYD,3,408,腾势牌,郑州比亚迪汽车有限公司/深圳比亚迪汽车实业有限公司/深圳比亚迪汽车实业有限公司,前:500/后左:340/后右:340,1180,QCJ7000ARBEV1|QCJ7000ARBEV2|QCJ7000ARBEV3,motor-model-source-search,Copyright © 2026 David YE
TZ220XS640,3,382|393,极狐(ARCFOX)牌,北京新能源汽车股份有限公司,175,175,BJ6480A60ABEV|BJ7001A61JBEV|BJ7001A61LBEV,motor-model-source-search,Copyright © 2026 David YE
TZ220XS645,3,394|395|398,极狐(ARCFOX)牌,北京新能源汽车股份有限公司,175|185,175|185,BJ6470A506BEV|BJ7001A518BEV|BJ6480A50BEV,motor-model-source-search,Copyright © 2026 David YE
TZ220XSA01,3,381|384,翼真牌|领克牌,威睿电动汽车技术(宁波)有限公司|威睿电动汽车技术（宁波）有限公司,160|370,160|370,MR6535BEV09|MR7001BEV30|MR7001BEV38,motor-model-source-search,Copyright © 2026 David YE
TZ220XSP02,3,383|384,岚图牌,智新科技股份有限公司,120,120,DFL6470NN31BEV|DFL6470NN32BEV|EQ6535AL5F1BEV,motor-model-source-search,Copyright © 2026 David YE
TZ220XY008,3,382|388|389,零跑牌,金华凌昇动力科技有限公司|金华凌昇动力科技有限公司	,170,170,FZ6490BEVC16A|FZ6490BEVC16C|FZ6490BEVC16E,motor-model-source-search,Copyright © 2026 David YE
TZ220XY030,3,395|398,零跑牌,金华凌昇动力科技有限公司,220,220,FZ6480BEV29|FZ6480BEV30|FZ6480BEV33,motor-model-source-search,Copyright © 2026 David YE
TZ220XY107,3,383|400|401,星途牌,苏州汇川联合动力系统股份有限公司,130|230,130|230,SQR6501BEVE0Y5|SQR7000BEVE03A,motor-model-source-search,Copyright © 2026 David YE
TZ220XY110,3,391|395|406,小米牌,苏州汇川联合动力系统股份有限公司,495|235,495|235,XMA6500LBEVR3|XMA6500LBEVR6|XMA6500LBEVR4,motor-model-source-search,Copyright © 2026 David YE
TZ220XYA01,3,384|387|398,吉利牌|领克牌,衢州极电电动汽车技术有限公司,160|250,160|250,MR7005BEV29|MR7000BEV01|MR7001BEV122,motor-model-source-search,Copyright © 2026 David YE
TZ220XYA04,3,384|399,精灵(smart)牌|精灵(smart),衢州极电电动汽车技术有限公司,120|267,120|267|432,HQ6475BEV04|HQ6471BEV102|HQ6471BEV103,motor-model-source-search,Copyright © 2026 David YE
TZ220XYC03,3,387|388|405,极越牌|领克牌,衢州极电电动汽车技术有限公司,160|300,160|300,MR7002BEV101|MR7002BEV102|MR7002BEV107,motor-model-source-search,Copyright © 2026 David YE
TZ220XYHP1,3,408|409,理想牌,江苏理想驱动技术有限公司|苏州汇川联合动力系统股份有限公司/江苏理想驱动技术有限公司,250|150,250|400,LXA6511BEVW07|LXA6524BEVW02|LXA6524BEVW01,motor-model-source-search,Copyright © 2026 David YE
YS220QY032,3,404|405,零跑牌,金华凌昇动力科技有限公司|金华凌昇动力科技有限公司/湖州凌昇动力科技有限公司/湖州凌昇动力科技有限公司,180/230|180/180/180,410|540,FZ6530BEVWD19E|FZ6530BEVWD19B|FZ6530BEVWD99A,motor-model-source-search,Copyright © 2026 David YE
前:HA0002N0,3,386|387,宝马(BMW)牌,前:BMW AG/后:采埃孚电驱动科技(沈阳)有限公司,240,240,BMW7001AXEV|BMW7001BXEV,motor-model-source-search,Copyright © 2026 David YE
后:HA0001N0,3,386|387,宝马(BMW)牌,前:BMW AG/后:采埃孚电驱动科技(沈阳)有限公司,240,240,BMW7001AXEV|BMW7001BXEV,motor-model-source-search,Copyright © 2026 David YE
112AA5,2,385,爱咖牌,奇瑞新能源汽车股份有限公司,,,NEQ6440BEVS56F|NEQ6440BEVS56H,motor-model-source-search,Copyright © 2026 David YE
112ABJ,2,381|401,奇瑞牌,奇瑞新能源汽车股份有限公司,36|36,36,NEQ7001BEVJ72E|NEQ7001BEVJ72F,motor-model-source-search,Copyright © 2026 David YE
3D6,2,391|400,特斯拉牌,特斯拉（上海）有限公司,220|225,220|225,TSL6480BEVAR6|TSL6480BEVBR0,motor-model-source-search,Copyright © 2026 David YE
AYDM03,2,404|407,阿维塔（AVATR）牌,重庆青山工业有限责任公司,210/251/251,712,SC7000AABHBEV|SC6490AAAEBEV,motor-model-source-search,Copyright © 2026 David YE
CAM190PT3,2,409,红旗牌,中国第一汽车集团有限公司,190,530,CA6490H0BEVXF|CA7001H0BEVXK,motor-model-source-search,Copyright © 2026 David YE
CAM190PT4,2,393,红旗牌,湖南中车时代电驱科技有限公司,180,180,CA7000H0EVK|CA7000H0EVM,motor-model-source-search,Copyright © 2026 David YE
CAM190PT9,2,401,红旗牌,中国第一汽车集团有限公司,220,220,CA6482H0EVB|CA7009H0EVB,motor-model-source-search,Copyright © 2026 David YE
CAM220PT17,2,388|391,红旗牌,中国第一汽车集团有限公司,180,180,CA6490H0EVC,motor-model-source-search,Copyright © 2026 David YE
EFM,2,401|409,大众汽车牌,大众汽车自动变速器（天津）有限公司,140/230|140,370,VWA65013BEV1|VWA70023BEV1,motor-model-source-search,Copyright © 2026 David YE
EGP,2,409,大众牌,合肥巨一动力系统有限公司,170,170,FV6485BABEV|FV6485AABEV,motor-model-source-search,Copyright © 2026 David YE
EM0036,2,398|400,梅赛德斯-奔驰(Mercedes-Benz)牌|梅赛德斯-奔驰(Mercedes-Benz),Mercedes-Benz |Mercedes-Benz,200|165,200|165,BJ7008SLBEV|BJ7008TLBEV,motor-model-source-search,Copyright © 2026 David YE
HC0001N0,2,402,光束(MINI)牌,联合汽车电子有限公司,135|160,135|160,SAL7000AC00BBEV|SAL7000AC01BBEV,motor-model-source-search,Copyright © 2026 David YE
HD1001N0,2,406,宝马(BMW),采埃孚电驱动系统(沈阳)有限公司/BMW AG,116/235,351,BMW6495AABEV|BMW6495ABBEV,motor-model-source-search,Copyright © 2026 David YE
HF1002N0,2,406,宝马(BMW),采埃孚电驱动系统(沈阳)有限公司/BMW AG,116/235,351,BMW6495AABEV|BMW6495ABBEV,motor-model-source-search,Copyright © 2026 David YE
MSED04,2,383,马自达(MAZDA)牌,长安马自达发动机有限公司,,,CAM7001BABEV|CAM7002BABEV,motor-model-source-search,Copyright © 2026 David YE
R31DD,2,404,沃尔沃牌,亚欧汽车制造(台州)有限公司,245,245,VCD7005F011BEV|VCD7005F021BEV,motor-model-source-search,Copyright © 2026 David YE
TZ153XS001,2,398|402,欧拉牌,"
联合汽车电子有限公司|联合汽车电子有限公司",126,126,CC6430BJ00NHBEV|CC6430BJ00HKBEV,motor-model-source-search,Copyright © 2026 David YE
TZ155X030,2,381|384,五菱牌|一汽牌,宁波双林汽车部件股份有限公司柳州分公司|山东双林新能源科技有限公司,30|180,30|180,LZW7004EVA7|CA7000BEVD,motor-model-source-search,Copyright © 2026 David YE
TZ160X15H-320,2,389|392,知豆牌,"合普动力股份有限公司|
合普动力股份有限公司",15,15,LZD7001BEV23|LZD7001BEV25,motor-model-source-search,Copyright © 2026 David YE
TZ164XYB,2,409,比亚迪牌,郑州比亚迪汽车有限公司,95,95,BYD7000CFBEV2|BYD7000CFBEV1,motor-model-source-search,Copyright © 2026 David YE
TZ180QY045,2,405,零跑牌,金华凌昇动力科技有限公司/湖州凌昇动力科技有限公司/湖州凌昇动力科技有限公司,180/180/180,540,FZ6530BEVWD19B,motor-model-source-search,Copyright © 2026 David YE
TZ180QY075,2,407,零跑牌,湖州凌昇动力科技有限公司,185,185,FZ6450BEVB10L|FZ7000BEVB01J,motor-model-source-search,Copyright © 2026 David YE
TZ180SMXB1,2,407,奇瑞牌,苏州汇川联合动力系统股份有限公司,90,90,NEQ7000BEVT12AD|NEQ7000BEVT12AE,motor-model-source-search,Copyright © 2026 David YE
TZ180XS018B,2,391,,四川建安工业有限责任公司,70,70,LZ6510NFD0EV|SC6508AAAABEV,motor-model-source-search,Copyright © 2026 David YE
TZ180XS022C,2,395,东风牌|远程牌,四川建安工业有限责任公司,110,110,EQ6530VLBEVB|JHC6501BEVR3,motor-model-source-search,Copyright © 2026 David YE
TZ180XS0953,2,405,尚界牌,上海汽车变速器有限公司,170/264,434,CSA7008BBEV2|CSA7008BBEV3,motor-model-source-search,Copyright © 2026 David YE
TZ180XS1181,2,381|406,荣威牌,联合汽车电子有限公司,180|155,180|155,CSA7009DBEV5|CSA7009DBSEV1,motor-model-source-search,Copyright © 2026 David YE
TZ180XS133,2,409,江铃牌,苏州汇川联合动力系统股份有限公司,130,130,JX6541TB-L6BEV|JX6511TB-L6BEV,motor-model-source-search,Copyright © 2026 David YE
TZ180XS160,2,384|388,哪吒牌,菲仕绿能科技（北京）有限公司|菲仕绿能科技(北京)有限公司,,,THZ6460BEVS37N|THZ6460BEVS37Q,motor-model-source-search,Copyright © 2026 David YE
TZ180XS250,2,389|399,易至牌|五菱牌,株洲中车时代电气股份有限公司|柳州赛克科技发展有限公司,50|50,50,JX7001ESQBEV|LZW7007BEVCA,motor-model-source-search,Copyright © 2026 David YE
TZ180XS475,2,400,五菱牌,柳州赛克科技发展有限公司,75,75,LZW7007BEVCC|LZW7007BEVCG,motor-model-source-search,Copyright © 2026 David YE
TZ180XS765,2,402,五菱牌,柳州赛克科技发展有限公司,65,65,LZW7007BEVCD|LZW7007BEVCE,motor-model-source-search,Copyright © 2026 David YE
TZ180XSC110,2,391|409,予风牌,天津英创汇智汽车技术有限公司|柳州五菱汽车工业有限公司,110|55,110|165,HSE6541BEVM1B|HSE6543BEVM1B,motor-model-source-search,Copyright © 2026 David YE
TZ180XSF,2,390|409,五菱牌|比亚迪牌,长沙市比亚迪汽车有限公司,30|70,30|70,LZW7009BEVA4|BYD6430BZBEV3,motor-model-source-search,Copyright © 2026 David YE
TZ180XSR,2,391|392,比亚迪牌,"抚州比亚迪实业有限公司|
抚州比亚迪实业有限公司",180|150,180|150,BYD7000BVBEV|BYD7000BWBEV1,motor-model-source-search,Copyright © 2026 David YE
TZ180XSX5G,2,398|401,东风牌,珠海英搏尔电气股份有限公司,120,120,LZ6460XLE0EV|LZ6460XLE1EV,motor-model-source-search,Copyright © 2026 David YE
TZ180XSZX08,2,395,远程牌,湖州智芯动力系统发展有限公司,110,110,JHC6501BEVR4|JHC6507BEVR1,motor-model-source-search,Copyright © 2026 David YE
TZ180XYE,2,404|409,比亚迪牌,西安比亚迪汽车零部件有限公司,270|270,270,BYD6480AMBEV4|BYD6480CDBEV5,motor-model-source-search,Copyright © 2026 David YE
TZ180YMZA0,2,405|407,奇瑞牌,芜湖埃科驱动科技有限公司,178,178,SQR7000BEVT16A|SQR6460BEVT1Q,motor-model-source-search,Copyright © 2026 David YE
TZ190XS01D01X,2,384|388,小鹏牌,菲仕绿能科技（北京）有限公司,,,NHQ7000BEVLA|NHQ7000BEVLC,motor-model-source-search,Copyright © 2026 David YE
TZ190XY105,2,391|393,埃安(AION)牌|昊铂牌,苏州汇川联合动力系统股份有限公司,180,180,AHC6460BEVC1B|AHC6490BEVH1V,motor-model-source-search,Copyright © 2026 David YE
TZ196XYAP5,2,388,一汽牌,华为数字能源技术有限公司,180,180,CA6440BEVA|CA6440BEVB,motor-model-source-search,Copyright © 2026 David YE
TZ200XS32E,2,392,东风牌,"
智新科技股份有限公司|
湖北东昱欣晟新能源有限公司",120,120,DFM6430A5F1BEV|DFM6430A5F2BEV,motor-model-source-search,Copyright © 2026 David YE
TZ200XS3GY,2,382|384,启辰牌,智新科技股份有限公司,,,DFL6470NA53BEV|DFL6470NB51BEV,motor-model-source-search,Copyright © 2026 David YE
TZ200XSBF,2,394|402,比亚迪牌|方程豹牌,郑州比亚迪汽车有限公司,180|170,180|170,BYD6480AABEV1|QCJ6460AHBEV8,motor-model-source-search,Copyright © 2026 David YE
TZ200XSBR,2,402|405,比亚迪牌,郑州比亚迪汽车有限公司,75|200,75|200,BYD7000AGBEV4|BYD6470BZBEV1,motor-model-source-search,Copyright © 2026 David YE
TZ200XYA0201,2,384,埃安(AION)牌,尼得科汽车马达（浙江）有限公司,250,250,AHC6490BEVH0C|AHC7000BEVE0D,motor-model-source-search,Copyright © 2026 David YE
TZ200XYX,2,383|394,比亚迪牌|方程豹牌,南京市比亚迪汽车有限公司 |南京市比亚迪汽车有限公司,180|160,180|160,BYD7000AGBEV1|QCJ6460AHBEV4,motor-model-source-search,Copyright © 2026 David YE
TZ205QYF,2,404,腾势牌,西安比亚迪汽车零部件有限公司,340 / 70|340,410|340,QCJ6520MBEV2|QCJ6520MBEV3,motor-model-source-search,Copyright © 2026 David YE
TZ210QY005,2,403,小米牌,小米汽车科技有限公司,235,235,XMA7001MBEVR5|XMA7001MBEVR7,motor-model-source-search,Copyright © 2026 David YE
TZ210QYA,2,409,比亚迪牌,长沙市比亚迪汽车有限公司,120,120,BYD7153WT6HEV13|BYD7153WT6HEV14,motor-model-source-search,Copyright © 2026 David YE
TZ210XS1191,2,395,奥迪(AUDI)牌,华域汽车电动系统有限公司,220,220,SVW700331BEV|SVW700332BEV,motor-model-source-search,Copyright © 2026 David YE
TZ210XYP5F,2,398,别克(BUICK),上海汽车变速器有限公司,332|332/150,332|482,SGM6536UABEV|SGM6536UBBEV,motor-model-source-search,Copyright © 2026 David YE
TZ220XS460,2,398,极狐(ARCFOX)牌,海纳川浩夫尔（北京）新能源汽车驱动系统有限公司,185,185,BJ6480A501BEV|BJ6480A504BEV,motor-model-source-search,Copyright © 2026 David YE
TZ220XSG00,2,382,大运远航牌,联合汽车电子有限公司,,,CGC6521BEV2S10|CGC7000BEV2J15,motor-model-source-search,Copyright © 2026 David YE
TZ220XSH02,2,381|382,哪吒牌,浩智科技电驱(桐城)有限公司|无锡中车时代电驱科技有限公司;浩智科技电驱（桐城）有限公司,,,THZ7000BEVS408|THZ7000BEVS367,motor-model-source-search,Copyright © 2026 David YE
TZ220XYEBJ,2,409,捷达(JETTA)牌,湖南中车时代电驱科技有限公司,145,145,FV7000BBABEV|FV7000BBBBEV,motor-model-source-search,Copyright © 2026 David YE
TZ220XYEBL,2,409,捷达(JETTA)牌,湖南中车时代电驱科技有限公司,113,113,FV7000AAABEV|FV7000AABBEV,motor-model-source-search,Copyright © 2026 David YE
TZ220XYF031,2,409,启境牌,联合汽车电子有限公司/广州祺盛动力总成有限公司/广州祺盛动力总成有限公司,165,565,AHC7000BEVW0C,motor-model-source-search,Copyright © 2026 David YE
TZ220XYF0501,2,406,启境牌,锐湃动力科技有限公司,250,250,AHC7000BEVW0A|AHC7000BEVW0B,motor-model-source-search,Copyright © 2026 David YE
TZ220XYP76,2,393,别克牌,上汽通用汽车有限公司,130,130,SGM6491BEBEV|SGM6491BFBEV,motor-model-source-search,Copyright © 2026 David YE
TZ225XYP9C,2,402,凯迪拉克(CADILLAC),上汽通用汽车有限公司,255|130,255|443,SGM6525BABEV|SGM6525BCBEV,motor-model-source-search,Copyright © 2026 David YE
TZ226QYA,2,406|409,腾势牌,深圳比亚迪汽车实业有限公司,270/310/310|270,890,QCJ7000ANBEV2|QCJ6520BUBEV3,motor-model-source-search,Copyright © 2026 David YE
TZ230XY01E29X,2,395,小鹏牌,立讯智造科技(常熟)有限公司|中创新航科技集团股份有限公司,110|270,110|270,NHQ7002BEVEA|NHQ7002BEVEB,motor-model-source-search,Copyright © 2026 David YE
TZ230XY1301,2,382,智己牌,华域汽车电动系统有限公司,180,180,CSA6492LBEV7|CSA6492LBEVA,motor-model-source-search,Copyright © 2026 David YE
XTDM68,2,400|402,长安牌,深蓝汽车科技有限公司,190,190,SC6480AAAQBEV|SC7000AABTBEV,motor-model-source-search,Copyright © 2026 David YE
YS190XYE01,2,399,精灵(smart),衢州极电电动汽车技术有限公司,120|165/310,432|475,HQ6471BEV103|HQ6471BEV104,motor-model-source-search,Copyright © 2026 David YE
YS220QY234,2,409,魏牌牌|启境牌,联合汽车电子有限公司/蜂巢传动科技河北有限公司徐水分公司|联合汽车电子有限公司/广州祺盛动力总成有限公司/广州祺盛动力总成有限公司,220|165,540|565,CC6500DL21HABEV|AHC7000BEVW0C,motor-model-source-search,Copyright © 2026 David YE
YS220XY102,2,409,理想牌,苏州汇川联合动力系统股份有限公司/江苏理想驱动技术有限公司,150,400,LXA6524BEVW02|LXA6524BEVW01,motor-model-source-search,Copyright © 2026 David YE
YY41TZ220232,2,409,江铃牌,联合汽车电子有限公司,200,200,JX6511TA-L6BEV|JX6541TA-L6BEV,motor-model-source-search,Copyright © 2026 David YE
YY66TZ230001,2,408,问界牌,重庆金康动力新能源有限公司;华为数字能源技术有限公司,227,227,SKE6501DBEVR2|SKE6501DBEVR3,motor-model-source-search,Copyright © 2026 David YE
YY67YS210A05,2,405|408,问界牌,华为数字能源技术有限公司,220/277,497,SKE6530DBEVA1F|SKE6540DBEVA1F,motor-model-source-search,Copyright © 2026 David YE
YY67YS210A06,2,408,智界牌,华为数字能源技术有限公司,277|277,277|437,SQR6500BEVEHX4|SQR6500BEVEHX5,motor-model-source-search,Copyright © 2026 David YE
前:TZ210XYC,2,409,方程豹牌,前:郑州比亚迪汽车有限公司/后:博格华纳汽车零部件（武汉）有限公司|前:郑州比亚迪汽车有限公司/后:西安比亚迪汽车零部件有限公司,160,360,QCJ6500BG6HEV15|QCJ6500BG6HEV13,motor-model-source-search,Copyright © 2026 David YE
后驱动电机：QT67TZ210D01,2,409,享界牌,华为数字能源技术有限公司|前/后：华为数字能源技术有限公司,227|160,227|387,BJ6530K81BEV|BJ6530K811BEV,motor-model-source-search,Copyright © 2026 David YE
0,1,395,红旗牌,中国第一汽车集团有限公司,340,340,CA7009H0EVC,motor-model-source-search,Copyright © 2026 David YE
112AA3,1,401,奇瑞牌,奇瑞新能源汽车股份有限公司,185,185,NEQ6440BEVS565,motor-model-source-search,Copyright © 2026 David YE
112AB2,1,388,奇瑞牌,奇瑞新能源汽车股份有限公司,,,NEQ7000BEVJH11R,motor-model-source-search,Copyright © 2026 David YE
3XM,1,399,丰田(TOYOTA),AISIN CORPORATION/AISIN CORPORATION,163/87,250,GTM6471BWBEV,motor-model-source-search,Copyright © 2026 David YE
4D2,1,409,特斯拉牌,特斯拉（上海）有限公司,176,467,TSL6480BEVBA6,motor-model-source-search,Copyright © 2026 David YE
4D3,1,391,特斯拉牌,特斯拉（上海）有限公司,220,220,TSL6480BEVAR5,motor-model-source-search,Copyright © 2026 David YE
ATDM09,1,409,长安牌,,180,180,SC7150AABK6HEV,motor-model-source-search,Copyright © 2026 David YE
ATDM14,1,407,阿维塔（AVATR）牌,重庆青山工业有限责任公司,,,SC6490AAADBEV,motor-model-source-search,Copyright © 2026 David YE
ATDM72,1,406,长安牌,重庆青山工业有限责任公司,165,165,SC6480AAAXBEV,motor-model-source-search,Copyright © 2026 David YE
CYS210XY1P1,1,408,理想牌,华为技术有限公司/江苏理想驱动技术有限公司,155/258,413,LXA6540BEVW11,motor-model-source-search,Copyright © 2026 David YE
EEK,1,400,大众汽车牌,大众汽车自动变速器（天津）有限公司,170,170,VWA70002BEV1,motor-model-source-search,Copyright © 2026 David YE
EEV 125,1,395,大众牌,大众汽车自动变速器（天津）有限公司,125,125,FV6465BABEV,motor-model-source-search,Copyright © 2026 David YE
EFK,1,393,大众汽车(VOLKSWAGEN)牌,大众汽车自动变速器(天津)有限公司,150,150,SVW7000FEV,motor-model-source-search,Copyright © 2026 David YE
EM0037,1,408,梅赛德斯-奔驰(Mercedes-Benz),Bosch/Mercedes-Benz,"前:77/后:115, 峰值功率:前:163/后:300",463,BJ7004VALBEV,motor-model-source-search,Copyright © 2026 David YE
EM0041,1,408,梅赛德斯-奔驰(Mercedes-Benz),Bosch/Mercedes-Benz,"前:77/后:115, 峰值功率:前:163/后:300",463,BJ7004VALBEV,motor-model-source-search,Copyright © 2026 David YE
FB5395X8100,1,395,宝马(BMW)牌,采埃孚电驱动科技(沈阳)有限公司,180,180,BMW7000AGEV,motor-model-source-search,Copyright © 2026 David YE
FTTBP125A,1,394,福田牌,北汽福田汽车股份有限公司,110,110,BJ6522EVAA1,motor-model-source-search,Copyright © 2026 David YE
HA0001N1,1,395,宝马(BMW)牌,采埃孚电驱动科技(沈阳)有限公司,160,160,BMW7000AHEV,motor-model-source-search,Copyright © 2026 David YE
HB0001N1,1,402,宝马(BMW),采埃孚电驱动科技(沈阳)有限公司,137,137,BMW6462ACEV,motor-model-source-search,Copyright © 2026 David YE
HB0002N0,1,402,宝马(BMW),采埃孚电驱动科技(沈阳)有限公司,137,137,BMW6462ACEV,motor-model-source-search,Copyright © 2026 David YE
HB0003N1,1,402,宝马(BMW),采埃孚电驱动科技(沈阳)有限公司,153,153,BMW6462FCEV,motor-model-source-search,Copyright © 2026 David YE
MSED08,1,395,马自达牌,长安马自达发动机有限公司,190,190,CAM6481BABEV,motor-model-source-search,Copyright © 2026 David YE
QT34TZ180RCA,1,392,瑞驰牌,珠海英搏尔电气股份有限公司,70,70,DXK6520AC2BEV,motor-model-source-search,Copyright © 2026 David YE
QT35TZ180250,1,407,欧拉牌,联合汽车电子有限公司,98,98,CC6430BJ00GDBEV,motor-model-source-search,Copyright © 2026 David YE
QT70TZ220001,1,409,魏牌牌,联合汽车电子有限公司/蜂巢传动科技河北有限公司徐水分公司,220,540,CC6500DL21HABEV,motor-model-source-search,Copyright © 2026 David YE
R31DF,1,404,沃尔沃牌,亚欧汽车制造(台州)有限公司,240,240,VCD7005F041BEV,motor-model-source-search,Copyright © 2026 David YE
TL2,1,409,特斯拉牌,特斯拉（上海）有限公司,176,467,TSL6480BEVBA6,motor-model-source-search,Copyright © 2026 David YE
TS220XY106,1,403,小米牌,联合电子/小米汽车科技有限公司,220/288,508,XMA7001MBEVA4,motor-model-source-search,Copyright © 2026 David YE
TZ155X01311201,1,388,骏驰牌,莱茵动力(锦州)有限公司,,,HXK7000BEVF02,motor-model-source-search,Copyright © 2026 David YE
TZ155X230,1,395,羿驰牌,柳州旺林新能源科技有限公司,60,60,JX7004ESCBEV,motor-model-source-search,Copyright © 2026 David YE
TZ160S010,1,391,萤火虫牌,蔚来动力科技(合肥)有限公司 新桥分公司,105,105,NAL7000BSEVY1,motor-model-source-search,Copyright © 2026 David YE
TZ160S012,1,401,萤火虫牌,蔚来动力科技(合肥)有限公司新桥分公司,120,120,NAL7000BSEVY2,motor-model-source-search,Copyright © 2026 David YE
TZ160X020,1,388,骏驰牌,浙江方正电机股份有限公司,,,HXK7000BEVH03,motor-model-source-search,Copyright © 2026 David YE
TZ160X15H-115,1,391,燕铃牌,合普动力股份有限公司,110,110,BAW7000UBJ1BEV,motor-model-source-search,Copyright © 2026 David YE
TZ160X15H-144,1,388,海马牌,合普动力股份有限公司,,,HMA7000AHBEV,motor-model-source-search,Copyright © 2026 David YE
TZ160X30C,1,391,几何牌,浙江奥思伟尔电动科技有限公司,160,160,JL7002BEV103,motor-model-source-search,Copyright © 2026 David YE
TZ160XFDM14B,1,391,燕铃牌,浙江方正电机股份有限公司,110,110,BAW7000ULJ1BEV,motor-model-source-search,Copyright © 2026 David YE
TZ160XFJE1,1,398,予风牌,合肥巨一动力系统有限公司,35,35,HSE7000BEVG5C,motor-model-source-search,Copyright © 2026 David YE
TZ165XS033,1,381,哪吒牌,无锡中车时代电驱科技有限公司,,,THZ6460SEVS31L,motor-model-source-search,Copyright © 2026 David YE
TZ175XSQ02,1,394,天马牌,苏州发卡电机有限公司,60,60,KZ6510BEV0012,motor-model-source-search,Copyright © 2026 David YE
TZ180SMXB0,1,407,奇瑞牌,苏州汇川联合动力系统股份有限公司,58,58,NEQ7000BEVT12AC,motor-model-source-search,Copyright © 2026 David YE
TZ180XS000 60,1,390,,苏州汇川联合动力系统股份有限公司,60,60,SC6480V7Q6B4BEV,motor-model-source-search,Copyright © 2026 David YE
TZ180XS120,1,384,小鹏牌,苏州汇川联合动力系统股份有限公司,,,NHQ7000BEVLB,motor-model-source-search,Copyright © 2026 David YE
TZ180XS2A0,1,406,五菱牌,柳州赛克科技发展有限公司,100,100,LZW6490BEVA7,motor-model-source-search,Copyright © 2026 David YE
TZ180XS375,1,384,五菱牌,柳州赛克科技发展有限公司,30,30,LZW6451EVA1,motor-model-source-search,Copyright © 2026 David YE
TZ180XS440,1,400,极狐牌,菲仕绿能科技（北京）有限公司,120,120,BJ7000T66CBEV,motor-model-source-search,Copyright © 2026 David YE
TZ180XS640,1,390,极狐(ARCFOX)牌,北京新能源汽车股份有限公司,175,175,BJ6460D46BEV,motor-model-source-search,Copyright © 2026 David YE
TZ180XS90AA,1,381,领途牌,上海汽车电驱动有限公司,,,YGM7009BEVBA1,motor-model-source-search,Copyright © 2026 David YE
TZ180XSAG,1,405,比亚迪牌,抚州比亚迪实业有限公司,100,100,BYD6430BZBEV1,motor-model-source-search,Copyright © 2026 David YE
TZ180XSAN,1,404,腾势牌,西安比亚迪汽车零部件有限公司,340 / 70,410,QCJ6520MBEV2,motor-model-source-search,Copyright © 2026 David YE
TZ180XSAS,1,407,比亚迪牌,西安比亚迪汽车零部件有限公司,55,55,BYD7001BEVA8,motor-model-source-search,Copyright © 2026 David YE
TZ180XSB,1,406,领汇牌,长沙市比亚迪汽车有限公司,70,70,QCJ7002BEVA1,motor-model-source-search,Copyright © 2026 David YE
TZ180XSB01,1,399,极氪牌,威睿电动汽车技术(宁波)有限公司/衢州极电电动汽车技术有限公司,115/250,365,MR7001BEV120,motor-model-source-search,Copyright © 2026 David YE
TZ180XSD31,1,394,锐胜牌,深圳市大地和电气股份有限公司,110,110,BAW6521MALBEV,motor-model-source-search,Copyright © 2026 David YE
TZ180XSDSZX01,1,394,远程牌,湖州智芯动力系统发展有限公司,110,110,JHC6482SEVS1,motor-model-source-search,Copyright © 2026 David YE
TZ180XSE21,1,389,东风牌,珠海英搏尔电气股份有限公司,,,LZ6510NLD0EV,motor-model-source-search,Copyright © 2026 David YE
TZ180XSF70,1,391,比亚迪牌,长沙市比亚迪汽车有限公司,180,180,BYD7004BEV14,motor-model-source-search,Copyright © 2026 David YE
TZ180XSIEM2H,1,390,江淮牌,合肥道一动力科技有限公司,130,130,HFC7002EWEV6,motor-model-source-search,Copyright © 2026 David YE
TZ180XSIEM3,1,395,江淮牌,合肥道一动力科技有限公司,100,100,HFC7002BEV11,motor-model-source-search,Copyright © 2026 David YE
TZ180XSIEM3L,1,391,江淮牌,合肥道一动力科技有限公司,130,130,HFC7002EWEV7,motor-model-source-search,Copyright © 2026 David YE
TZ180XSRLB,1,389,枫叶牌,珠海英搏尔电气股份有限公司,,,LF7002SEV01,motor-model-source-search,Copyright © 2026 David YE
TZ180XSZX05,1,388,远程牌,湖州智芯动力系统发展有限公司,,,JHC6481BEVR1,motor-model-source-search,Copyright © 2026 David YE
TZ180XSZX06,1,391,,湖州智芯动力系统发展有限公司,60,60,JHC6481BEVR2,motor-model-source-search,Copyright © 2026 David YE
TZ180XYA1203,1,385,埃安(AION)牌,尼得科汽车马达(浙江)有限公司,,,AHC6480BEVB0M,motor-model-source-search,Copyright © 2026 David YE
TZ180XYD01,1,404,问界牌,华为数字能源技术有限公司,160/180,340,SKE6501DBEVA1F,motor-model-source-search,Copyright © 2026 David YE
TZ180XYX3T11,1,384,埃安(AION)牌, 锐湃动力科技有限公司,180,180,AHC6490BEVH0Q,motor-model-source-search,Copyright © 2026 David YE
TZ182XSW01,1,388,骏驰牌,威迪斯电机技术(芜湖)有限公司,,,HXK7000BEVG02,motor-model-source-search,Copyright © 2026 David YE
TZ185XY1181,1,407,名爵牌,上海汽车变速器有限公司,176,176,CSA7005TBEV1,motor-model-source-search,Copyright © 2026 David YE
TZ188S001,1,384,乐道牌,蔚来动力科技(合肥)有限公司,,,NAL6483BSEVZ1,motor-model-source-search,Copyright © 2026 David YE
TZ190XY008,1,409,长安牌,重庆青山工业有限责任公司,245,245,SC7000AACRBEV,motor-model-source-search,Copyright © 2026 David YE
TZ190XY102,1,381,合创牌,苏州汇川联合动力系统股份有限公司,,,GAH6520BEVU0C,motor-model-source-search,Copyright © 2026 David YE
TZ198Y001,1,395,乐道牌,"
蔚来动力科技（合肥）有限公司新桥分公司",340,340,NAL6513BSEVZ1,motor-model-source-search,Copyright © 2026 David YE
TZ200XS003,1,387,丰田(TOYOTA)牌,弗迪动力有限公司长沙分公司,,,TV6480BEV,motor-model-source-search,Copyright © 2026 David YE
TZ200XS004,1,387,丰田(TOYOTA)牌,弗迪动力有限公司长沙分公司,,,TV6480BEVP,motor-model-source-search,Copyright © 2026 David YE
TZ200XS2GY,1,384,启辰牌,智新科技股份有限公司,,,DFL6470NB53BEV,motor-model-source-search,Copyright © 2026 David YE
TZ200XS2JD,1,391,东风日产牌,东风汽车有限公司,160,160,DFL7000NAA1BEV,motor-model-source-search,Copyright © 2026 David YE
TZ200XS3JD,1,391,东风日产牌,东风汽车有限公司,200,200,DFL7000NAA2BEV,motor-model-source-search,Copyright © 2026 David YE
TZ200XS3ZX,1,381,东风牌,智新科技股份有限公司,120,120,DFM6500S5F3BEV,motor-model-source-search,Copyright © 2026 David YE
TZ200XSAB,1,385,比亚迪牌,比亚迪汽车工业有限公司,180,180,BYD7009BEV10,motor-model-source-search,Copyright © 2026 David YE
TZ200XSAH,1,403,领汇牌,南京市比亚迪汽车有限公司,135,135,QCJ7009BEV1,motor-model-source-search,Copyright © 2026 David YE
TZ200XSBT1,1,381,灵悉牌,智新科技股份有限公司,,,DHW7001D3BEV,motor-model-source-search,Copyright © 2026 David YE
TZ200XSL,1,381,颐驰牌,弗迪动力有限公司长沙分公司,,,JX6480EUABEV,motor-model-source-search,Copyright © 2026 David YE
TZ200XSQ,1,383,比亚迪牌,长沙市比亚迪汽车有限公司,180,180,BYD7004BEV10,motor-model-source-search,Copyright © 2026 David YE
TZ200XSQ150,1,390,比亚迪牌,长沙市比亚迪汽车有限公司,180,180,BYD7004BEV13,motor-model-source-search,Copyright © 2026 David YE
TZ200XSU,1,387,比亚迪牌,比亚迪汽车工业有限公司,180,180,BYD7009BEV11,motor-model-source-search,Copyright © 2026 David YE
TZ200XSW,1,390,五菱牌,合肥比亚迪汽车有限公司,30,30,LZW7009BEVA5,motor-model-source-search,Copyright © 2026 David YE
TZ200XSW 130,1,390,比亚迪牌,合肥比亚迪汽车有限公司,160,160,BYD6433SBEV5,motor-model-source-search,Copyright © 2026 David YE
TZ200XSW130,1,390,比亚迪牌,长沙市比亚迪汽车有限公司,180,180,BYD7004BEV12,motor-model-source-search,Copyright © 2026 David YE
TZ200XY2JE,1,402,东风日产牌,东风汽车有限公司,215,215,DFL6490NNJ1BEV,motor-model-source-search,Copyright © 2026 David YE
TZ200XY3JE,1,402,东风日产牌,东风汽车有限公司,250,250,DFL6490NNJ2BEV,motor-model-source-search,Copyright © 2026 David YE
TZ200XYAB,1,383,比亚迪牌,南京市比亚迪汽车有限公司,180,180,BYD7000AGBEV3,motor-model-source-search,Copyright © 2026 David YE
TZ200XYAJ,1,394,比亚迪牌,南京市比亚迪汽车有限公司,180,180,BYD6480AABEV2,motor-model-source-search,Copyright © 2026 David YE
TZ200XYAV,1,402,比亚迪牌,南京市比亚迪汽车有限公司,270,270,BYD6480AMBEV2,motor-model-source-search,Copyright © 2026 David YE
TZ200XYAZ,1,403,领汇牌,南京市比亚迪汽车有限公司,150,150,QCJ7009BEV2,motor-model-source-search,Copyright © 2026 David YE
TZ200XYC,1,400,比亚迪牌,南京市比亚迪汽车有限公司,230,230,BYD6450BZBEV1,motor-model-source-search,Copyright © 2026 David YE
TZ200XYT,1,381,比亚迪牌,南京市比亚迪汽车有限公司 ,160,160,BYD7006BEVA10,motor-model-source-search,Copyright © 2026 David YE
TZ205QYN,1,408,腾势牌,西安比亚迪汽车零部件有限公司,300,300,QCJ6520MBEV4,motor-model-source-search,Copyright © 2026 David YE
TZ205QYS,1,408,方程豹牌,西安比亚迪汽车零部件有限公司,245,245,QCJ7000ATBEV3,motor-model-source-search,Copyright © 2026 David YE
TZ210QY003,1,404,小米牌,苏州汇川联合动力系统股份有限公司/小米汽车科技有限公司,288/450,738,XMA6500LBEVA9,motor-model-source-search,Copyright © 2026 David YE
TZ210QY006,1,403,小米牌,联合电子/小米汽车科技有限公司,220/288,508,XMA7001MBEVA4,motor-model-source-search,Copyright © 2026 David YE
TZ210QYB,1,409,比亚迪牌,长沙市比亚迪汽车有限公司,120,120,BYD6476ST6HEV14,motor-model-source-search,Copyright © 2026 David YE
TZ210QYP5G,1,407,别克(BUICK),上海汽车变速器有限公司,282,282,SGM7000MBBEV,motor-model-source-search,Copyright © 2026 David YE
TZ210XS2J6,1,386,宝骏牌,柳州赛克科技发展有限公司,30,30,LZW7008EVA1,motor-model-source-search,Copyright © 2026 David YE
TZ210XY584,1,401,极狐(ARCFOX),华为技术有限公司,221 / 252,473,BJ7001A61NBEV,motor-model-source-search,Copyright © 2026 David YE
TZ220XS008,1,382,欧拉牌,蜂巢传动科技邳州有限公司,,,SAL7000BH01ABEV,motor-model-source-search,Copyright © 2026 David YE
TZ220XSK12,1,392,渝州牌,"
山东众联能创动力科技有限公司",156,156,YZ6550BEV2,motor-model-source-search,Copyright © 2026 David YE
TZ220XSLJC60C,1,389,瑞风牌,柳州五菱柳机动力有限公司	,130,130,HFC6511REV4C7,motor-model-source-search,Copyright © 2026 David YE
TZ220XY001,1,386,哪吒牌,宁德时代(上海)智能科技有限公司,,,THZ7000BEVS417,motor-model-source-search,Copyright © 2026 David YE
TZ220XY002,1,382,零跑牌,金华凌昇动力科技有限公司,170,170,FZ6470BEVC10G,motor-model-source-search,Copyright © 2026 David YE
TZ220XY115,1,404,小米牌,苏州汇川联合动力系统股份有限公司/小米汽车科技有限公司,288/450,738,XMA6500LBEVA9,motor-model-source-search,Copyright © 2026 David YE
TZ220XY118,1,403,小米牌,小米汽车科技有限公司/苏州汇川联合动力系统股份有限公司,220/288,508,XMA7001MBEVA1,motor-model-source-search,Copyright © 2026 David YE
TZ220XY428,1,406,极狐(ARCFOX)牌,海纳川浩夫尔（北京）新能源汽车驱动系统有限公司,200,200,BJ6480A508BEV,motor-model-source-search,Copyright © 2026 David YE
TZ220XYA03,1,383,极氪牌,衢州极电电动汽车技术有限公司,160,160,MR6525BEV14,motor-model-source-search,Copyright © 2026 David YE
TZ220XYHP2,1,408,理想牌,华为技术有限公司/江苏理想驱动技术有限公司,155/258,413,LXA6540BEVW11,motor-model-source-search,Copyright © 2026 David YE
TZ220XYSTA,1,402,凯迪拉克(CADILLAC),上汽通用汽车有限公司,130,443,SGM6525BCBEV,motor-model-source-search,Copyright © 2026 David YE
TZ220XYX3T37,1,391,昊铂牌,锐湃动力科技有限公司,300,300,AHC6510BEVG0C,motor-model-source-search,Copyright © 2026 David YE
TZ220YHGA0,1,392,星途牌,"
芜湖埃科动力系统有限公司",130,130,SQR6500BEVE0Y9,motor-model-source-search,Copyright © 2026 David YE
TZ225XYH02,1,389,岚图牌,智新科技股份有限公司,120,120,EQ6530AL5F1BEV,motor-model-source-search,Copyright © 2026 David YE
TZ226QYE,1,406,比亚迪牌,郑州比亚迪汽车有限公司,255,255,BYD7000AZBEV3,motor-model-source-search,Copyright © 2026 David YE
TZ230XY01F30X,1,385,小鹏牌,武汉小鹏智能制造有限公司,,,NHQ6480BEVFD,motor-model-source-search,Copyright © 2026 David YE
TZ230XY1351,1,389,智己牌,联合汽车电子有限公司/华域汽车电动系统有限公司,180,180,CSA7002EBEV6,motor-model-source-search,Copyright © 2026 David YE
TZ240XYA,1,398,仰望牌,比亚迪汽车工业有限公司,555/555/555/555,2220,QCJ7000AFBEV3,motor-model-source-search,Copyright © 2026 David YE
TZ250XYLPPG1,1,384,零跑牌,金华零跑新能源汽车零部件技术有限公司,170,170,FZ6480BEV28,motor-model-source-search,Copyright © 2026 David YE
TZ405XS001,1,401,东风牌,上海汽车电驱动有限公司,100,100,DFM7000S1FCBEV,motor-model-source-search,Copyright © 2026 David YE
XTDM16,1,383,长安牌,深蓝汽车科技有限公司,160,160,SC6481GCABEV,motor-model-source-search,Copyright © 2026 David YE
XTDM20,1,388,长安牌,重庆青山工业有限责任公司,160,160,SC7000AAAABEV,motor-model-source-search,Copyright © 2026 David YE
XTDM29,1,388,长安牌,重庆青山工业有限责任公司,160,160,SC7000AAABBEV,motor-model-source-search,Copyright © 2026 David YE
XTDM33,1,383,长安牌,深蓝汽车科技有限公司,160,160,SC7006AASBEV,motor-model-source-search,Copyright © 2026 David YE
XTDM34,1,383,长安牌,深蓝汽车科技有限公司,160,160,SC6501AABBEV,motor-model-source-search,Copyright © 2026 David YE
XTDM39,1,383,阿维塔（AVATR）牌,深蓝汽车科技有限公司,160,160,SC6481ECABEV,motor-model-source-search,Copyright © 2026 David YE
XTDM40,1,383,长安牌,深蓝汽车科技有限公司,160,160,SC6464AAABEV,motor-model-source-search,Copyright © 2026 David YE
XTDM79,1,409,长安牌,重庆长安汽车股份有限公司,200,200,SC7000AABXBEV,motor-model-source-search,Copyright © 2026 David YE
YS190XY101,1,401,星途牌,苏州汇川联合动力系统股份有限公司/联合汽车电子有限公司,230,230,SQR6500BEVE0YB,motor-model-source-search,Copyright © 2026 David YE
YS190XYE04,1,407,吉利牌,衢州极电电动汽车技术有限公司/无锡星驱动力科技有限公司,180/245,425,MR7001BEV135,motor-model-source-search,Copyright © 2026 David YE
YS210XY01H93X,1,401,小鹏牌,武汉小鹏智能制造有限公司,135,370,NHQ6530BEVHJ,motor-model-source-search,Copyright © 2026 David YE
YS210XY103,1,403,小米牌,小米汽车科技有限公司/苏州汇川联合动力系统股份有限公司,220/288,508,XMA7001MBEVA1,motor-model-source-search,Copyright © 2026 David YE
YS210XY584,1,401,极狐(ARCFOX),华为技术有限公司,221 / 252,473,BJ7001A61NBEV,motor-model-source-search,Copyright © 2026 David YE
YS210XYA01,1,409,智界牌,华为数字能源技术有限公司/华为数字能源技术有限公司,150,377,SQR6500BEVEHY8,motor-model-source-search,Copyright © 2026 David YE
YS210XYS6H,1,398,别克(BUICK),上海汽车变速器有限公司,332/150,482,SGM6536UBBEV,motor-model-source-search,Copyright © 2026 David YE
YS230XYC,1,402,方程豹牌,东莞弗迪动力有限公司 / 南京市比亚迪汽车有限公司,前: 35 / 后: 120,155,QCJ6460AHBEV7,motor-model-source-search,Copyright © 2026 David YE
YS230XYD,1,403,腾势牌,东莞弗迪动力有限公司/深圳比亚迪汽车实业有限公司/深圳比亚迪汽车实业有限公司,前/后左/后右: 230/310/310,,QCJ7000AEBEV5,motor-model-source-search,Copyright © 2026 David YE
"YS230XYF,TZ205QYD",1,404,方程豹牌,东莞弗迪动力有限公司 / 西安比亚迪汽车零部件有限公司,前: 75 / 后: 150,225,QCJ6500BGBEV2,motor-model-source-search,Copyright © 2026 David YE
YS230XYG,1,408,比亚迪牌,东莞弗迪动力有限公司 / 郑州比亚迪汽车有限公司,前: 200 / 后: 370,570,BYD7000AXBEV2,motor-model-source-search,Copyright © 2026 David YE
YY35TZ180B01,1,408,东风牌,四川建安工业有限责任公司,110,110,LZ6510NKD0EV,motor-model-source-search,Copyright © 2026 David YE
"YY66TZ230001, QT67TZ210D01",1,404,问界牌,"重庆金康动力新能源有限公司, 华为数字能源技术有限公司",227 / 227,454,SKE6501DBEVR1,motor-model-source-search,Copyright © 2026 David YE
前:TZ210XYD,1,409,腾势牌,前:深圳比亚迪汽车实业有限公司/后:抚州比亚迪实业有限公司,200,245,QCJ6520MT6HEV13,motor-model-source-search,Copyright © 2026 David YE
前:YS198S002,1,388,蔚来牌,蔚来动力科技(合肥)有限公司新桥分公司,,,NAL7003BSEVD1,motor-model-source-search,Copyright © 2026 David YE
前驱动电机：YS210XYA03,1,409,享界牌,前/后：华为数字能源技术有限公司,160,387,BJ6530K811BEV,motor-model-source-search,Copyright © 2026 David YE
后:TZ180XSN,1,409,腾势牌,前:深圳比亚迪汽车实业有限公司/后:抚州比亚迪实业有限公司,200,245,QCJ6520MT6HEV13,motor-model-source-search,Copyright © 2026 David YE
后:TZ198Y001,1,388,蔚来牌,蔚来动力科技(合肥)有限公司新桥分公司,,,NAL7003BSEVD1,motor-model-source-search,Copyright © 2026 David YE
后:TZ200XSAE,1,409,方程豹牌,前:郑州比亚迪汽车有限公司/后:西安比亚迪汽车零部件有限公司,160,360,QCJ6500BG6HEV13,motor-model-source-search,Copyright © 2026 David YE
后:TZ210XS004,1,409,方程豹牌,前:郑州比亚迪汽车有限公司/后:博格华纳汽车零部件（武汉）有限公司,160,360,QCJ6500BG6HEV15,motor-model-source-search,Copyright © 2026 David YE
无,1,390,阿维塔牌,深蓝汽车科技有限公司,252,252,SC7001HBABEV,motor-model-source-search,Copyright © 2026 David YE
生产企业:WBTL WCBS 1,1,409,极狐(ARCFOX)牌,WBTL WCBS 1,200,200,BJ6500A601RSHEV,motor-model-source-search,Copyright © 2026 David YE
生产企业:郑州比亚迪汽车有限公司,1,409,方程豹牌,郑州比亚迪汽车有限公司,200,200,QCJ6500BG6HEV14,motor-model-source-search,Copyright © 2026 David YE
