批次,产品型号,字段,当前值(锚点),新值,证据等级,证据引用,定值说明
342,CC7000ZM02GBEV,车长,4560,3495,B,汽车之家/搜狐db/17vin等多源(2026-09-18检索),精确值
342,CC7000ZM02GBEV,轴距,2650,2475,B,汽车之家/搜狐db/17vin等多源(2026-09-18检索),精确值
347,CC7000ZM00GBEV,车长,4560,3495,B,汽车之家/搜狐db/17vin等多源(2026-09-18检索),精确值
347,CC7000ZM00GBEV,轴距,2650,2475,B,汽车之家/搜狐db/17vin等多源(2026-09-18检索),精确值
350,CC7000ZM00KBEV,车长,4560,3495,B,汽车之家/搜狐db/17vin等多源(2026-09-18检索),精确值
350,CC7000ZM00KBEV,轴距,2650,2475,B,汽车之家/搜狐db/17vin等多源(2026-09-18检索),精确值
352,CC7000ZM02HBEV,车长,4560,3495,B,汽车之家/搜狐db/17vin等多源(2026-09-18检索),精确值
352,CC7000ZM02HBEV,轴距,2650,2475,B,汽车之家/搜狐db/17vin等多源(2026-09-18检索),精确值
341,CC7001ZM00EBEV,车长,4560,3625,B,汽车之家/搜狐db/17vin等多源(2026-09-18检索),精确值
341,CC7001ZM00EBEV,轴距,2650,2490,B,汽车之家/搜狐db/17vin等多源(2026-09-18检索),精确值
347,CC7001ZM02ABEV,车长,4560,3625,B,汽车之家/搜狐db/17vin等多源(2026-09-18检索),精确值
347,CC7001ZM02ABEV,轴距,2650,2490,B,汽车之家/搜狐db/17vin等多源(2026-09-18检索),精确值
351,CC7001ZM00FBEV,车长,4560,3625,B,汽车之家/搜狐db/17vin等多源(2026-09-18检索),精确值
351,CC7001ZM00FBEV,轴距,2650,2490,B,汽车之家/搜狐db/17vin等多源(2026-09-18检索),精确值
367,FZ7000BEV15,车长,4820,3620,B,太平洋参数库,精确值
367,FZ7000BEV15,轴距,2800,2400,B,太平洋参数库,精确值
380,FZ7000BEV16,车长,4820,3620,B,太平洋参数库,精确值
380,FZ7000BEV16,轴距,2800,2400,B,太平洋参数库,精确值
348,LZW7003EVB3EAB,车长,4470,2894,B,搜狐db+第一电动申报图,精确值
348,LZW7003EVB3EAB,轴距,2600,2020,B,搜狐db+第一电动申报图,精确值
348,LZW7003EVB3KAB,车长,4470,2894,B,搜狐db+第一电动申报图,精确值
348,LZW7003EVB3KAB,轴距,2600,2020,B,搜狐db+第一电动申报图,精确值
348,LZW7003EVGMAB,车长,4470,2894,B,搜狐db+第一电动申报图,精确值
348,LZW7003EVGMAB,轴距,2600,2020,B,搜狐db+第一电动申报图,精确值
360,LZW7003EVB3MAB,车长,4470,2894,B,搜狐db+第一电动申报图,精确值
360,LZW7003EVB3MAB,轴距,2600,2020,B,搜狐db+第一电动申报图,精确值
341,HFC7000WEV9,车长,4680,3650,B,17vin公告参数库(江汽),精确值
341,HFC7000WEV9,轴距,2720,2390,B,17vin公告参数库(江汽),精确值
354,HFC7000WEV13,车长,4680,3650,B,17vin公告参数库(江汽),精确值
354,HFC7000WEV13,轴距,2720,2390,B,17vin公告参数库(江汽),精确值
362,HFC7000WEV14,车长,4680,3650,B,17vin公告参数库(江汽),精确值
362,HFC7000WEV14,轴距,2720,2390,B,17vin公告参数库(江汽),精确值
362,HFC7000WEV15,车长,4680,3650,B,17vin公告参数库(江汽),精确值
362,HFC7000WEV15,轴距,2720,2390,B,17vin公告参数库(江汽),精确值
373,HFC7000WEV17,车长,4680,3650,B,17vin公告参数库(江汽),精确值
373,HFC7000WEV17,轴距,2720,2390,B,17vin公告参数库(江汽),精确值
373,HFC7000WEV18,车长,4680,3650,B,17vin公告参数库(江汽),精确值
373,HFC7000WEV18,轴距,2720,2390,B,17vin公告参数库(江汽),精确值
347,CSA7001KBEV6,车长,4820,3140,B,搜狐/新浪db+网通社,精确值
347,CSA7001KBEV6,轴距,2800,2000,B,搜狐/新浪db+网通社,精确值
377,JX7001ESNBEV,车长,4110,3720,B,搜狐db/网易汽车,精确值
389,JX7001ESQBEV,车长,4110,3720,B,搜狐db/网易汽车,"族推断(兜底名行,公告原文终核)"
394,LZW7001BEVE2,车长,4470,3685,B,搜狐汽车/汽车之家问答/百度百科,
397,LZW7001BEVE4,车长,4470,3685,B,搜狐汽车/汽车之家问答/百度百科,
398,LZW7001BEVE7,车长,4470,3685,B,搜狐汽车/汽车之家问答/百度百科,
388,LZW7001EVE1,车长,4470,3685,B,搜狐汽车/汽车之家问答/百度百科,"族推断(之光EV族,公告原文终核)"
395,WHJ7000BEVHH122,车长,4330,3720,B,网易/搜狐db(凯翼拾月Mate),精确值
406,WHJ7000BEVHH128,车长,4330,3725,B,爱卡汽车(拾月max预售),精确值
407,WHJ7000BEVHH129,车长,4330,3725,B,爱卡汽车(拾月max预售),精确值
388,SC7000AAAABEV,车长,4640,3270,B,17vin公告页388批,精确值
388,SC7000AAAABEV,轴距,2700,1980,B,17vin公告页388批,精确值
388,SC7000AAABBEV,车长,4640,3270,B,17vin公告页388批,族推断(公告原文终核)
388,SC7000AAABBEV,轴距,2700,1980,B,17vin公告页388批,族推断(公告原文终核)
378,LZW7007EVA4,车长,4470,3950,B,PR#5 EVID-VL-001/002族复用,精确值
365,LZW7007EVC1KBJ,车长,4470,3950,B,PR#5 EVID-VL-001/002(五菱官网A级+多源),精确值
367,LZW7007EVC1KBJB,车长,4470,3950,B,PR#5 EVID-VL-001/002(五菱官网A级+多源),精确值
391,BAW7000UBJ1BEV,车长,5850,3475,C,PR#5 EVID-VL-014转述(工信部390批),"C级转述,建议原文升A"
391,BAW7000UBJ1BEV,轴距,3400,2240,C,PR#5 EVID-VL-014转述(工信部390批),"C级转述,建议原文升A"
343,LZW7002EVUHAN,车长,4470,2497,B,"PR#5 EVID-VL(易车,全系一致)",精确值
343,LZW7002EVUHAN,轴距,2600,1600,B,"PR#5 EVID-VL(易车,全系一致)",精确值
344,LZW7002EVA1EAN,车长,4470,2497,B,"PR#5 EVID-VL(易车,全系一致)",精确值
344,LZW7002EVA1EAN,轴距,2600,1600,B,"PR#5 EVID-VL(易车,全系一致)",精确值
344,LZW7002EVB1EAN,车长,4470,2497,B,"PR#5 EVID-VL(易车,全系一致)",精确值
344,LZW7002EVB1EAN,轴距,2600,1600,B,"PR#5 EVID-VL(易车,全系一致)",精确值
344,LZW7002EVBHANA,车长,4470,2497,B,"PR#5 EVID-VL(易车,全系一致)",精确值
344,LZW7002EVBHANA,轴距,2600,1600,B,"PR#5 EVID-VL(易车,全系一致)",精确值
344,LZW7002EVCHANA,车长,4470,2497,B,"PR#5 EVID-VL(易车,全系一致)",精确值
344,LZW7002EVCHANA,轴距,2600,1600,B,"PR#5 EVID-VL(易车,全系一致)",精确值
346,LZW7002EVB1PAN,车长,4470,2497,B,"PR#5 EVID-VL(易车,全系一致)",精确值
346,LZW7002EVB1PAN,轴距,2600,1600,B,"PR#5 EVID-VL(易车,全系一致)",精确值
365,JL7007BEV02,轴距,2700,2015,B,PR#5 CAND-A2(汽车之家),精确值
365,JL7007BEV04,轴距,2700,2015,B,PR#5 CAND-A2(汽车之家),精确值
374,JL7007BEV05,轴距,2700,2015,B,PR#5 CAND-A2(汽车之家),精确值
374,JL7007BEV06,轴距,2700,2015,B,PR#5 CAND-A2(汽车之家),精确值
374,JL7007BEV07,轴距,2700,2015,B,PR#5 CAND-A2(汽车之家),精确值
374,JL7007BEV08,轴距,2700,2015,B,PR#5 CAND-A2(汽车之家),精确值
