批次,产品型号,通用名称,整备质量kg,车长当前mm,轴距mm,整备车长比,处置分类,备注(PH5候选/真值范围)
341,CC7001ZM00EBEV,"欧拉R2,欧拉白猫",977,4560,2650,0.214,Issue#4清单值族·待取证(unknown),未见于PR#5候选55
341,HFC7000WEV9,E·10X,1000,4680,2720,0.214,Issue#4清单值族·待取证(unknown),未见于PR#5候选55
342,CC7000ZM02GBEV,"欧拉R1,欧拉黑猫",970,4560,2650,0.213,Issue#4清单值族·待取证(unknown),未见于PR#5候选55
342,HXK7000BEVA8,凌宝BOX,865,4220,2455,0.205,候选已取证(B级),CAND-VL-004/3460~3584
343,HXK7000BEVA10,凌宝BOX,865,4220,2455,0.205,候选已取证(B级),CAND-VL-005/3460~3584
343,HXK7000BEVA9,凌宝BOX,920,4220,2455,0.218,候选已取证(B级),CAND-VL-006/3460~3584
343,LZW7002EVUHAN,Nano EV,850,4470,2600,0.19,候选已取证(B级),CAND-VL-007/2497
344,LZW7002EVA1EAN,Nano EV,850,4470,2600,0.19,候选已取证(B级),CAND-VL-008/2497
344,LZW7002EVB1EAN,Nano EV,850,4470,2600,0.19,候选已取证(B级),CAND-VL-009/2497
344,LZW7002EVBHANA,Nano EV,850,4470,2600,0.19,候选已取证(B级),CAND-VL-010/2497
344,LZW7002EVCHANA,Nano EV,850,4470,2600,0.19,候选已取证(B级),CAND-VL-011/2497
346,LZW7002EVB1PAN,NanoEV,850,4470,2600,0.19,候选已取证(B级),CAND-VL-012/2497
347,CC7000ZM00GBEV,"欧拉R1,欧拉黑猫",1020,4560,2650,0.224,Issue#4清单值族·待取证(unknown),未见于PR#5候选55
347,CC7001ZM02ABEV,"欧拉R2,欧拉白猫",1032,4560,2650,0.226,Issue#4清单值族·待取证(unknown),未见于PR#5候选55
347,CSA7001KBEV6,科莱威EV360,981,4820,2800,0.204,Issue#4清单值族·待取证(unknown),未见于PR#5候选55
348,LZW7003EVB3EAB,KiWi EV,1052,4470,2600,0.235,Issue#4清单值族·待取证(unknown),未见于PR#5候选55
348,LZW7003EVB3KAB,KiWi EV,1052,4470,2600,0.235,Issue#4清单值族·待取证(unknown),未见于PR#5候选55
348,LZW7003EVGMAB,KiWi EV,1015,4470,2600,0.227,Issue#4清单值族·待取证(unknown),未见于PR#5候选55
348,LZW7004EVA5DBK,宏光MINIEV,832,4470,2600,0.186,候选已取证(A级),CAND-VL-014/3061~3268
348,LZW7004EVA5EBK,宏光MINIEV,832,4470,2600,0.186,候选已取证(A级),CAND-VL-015/3061~3268
348,LZW7004EVC1DBK,宏光MINIEV,832,4470,2600,0.186,候选已取证(A级),CAND-VL-016/3061~3268
348,LZW7004EVC1EBK,宏光MINIEV,832,4470,2600,0.186,候选已取证(A级),CAND-VL-017/3061~3268
349,LZW7004EVA5EBKU,宏光MINIEV,822,4470,2600,0.184,候选已取证(A级),CAND-VL-018/3061~3268
349,LZW7004EVA5HBK,宏光MINIEV,822,4470,2600,0.184,候选已取证(A级),CAND-VL-019/3061~3268
349,LZW7004EVC1DBKU,宏光MINIEV,822,4470,2600,0.184,候选已取证(A级),CAND-VL-020/3061~3268
349,LZW7004EVC1KBK,宏光MINIEV,822,4470,2600,0.184,候选已取证(A级),CAND-VL-021/3061~3268
350,CC7000ZM00KBEV,"欧拉R1,欧拉黑猫",990,4560,2650,0.217,Issue#4清单值族·待取证(unknown),未见于PR#5候选55
350,HXK7000BEVA12,凌宝BOX,970,4220,2455,0.23,候选已取证(B级),CAND-VL-023/3460~3584
350,LZW7004EVA5EBKU,宏光MINIEV,822,4470,2600,0.184,候选已取证(A级),CAND-VL-024/3061~3268
350,LZW7004EVC1DBKU,宏光MINIEV,822,4470,2600,0.184,候选已取证(A级),CAND-VL-025/3061~3268
351,CC7001ZM00FBEV,"欧拉R2,欧拉白猫",1015,4560,2650,0.223,Issue#4清单值族·待取证(unknown),未见于PR#5候选55
351,LZW7004EVA5EBKC,宏光MINIEV,925,4470,2600,0.207,候选已取证(A级),CAND-VL-026/3061~3268
352,CC7000ZM02HBEV,"欧拉R1,欧拉黑猫",990,4560,2650,0.217,Issue#4清单值族·待取证(unknown),未见于PR#5候选55
354,HFC7000WEV13,E·10X,1100,4680,2720,0.235,Issue#4清单值族·待取证(unknown),未见于PR#5候选55
354,SC7001FACBEV,糯玉米,840,4640,2700,0.181,候选已取证(B级),CAND-VL-028/3270~3293
354,SC7001FADBEV,糯玉米,840,4640,2700,0.181,候选已取证(B级),CAND-VL-029/3270~3293
355,HXK7000BEVA13,凌宝BOX,865,4220,2455,0.205,候选已取证(B级),CAND-VL-030/3460~3584
355,LZW7005EVA5DBKA,Airev,818,4470,2600,0.183,候选已取证(B级),CAND-VL-031/2599~2974
355,LZW7005EVA5EBK,Airev,860,4470,2600,0.192,候选已取证(B级),CAND-VL-032/2599~2974
355,LZW7005EVC1DBKA,Airev,818,4470,2600,0.183,候选已取证(B级),CAND-VL-033/2599~2974
355,LZW7005EVC1EBJ,Airev,815,4470,2600,0.182,候选已取证(B级),CAND-VL-034/2599~2974
355,LZW7005EVC1HBKA,Airev,818,4470,2600,0.183,候选已取证(B级),CAND-VL-035/2599~2974
355,LZW7005EVC2CBM,Airev,888,4470,2600,0.199,候选已取证(B级),CAND-VL-036/2599~2974
355,SC7001FAEBEV,糯玉米,840,4640,2700,0.181,候选已取证(B级),CAND-VL-037/3270~3293
355,SC7001FAKBEV,糯玉米,945,4640,2700,0.204,候选已取证(B级),CAND-VL-038/3270~3293
356,LZW7005EVC2MBM,Airev,888,4470,2600,0.199,候选已取证(B级),CAND-VL-039/2599~2974
357,HXK7000BEVA14,凌宝BOX,920,4150,2455,0.222,候选已取证(B级),CAND-VL-040/3460~3584
359,HXK7000BEVA15,凌宝BOX,970,4220,2455,0.23,候选已取证(B级),CAND-VL-041/3460~3584
360,LZW7003EVB3MAB,KiWi EV,1015,4470,2600,0.227,Issue#4清单值族·待取证(unknown),未见于PR#5候选55
362,HFC7000WEV14,花仙子,1080,4680,2720,0.231,Issue#4清单值族·待取证(unknown),未见于PR#5候选55
362,HFC7000WEV15,花仙子,1100,4680,2720,0.235,Issue#4清单值族·待取证(unknown),未见于PR#5候选55
362,HXK7000BEVA16,凌宝BOX,955,4220,2455,0.226,候选已取证(B级),CAND-VL-042/3460~3584
362,HXK7000BEVD00,凌宝BOX,893,4220,2455,0.212,候选已取证(B级),CAND-VL-043/3460~3584
362,JNJ7000EVF3,U2,1058,3840,2521,0.276,Issue#4清单值族·待取证(unknown),未见于PR#5候选55
363,EQ7000FD2F3BEV,EX1,872,4660,2710,0.187,Issue#4清单值族·待取证(unknown),未见于PR#5候选55
364,JNJ7000EVF3,U2,1058,3840,2521,0.276,Issue#4清单值族·待取证(unknown),未见于PR#5候选55
365,JL7007BEV02,熊猫Mini,797/788,4640,2700,0.172,候选已取证(B级),CAND-VL-045/3065~3085
365,JL7007BEV04,熊猫Mini,797/807,4640,2700,0.174,候选已取证(B级),CAND-VL-046/3065~3085
365,LZW7007EVC1KBJ,五菱缤果,990,4470,2600,0.221,候选已取证(A级),CAND-VL-047/3950
366,JNJ7000EVF2,U2,1058,3840,2521,0.276,Issue#4清单值族·待取证(unknown),未见于PR#5候选55
366,JNJ7000EVF4,U2,928,3840,2521,0.242,Issue#4清单值族·待取证(unknown),未见于PR#5候选55
367,FZ7000BEV15,T03,995,4820,2800,0.206,Issue#4清单值族·待取证(unknown),未见于PR#5候选55
367,LZW7007EVC1KBJB,五菱缤果,990,4470,2600,0.221,候选已取证(A级),CAND-VL-050/3950
371,LZW7005EVA1,Airev,825,4470,2600,0.185,候选已取证(B级),CAND-VL-051/2599~2974
371,THZ7000BEVS11V,哪吒 Aya,1081,4680,2770,0.231,Issue#4清单值族·待取证(unknown),未见于PR#5候选55
373,HFC7000WEV17,"E·10X,花仙子",1000,4680,2720,0.214,Issue#4清单值族·待取证(unknown),未见于PR#5候选55
373,HFC7000WEV18,"E·10X,花仙子",1100,4680,2720,0.235,Issue#4清单值族·待取证(unknown),未见于PR#5候选55
373,THZ7000BEVS11W,哪吒AYA,1081,4070,2420,0.266,超出Issue#4清单·需扩容甄别,可能为合法微型车，需外部证据裁决
374,JL7007BEV05,熊猫mini,788/797,4640,2700,0.172,Issue#4清单值族·待取证(unknown),未见于PR#5候选55
374,JL7007BEV06,熊猫mini,788/797,4640,2700,0.172,Issue#4清单值族·待取证(unknown),未见于PR#5候选55
374,JL7007BEV07,熊猫mini,797/807,4640,2700,0.174,Issue#4清单值族·待取证(unknown),未见于PR#5候选55
374,JL7007BEV08,熊猫mini,788/797,4640,2700,0.172,Issue#4清单值族·待取证(unknown),未见于PR#5候选55
374,SC7001FATBEV,糯玉米,870,4640,2700,0.188,候选已取证(B级),CAND-VL-057/3270~3293
374,SC7001FAUBEV,糯玉米,930,4640,2700,0.2,候选已取证(B级),CAND-VL-058/3270~3293
377,JX7001ESNBEV,易至EV3,1020,4110,2390,0.248,Issue#4清单值族·待取证(unknown),未见于PR#5候选55
378,LZW7007EVA4,五菱缤果,1010,4470,2600,0.226,Issue#4清单值族·待取证(unknown),未见于PR#5候选55
380,FZ7000BEV16,T03,995,4820,2800,0.206,Issue#4清单值族·待取证(unknown),未见于PR#5候选55
383,HXK7000BEVA17,凌宝BOX,898,4220,2455,0.213,候选已取证(B级),CAND-VL-060/3460~3584
385,YGM7000BEVBD2,纯电动轿车,1080,5330,3100,0.203,超出Issue#4清单·需扩容甄别,可能为合法微型车，需外部证据裁决
385,YGM7000BEVBD3,纯电动轿车,1080,4630,2720,0.233,超出Issue#4清单·需扩容甄别,可能为合法微型车，需外部证据裁决
388,LZW7001EVE1,纯电动轿车,892,4470,2600,0.2,Issue#4清单值族·待取证(unknown),未见于PR#5候选55
388,SC7000AAAABEV,纯电动轿车,840,4640,2700,0.181,Issue#4清单值族·待取证(unknown),未见于PR#5候选55
388,SC7000AAABBEV,纯电动轿车,870,4640,2700,0.188,Issue#4清单值族·待取证(unknown),未见于PR#5候选55
389,HXK7000BEVA18,纯电动轿车,940,4220,2455,0.223,Issue#4清单值族·待取证(unknown),未见于PR#5候选55
389,HXK7000BEVA19,纯电动轿车,1015,4220,2455,0.241,Issue#4清单值族·待取证(unknown),未见于PR#5候选55
389,JX7001ESQBEV,纯电动轿车,1060,4110,2390,0.258,Issue#4清单值族·待取证(unknown),未见于PR#5候选55
391,BAW7000UBJ1BEV,L7H/L6H,830/820,5850,3400,0.142,候选已取证(C级),CAND-VL-065/3475
394,LZW7001BEVE2,五菱之光EV,1010,4470,2600,0.226,Issue#4清单值族·待取证(unknown),未见于PR#5候选55
395,JX7004ESCBEV,EV2,880,4110,2390,0.214,Issue#4清单值族·待取证(unknown),未见于PR#5候选55
395,SC7000AAAKBEV,糯玉米,855,4640,2700,0.184,候选已取证(B级),CAND-VL-067/3270~3293
395,SC7000AAALBEV,糯玉米,930,4640,2700,0.2,候选已取证(B级),CAND-VL-068/3270~3293
395,WHJ7000BEVHH122,拾月Mate,1025,4330,2520,0.237,超出Issue#4清单·需扩容甄别,可能为合法微型车，需外部证据裁决
396,SC7000AAASBEV,糯玉米,855,4640,2700,0.184,候选已取证(B级),CAND-VL-069/3270~3293
396,SC7000AAATBEV,糯玉米,930,4640,2700,0.2,候选已取证(B级),CAND-VL-070/3270~3293
398,LZW7001BEVE7,五菱之光EV,995,4470,2600,0.223,Issue#4清单值族·待取证(unknown),未见于PR#5候选55
406,WHJ7000BEVHH128,拾月max,1015,4330,2520,0.234,超出Issue#4清单·需扩容甄别,可能为合法微型车，需外部证据裁决
407,WHJ7000BEVHH129,拾月max,1090,4330,2520,0.252,超出Issue#4清单·需扩容甄别,可能为合法微型车，需外部证据裁决
409,CA7002B0EVE,奔腾小马,885,3810,2215,0.232,候选已取证(B级),CAND-VL-072/3000~3350
409,CA7002B0EVD,奔腾小马,885,3810,2215,0.232,候选已取证(B级),CAND-VL-073/3000~3350
409,CA7002B0EVC,奔腾小马,805,3810,2215,0.211,候选已取证(B级),CAND-VL-074/3000~3350
409,CA7002B0EVB,奔腾小马,805,3810,2215,0.211,候选已取证(B级),CAND-VL-075/3000~3350
409,CA7002B0EVA,奔腾小马,805,3810,2215,0.211,候选已取证(B级),CAND-VL-076/3000~3350
397,LZW7001BEVE4,五菱之光EV,995,4470,2600,0.223,Issue#4清单值族·待取证(unknown),未见于PR#5候选55
