批次,通用名称,细分市场,产品型号,原产品类型,修正后,依据来源
341,AION Y,SUV-B,GAM7000BEVD0E,纯电动轿车,纯电动运动型乘用车,广汽埃安官网：紧凑型SUV
341,AION Y,SUV-B,GAM7000BEVD0H,纯电动轿车,纯电动运动型乘用车,广汽埃安官网：紧凑型SUV
341,AION Y,SUV-B,GAM7000BEVD0L,纯电动轿车,纯电动运动型乘用车,广汽埃安官网：紧凑型SUV
341,AION Y,SUV-B,GAM7000BEVD0N,纯电动轿车,纯电动运动型乘用车,广汽埃安官网：紧凑型SUV
341,雷丁芒果,SUV-B,SQJ7001A2BEV,纯电动轿车,纯电动运动型乘用车,雷丁汽车：小型SUV/跨界车
341,哪吒V,SUV-B,THZ7000BEVS116,纯电动轿车,纯电动运动型乘用车,哪吒汽车官网/工信部公告：小型SUV
342,AION Y,SUV-B,GAM7000BEVD0J,纯电动轿车,纯电动运动型乘用车,广汽埃安官网：紧凑型SUV
342,AION Y,SUV-B,GAM7000BEVD0P,纯电动轿车,纯电动运动型乘用车,广汽埃安官网：紧凑型SUV
342,雷丁芒果,SUV-B,SQJ7001A1BEV,纯电动轿车,纯电动运动型乘用车,雷丁汽车：小型SUV/跨界车
342,雷丁芒果,SUV-B,SQJ7001A3BEV,纯电动轿车,纯电动运动型乘用车,雷丁汽车：小型SUV/跨界车
343,AION Y,SUV-B,GAM7000BEVD0R,纯电动轿车,纯电动运动型乘用车,广汽埃安官网：紧凑型SUV
343,雷丁芒果,SUV-B,SQJ7001A7BEV,纯电动轿车,纯电动运动型乘用车,雷丁汽车：小型SUV/跨界车
343,雷丁芒果,SUV-B,SQJ7001A8BEV,纯电动轿车,纯电动运动型乘用车,雷丁汽车：小型SUV/跨界车
343,雷丁芒果,SUV-B,SQJ7001A9BEV,纯电动轿车,纯电动运动型乘用车,雷丁汽车：小型SUV/跨界车
343,XC40,Lux SUV-2,VCC7003F04XBEV,纯电动轿车,纯电动运动型乘用车,沃尔沃官网：紧凑型SUV XC40 Recharge
344,哪吒V,SUV-B,THZ7000BEVS117,纯电动轿车,纯电动运动型乘用车,哪吒汽车官网/工信部公告：小型SUV
345,哪吒V,SUV-B,THZ7000BEVS118,纯电动轿车,纯电动运动型乘用车,哪吒汽车官网/工信部公告：小型SUV
345,哪吒V,SUV-B,THZ7000BEVS119,纯电动轿车,纯电动运动型乘用车,哪吒汽车官网/工信部公告：小型SUV
345,哪吒V,SUV-B,THZ7000BEVS11A,纯电动轿车,纯电动运动型乘用车,哪吒汽车官网/工信部公告：小型SUV
346,比亚迪元PLUS,SUV-B,BYD7003BEVA,纯电动轿车,纯电动运动型乘用车,比亚迪官网：小型SUV 元PLUS
346,比亚迪元PLUS,SUV-B,BYD7003BEVA1,纯电动轿车,纯电动运动型乘用车,比亚迪官网：小型SUV 元PLUS
346,AION Y,SUV-B,GAM7000BEVD0Q,纯电动轿车,纯电动运动型乘用车,广汽埃安官网：紧凑型SUV
346,G3i,SUV-C,NHQ7000BEVDP,纯电动轿车,纯电动运动型乘用车,小鹏汽车官网：紧凑型SUV G3i
346,G3i,SUV-C,NHQ7000BEVDQ,纯电动轿车,纯电动运动型乘用车,小鹏汽车官网：紧凑型SUV G3i
346,G3i,SUV-C,NHQ7000BEVDR,纯电动轿车,纯电动运动型乘用车,小鹏汽车官网：紧凑型SUV G3i
346,G3i,SUV-C,NHQ7000BEVDS,纯电动轿车,纯电动运动型乘用车,小鹏汽车官网：紧凑型SUV G3i
346,G3i,SUV-C,NHQ7000BEVDT,纯电动轿车,纯电动运动型乘用车,小鹏汽车官网：紧凑型SUV G3i
346,G3i,SUV-C,NHQ7000BEVDU,纯电动轿车,纯电动运动型乘用车,小鹏汽车官网：紧凑型SUV G3i
346,G3i,SUV-C,NHQ7000BEVDV,纯电动轿车,纯电动运动型乘用车,小鹏汽车官网：紧凑型SUV G3i
347,哪吒V,SUV-B,THZ7000BEVS11B,纯电动轿车,纯电动运动型乘用车,哪吒汽车官网/工信部公告：小型SUV
348,G3i,SUV-C,NHQ7000BEVDW,纯电动轿车,纯电动运动型乘用车,小鹏汽车官网：紧凑型SUV G3i
348,XC40,Lux SUV-2,VCC7003F03XBEV,纯电动轿车,纯电动运动型乘用车,沃尔沃官网：紧凑型SUV XC40 Recharge
349,比亚迪元PLUS,SUV-C,BYD7003BEVA2,纯电动轿车,纯电动运动型乘用车,比亚迪官网：小型SUV 元PLUS
349,比亚迪元PLUS,SUV-B,BYD7003BEVA3,纯电动轿车,纯电动运动型乘用车,比亚迪官网：小型SUV 元PLUS
351,哪吒V,SUV-B,THZ7000BEVS11C,纯电动轿车,纯电动运动型乘用车,哪吒汽车官网/工信部公告：小型SUV
351,哪吒V,SUV-B,THZ7000BEVS11D,纯电动轿车,纯电动运动型乘用车,哪吒汽车官网/工信部公告：小型SUV
353,AION Y,SUV-B,GAM7000BEVD0T,纯电动轿车,纯电动运动型乘用车,广汽埃安官网：紧凑型SUV
354,AION Y,SUV-B,GAM7000BEVD0U,纯电动轿车,纯电动运动型乘用车,广汽埃安官网：紧凑型SUV
354,哪吒V,SUV-B,THZ7000BEVS11F,纯电动轿车,纯电动运动型乘用车,哪吒汽车官网/工信部公告：小型SUV
354,XC40,Lux SUV-2,VCC7003F02XBEV,纯电动轿车,纯电动运动型乘用车,沃尔沃官网：紧凑型SUV XC40 Recharge
354,C40,Lux SUV-2,VCC7003F41XBEV,纯电动轿车,纯电动运动型乘用车,沃尔沃官网：紧凑型纯电SUV C40 Recharge
354,C40,Lux SUV-2,VCC7003F42XBEV,纯电动轿车,纯电动运动型乘用车,沃尔沃官网：紧凑型纯电SUV C40 Recharge
355,雷丁芒果,Car-B,SQJ7001YAC1BEV,纯电动轿车,纯电动运动型乘用车,雷丁汽车：小型SUV/跨界车
355,雷丁芒果,Car-A,SQJ7002YAC1BEV,纯电动轿车,纯电动运动型乘用车,雷丁汽车：小型SUV/跨界车
355,雷丁芒果,Car-A,SQJ7002YACBEV,纯电动轿车,纯电动运动型乘用车,雷丁汽车：小型SUV/跨界车
356,雷丁芒果,Car-B,SQJ7001YAC2BEV,纯电动轿车,纯电动运动型乘用车,雷丁汽车：小型SUV/跨界车
356,哪吒V,SUV-B,THZ7000BEVS11E,纯电动轿车,纯电动运动型乘用车,哪吒汽车官网/工信部公告：小型SUV
357,哪吒V,SUV-B,THZ7000BEVS11G,纯电动轿车,纯电动运动型乘用车,哪吒汽车官网/工信部公告：小型SUV
359,G3i,SUV-C,NHQ7000BEVDX,纯电动轿车,纯电动运动型乘用车,小鹏汽车官网：紧凑型SUV G3i
359,雷丁芒果,Car-A,SQJ7002YAC2BEV,纯电动轿车,纯电动运动型乘用车,雷丁汽车：小型SUV/跨界车
359,雷丁芒果,Car-A,SQJ7002YAC3BEV,纯电动轿车,纯电动运动型乘用车,雷丁汽车：小型SUV/跨界车
359,雷丁芒果,Car-A,SQJ7002YAC4BEV,纯电动轿车,纯电动运动型乘用车,雷丁汽车：小型SUV/跨界车
361,哪吒V,SUV-B,THZ7000BEVS11H,纯电动轿车,纯电动运动型乘用车,哪吒汽车官网/工信部公告：小型SUV
361,哪吒V,SUV-B,THZ7000BEVS11J,纯电动轿车,纯电动运动型乘用车,哪吒汽车官网/工信部公告：小型SUV
361,哪吒V,SUV-B,THZ7000BEVS11K,纯电动轿车,纯电动运动型乘用车,哪吒汽车官网/工信部公告：小型SUV
366,哪吒V,Car-B,THZ7000BEVS11M,纯电动轿车,纯电动运动型乘用车,哪吒汽车官网/工信部公告：小型SUV
367,云兔,SUV-B,YDE7000BEV1S,纯电动轿车,纯电动运动型乘用车,云度汽车：小型SUV 云兔
367,云兔,SUV-B,YDE7000BEV1T,纯电动轿车,纯电动运动型乘用车,云度汽车：小型SUV 云兔
368,极氪X,SUV-C,MR7005BEV05,纯电动轿车,纯电动运动型乘用车,极氪官网：紧凑型SUV 极氪X
368,极氪X,SUV-C,MR7005BEV07,纯电动轿车,纯电动运动型乘用车,极氪官网：紧凑型SUV 极氪X
368,极氪X,SUV-C,MR7005BEV09,纯电动轿车,纯电动运动型乘用车,极氪官网：紧凑型SUV 极氪X
368,C40,Lux SUV-2,VCC7003F05XBEV,纯电动轿车,纯电动运动型乘用车,沃尔沃官网：紧凑型纯电SUV C40 Recharge
368,C40,Lux SUV-2,VCC7003F43XBEV,纯电动轿车,纯电动运动型乘用车,沃尔沃官网：紧凑型纯电SUV C40 Recharge
369,XC40,Lux SUV-2,VCC7003F06XBEV,纯电动轿车,纯电动运动型乘用车,沃尔沃官网：紧凑型SUV XC40 Recharge
369,XC40,Lux SUV-2,VCC7003F07XBEV,纯电动轿车,纯电动运动型乘用车,沃尔沃官网：紧凑型SUV XC40 Recharge
369,C40,Lux SUV-2,VCC7003F44XBEV,纯电动轿车,纯电动运动型乘用车,沃尔沃官网：紧凑型纯电SUV C40 Recharge
369,C40,Lux SUV-2,VCC7003F45XBEV,纯电动轿车,纯电动运动型乘用车,沃尔沃官网：紧凑型纯电SUV C40 Recharge
371,极氪X,SUV-C,MR7005BEV06,纯电动轿车,纯电动运动型乘用车,极氪官网：紧凑型SUV 极氪X
371,极氪X,SUV-C,MR7005BEV08,纯电动轿车,纯电动运动型乘用车,极氪官网：紧凑型SUV 极氪X
371,极氪X,SUV-C,MR7005BEV10,纯电动轿车,纯电动运动型乘用车,极氪官网：紧凑型SUV 极氪X
371,哪吒 Aya,SUV-B,THZ7000BEVS11S,纯电动轿车,纯电动运动型乘用车,哪吒汽车官网：小型SUV
371,哪吒 Aya,SUV-B,THZ7000BEVS11T,纯电动轿车,纯电动运动型乘用车,哪吒汽车官网：小型SUV
371,哪吒 Aya,SUV-B,THZ7000BEVS11U,纯电动轿车,纯电动运动型乘用车,哪吒汽车官网：小型SUV
371,哪吒 Aya,SUV-B,THZ7000BEVS11V,纯电动轿车,纯电动运动型乘用车,哪吒汽车官网：小型SUV
373,哪吒AYA,SUV-B,THZ7000BEVS11Q,纯电动轿车,纯电动运动型乘用车,哪吒汽车官网：小型SUV
373,哪吒AYA,SUV-B,THZ7000BEVS11R,纯电动轿车,纯电动运动型乘用车,哪吒汽车官网：小型SUV
373,哪吒AYA,SUV-B,THZ7000BEVS11W,纯电动轿车,纯电动运动型乘用车,哪吒汽车官网：小型SUV
373,哪吒AYA,SUV-B,THZ7000BEVS11X,纯电动轿车,纯电动运动型乘用车,哪吒汽车官网：小型SUV
373,云兔,SUV-B,YDE7000BEV1U,纯电动轿车,纯电动运动型乘用车,云度汽车：小型SUV 云兔
375,EX30,SUV-B,VCC7006F012BEV,纯电动轿车,纯电动运动型乘用车,沃尔沃官网：小型纯电SUV EX30
375,EX30,SUV-B,VCC7006F022BEV,纯电动轿车,纯电动运动型乘用车,沃尔沃官网：小型纯电SUV EX30
375,EX30,SUV-B,VCC7006F032BEV,纯电动轿车,纯电动运动型乘用车,沃尔沃官网：小型纯电SUV EX30
375,云兔,Car-B,YDE7000BEV1V,纯电动轿车,纯电动运动型乘用车,云度汽车：小型SUV 云兔
377,哪吒AYA,SUV-B,THZ7001BEVS113,纯电动轿车,纯电动运动型乘用车,哪吒汽车官网：小型SUV
377,哪吒AYA,SUV-B,THZ7001BEVS114,纯电动轿车,纯电动运动型乘用车,哪吒汽车官网：小型SUV
390,比亚迪海狮07,SUV-D,BYD6492ST6HEV1,插电式混合动力轿车,插电式混合动力运动型乘用车,比亚迪官网：中型SUV 海狮07
390,比亚迪海狮07,SUV-D,BYD6492ST6HEV2,插电式混合动力轿车,插电式混合动力运动型乘用车,比亚迪官网：中型SUV 海狮07
390,比亚迪海狮07,SUV-D,BYD6492ST6HEV3,插电式混合动力轿车,插电式混合动力运动型乘用车,比亚迪官网：中型SUV 海狮07
390,比亚迪海狮07,SUV-D,BYD6492ST6HEV4,插电式混合动力轿车,插电式混合动力运动型乘用车,比亚迪官网：中型SUV 海狮07
390,GL8/GL8 LS,MPV-D,SGM6524UACHEV,插电式混合动力轿车,插电式混合动力多用途乘用车,别克官网：GL8 系列
391,比亚迪唐L,SUV-D,BYD6500AJHEV2,插电式混合动力轿车,插电式混合动力运动型乘用车,比亚迪官网：中大型SUV 唐L
391,比亚迪唐L,SUV-D,BYD6500AJHEV3,插电式混合动力轿车,插电式混合动力运动型乘用车,比亚迪官网：中大型SUV 唐L
391,比亚迪唐L,SUV-D,BYD6500AJHEV4,插电式混合动力轿车,插电式混合动力运动型乘用车,比亚迪官网：中大型SUV 唐L
391,比亚迪唐L,SUV-D,BYD6500AJHEV5,插电式混合动力轿车,插电式混合动力运动型乘用车,比亚迪官网：中大型SUV 唐L
392,魏牌高山,MPV-D,CC6500BD23BPHEV,插电式混合动力轿车,插电式混合动力多用途乘用车,长城魏牌官网：中大型MPV 高山
392,魏牌高山,MPV-D,CC6531BD23BPHEV,插电式混合动力轿车,插电式混合动力多用途乘用车,长城魏牌官网：中大型MPV 高山
392,魏牌高山,MPV-D,CC6531BD23DPHEV,插电式混合动力轿车,插电式混合动力多用途乘用车,长城魏牌官网：中大型MPV 高山
392,魏牌高山,MPV-D,CC6542BD23DPHEV,插电式混合动力轿车,插电式混合动力多用途乘用车,长城魏牌官网：中大型MPV 高山
393,哈弗猛龙,SUV-C,CC6480CW23CPHEV,插电式混合动力轿车,插电式混合动力运动型乘用车,长城哈弗官网：紧凑型SUV 猛龙
393,哈弗猛龙,SUV-C,CC6480CW23FPHEV,插电式混合动力轿车,插电式混合动力运动型乘用车,长城哈弗官网：紧凑型SUV 猛龙
393,哈弗猛龙,SUV-C,CC6480CW23GPHEV,插电式混合动力轿车,插电式混合动力运动型乘用车,长城哈弗官网：紧凑型SUV 猛龙
394,比亚迪海狮06,SUV-C,BYD6480AMHEV1,插电式混合动力轿车,插电式混合动力运动型乘用车,比亚迪官网：紧凑型SUV 海狮06
394,比亚迪海狮06,SUV-C,BYD6480AMHEV2,插电式混合动力轿车,插电式混合动力运动型乘用车,比亚迪官网：紧凑型SUV 海狮06
394,比亚迪海狮06,SUV-C,BYD6480AMHEV4,插电式混合动力轿车,插电式混合动力运动型乘用车,比亚迪官网：紧凑型SUV 海狮06
394,GL8 ENCASA,MPV-D,SGM6536UACHEV,插电式混合动力轿车,插电式混合动力多用途乘用车,别克官网：GL8 陆尊 PHEV
394,GL8 ENCASA,MPV-D,SGM6536UBCHEV,插电式混合动力轿车,插电式混合动力多用途乘用车,别克官网：GL8 陆尊 PHEV
394,GL8 ENCASA,MPV-D,SGM6536UCCHEV,插电式混合动力轿车,插电式混合动力多用途乘用车,别克官网：GL8 陆尊 PHEV
396,比亚迪海狮06,SUV-C,BYD6480AMHEV5,插电式混合动力轿车,插电式混合动力运动型乘用车,比亚迪官网：紧凑型SUV 海狮06
396,岚图梦想家,MPV-D,EQ6530AL5F1CHEV,插电式混合动力轿车,插电式混合动力多用途乘用车,岚图汽车官网：中大型MPV 梦想家
396,岚图梦想家,MPV-D,EQ6534AL5F2CHEV,插电式混合动力轿车,插电式混合动力多用途乘用车,岚图汽车官网：中大型MPV 梦想家
396,岚图梦想家,MPV-D,EQ6535AL5F2CHEV,插电式混合动力轿车,插电式混合动力多用途乘用车,岚图汽车官网：中大型MPV 梦想家
396,岚图梦想家,MPV-D,EQ6536AL5F2CHEV,插电式混合动力轿车,插电式混合动力多用途乘用车,岚图汽车官网：中大型MPV 梦想家
396,GL8/GL8 LS,MPV-D,SGM6524UCCHEV,插电式混合动力轿车,插电式混合动力多用途乘用车,别克官网：GL8 系列
401,哈弗猛龙,SUV-C, CC6480CW23NPHEV ,插电式混合动力轿车,插电式混合动力运动型乘用车,长城哈弗官网：紧凑型SUV 猛龙
401,山海T2,SUV-D, SQR6480CHEVT1J1 ,插电式混合动力轿车,插电式混合动力运动型乘用车,捷途汽车官网：紧凑型SUV 山海T2
401,旅行者,SUV-D, SQR6480CHEVT1J2 ,插电式混合动力轿车,插电式混合动力运动型乘用车,捷途汽车官网：紧凑型SUV 旅行者
401,山海T2,SUV-D, SQR6484CHEVT1J ,插电式混合动力轿车,插电式混合动力运动型乘用车,捷途汽车官网：紧凑型SUV 山海T2
401,山海T2,SUV-D, SQR6485CHEVT1J ,插电式混合动力轿车,插电式混合动力运动型乘用车,捷途汽车官网：紧凑型SUV 山海T2
401,山海T2,SUV-D, SQR6500CHEVT1J1 ,插电式混合动力轿车,插电式混合动力运动型乘用车,捷途汽车官网：紧凑型SUV 山海T2
403,比亚迪海狮06,SUV-C, BYD6480AMBEV3 ,纯电动轿车,纯电动运动型乘用车,比亚迪官网：紧凑型SUV 海狮06
