candidate_id,issue_id,entity_type,vehicle_id,product_model,manufacturer,brand,series_name,announcement_batch,field_name,unit,current_value,candidate_value,candidate_range,status,evidence_level,evidence_ref,issue_flag,review_note
CAND-A2-001,A2,Vehicle,PM:JL7007BEV02,JL7007BEV02,浙江豪情汽车制造有限公司,几何牌,熊猫Mini,365,车长,mm,4640,,3065~3150,candidate,B,EVID-A2-001,cross_vehicle_propagation,真值随版本 3065~3150mm，须按型号对应版本定值。底表4640为错误值。
CAND-A2-002,A2,Vehicle,PM:JL7007BEV02,JL7007BEV02,浙江豪情汽车制造有限公司,几何牌,熊猫Mini,365,轴距,mm,2700,,2015,candidate,B,EVID-A2-002,cross_vehicle_propagation,轴距2015mm在熊猫Mini全系高度一致，可高置信直接定值。
CAND-A2-003,A2,Vehicle,PM:JL7007BEV04,JL7007BEV04,浙江豪情汽车制造有限公司,几何牌,熊猫Mini,365,车长,mm,4640,,3065~3150,candidate,B,EVID-A2-003,cross_vehicle_propagation,真值随版本 3065~3150mm，须按型号对应版本定值。底表4640为错误值。
CAND-A2-004,A2,Vehicle,PM:JL7007BEV04,JL7007BEV04,浙江豪情汽车制造有限公司,几何牌,熊猫Mini,365,轴距,mm,2700,,2015,candidate,B,EVID-A2-004,cross_vehicle_propagation,轴距2015mm在熊猫Mini全系高度一致，可高置信直接定值。
CAND-A2-005,A2,Vehicle,PM:JL7007BEV05,JL7007BEV05,浙江豪情汽车制造有限公司,几何牌,熊猫Mini,374,车长,mm,4640,,3065~3150,candidate,B,EVID-A2-005,cross_vehicle_propagation,真值随版本 3065~3150mm，须按型号对应版本定值。底表4640为错误值。
CAND-A2-006,A2,Vehicle,PM:JL7007BEV05,JL7007BEV05,浙江豪情汽车制造有限公司,几何牌,熊猫Mini,374,轴距,mm,2700,,2015,candidate,B,EVID-A2-006,cross_vehicle_propagation,轴距2015mm在熊猫Mini全系高度一致，可高置信直接定值。
CAND-A2-007,A2,Vehicle,PM:JL7007BEV06,JL7007BEV06,浙江豪情汽车制造有限公司,几何牌,熊猫Mini,374,车长,mm,4640,,3065~3150,candidate,B,EVID-A2-007,cross_vehicle_propagation,真值随版本 3065~3150mm，须按型号对应版本定值。底表4640为错误值。
CAND-A2-008,A2,Vehicle,PM:JL7007BEV06,JL7007BEV06,浙江豪情汽车制造有限公司,几何牌,熊猫Mini,374,轴距,mm,2700,,2015,candidate,B,EVID-A2-008,cross_vehicle_propagation,轴距2015mm在熊猫Mini全系高度一致，可高置信直接定值。
CAND-A2-009,A2,Vehicle,PM:JL7007BEV07,JL7007BEV07,浙江豪情汽车制造有限公司,几何牌,熊猫Mini,374,车长,mm,4640,,3065~3150,candidate,B,EVID-A2-009,cross_vehicle_propagation,真值随版本 3065~3150mm，须按型号对应版本定值。底表4640为错误值。
CAND-A2-010,A2,Vehicle,PM:JL7007BEV07,JL7007BEV07,浙江豪情汽车制造有限公司,几何牌,熊猫Mini,374,轴距,mm,2700,,2015,candidate,B,EVID-A2-010,cross_vehicle_propagation,轴距2015mm在熊猫Mini全系高度一致，可高置信直接定值。
CAND-A2-011,A2,Vehicle,PM:JL7007BEV08,JL7007BEV08,浙江豪情汽车制造有限公司,几何牌,熊猫Mini,374,车长,mm,4640,,3065~3150,candidate,B,EVID-A2-011,cross_vehicle_propagation,真值随版本 3065~3150mm，须按型号对应版本定值。底表4640为错误值。
CAND-A2-012,A2,Vehicle,PM:JL7007BEV08,JL7007BEV08,浙江豪情汽车制造有限公司,几何牌,熊猫Mini,374,轴距,mm,2700,,2015,candidate,B,EVID-A2-012,cross_vehicle_propagation,轴距2015mm在熊猫Mini全系高度一致，可高置信直接定值。
CAND-A3-013,A3,Vehicle,PM:BAW7000UBJ1BEV,BAW7000UBJ1BEV,北京汽车制造厂有限公司,燕铃牌,L7H/L6H,391,车长,mm,5850,,3475,candidate,C,EVID-A3-013,cross_vehicle_propagation,暂定C级（经转述），可回溯工信部390批原件升A。底表5850为错误值。
CAND-A3-014,A3,Vehicle,PM:BAW7000UBJ1BEV,BAW7000UBJ1BEV,北京汽车制造厂有限公司,燕铃牌,L7H/L6H,391,轴距,mm,3400,,2240,candidate,C,EVID-A3-014,cross_vehicle_propagation,同上。
CAND-A3-015,A3,Vehicle,PM:BAW7000UBJ1BEV,BAW7000UBJ1BEV,北京汽车制造厂有限公司,燕铃牌,L7H/L6H,391,电机总功率/扭矩,kW/N·m,180,,30,candidate,C,EVID-A3-015,cross_vehicle_propagation,官方为 30kW 后置单电机；底表 180 疑与他车型串位。同时底表「后电机150/310」与知豆 LZD7001BEV20 完全相同且同属 TZ160X15H 电机型号族 → 疑跨车型串位。
CAND-A3-016,A3,Vehicle,PM:BAW7000UBJ1BEV,BAW7000UBJ1BEV,北京汽车制造厂有限公司,燕铃牌,L7H/L6H,391,后电机功率/扭矩,kW/N·m,150/310,,（应为空：单电机车型）,candidate,C,EVID-A3-016,cross_vehicle_propagation,官方为单电机后驱，不应有后电机独立值。须与知豆 LZD7001BEV20 联动核查串位来源。
CAND-A4-017,A4,Vehicle,PM:BYD7153WT6HEV2,BYD7153WT6HEV2,比亚迪汽车工业有限公司,比亚迪牌,插电式混合动力轿车,380,车长,mm,5020,,待380批官方原文,unknown,,,series_deviation,⚠️ **不得直接套用 409 批值**：底表为 380 批（2024）版本，与 409 批存在代际差异。同系列参考值 秦PLUS/秦L DM-i 同系列（409批公示），但须以 **380 批官方公告原文**复核后再定值。
CAND-A4-018,A4,Vehicle,PM:BYD7153WT6HEV2,BYD7153WT6HEV2,比亚迪汽车工业有限公司,比亚迪牌,插电式混合动力轿车,380,轴距,mm,2920,,待380批官方原文,unknown,,,series_deviation,⚠️ **不得直接套用 409 批值**：底表为 380 批（2024）版本，与 409 批存在代际差异。同系列参考值 同上，但须以 **380 批官方公告原文**复核后再定值。
CAND-A4-019,A4,Vehicle,PM:BYD7153WT6HEV2,BYD7153WT6HEV2,比亚迪汽车工业有限公司,比亚迪牌,插电式混合动力轿车,380,整备质量(kg),kg,2075,,待380批官方原文,unknown,,,series_deviation,⚠️ **不得直接套用 409 批值**：底表为 380 批（2024）版本，与 409 批存在代际差异。同系列参考值 同上，BYD7153WT6HEV13=1610 / HEV14=1520，但须以 **380 批官方公告原文**复核后再定值。
CAND-A4-020,A4,Vehicle,PM:BYD7153WT6HEV2,BYD7153WT6HEV2,比亚迪汽车工业有限公司,比亚迪牌,插电式混合动力轿车,380,电池容量(kWh),kWh,44.2,,待380批官方原文,unknown,,,series_deviation,⚠️ **不得直接套用 409 批值**：底表为 380 批（2024）版本，与 409 批存在代际差异。同系列参考值 同系列不同版本（15.87 / 20.79 kWh），但须以 **380 批官方公告原文**复核后再定值。
CAND-A4-021,A4,Vehicle,PM:BYD7153WT6HEV2,BYD7153WT6HEV2,比亚迪汽车工业有限公司,比亚迪牌,插电式混合动力轿车,380,电机总功率/扭矩,kW/N·m,160,,待380批官方原文,unknown,,,series_deviation,⚠️ **不得直接套用 409 批值**：底表为 380 批（2024）版本，与 409 批存在代际差异。同系列参考值 同系列峰值功率 120kW，但须以 **380 批官方公告原文**复核后再定值。
CAND-A5-022,A5,Vehicle,PM:MR7151DCHEV131,MR7151DCHEV131,浙江吉利汽车有限公司,吉利牌,银河A7,411,后电机功率/扭矩,kW/N·m,100/320,,（应为空，见备注）,conflicted,A,EVID-A5-017,invariant_violation,不变量冲突：前175 + 后100 = 275 ≠ 总175，违反「前+后=总」。云端 v4.7.4 声称已将「后」改为空，但当前 v4.8.5 数据中仍为 100/320 → **声称的修正未落盘**（流程性缺陷）。建议核查该行 git 变更历史。
CAND-A5-023,A5,Vehicle,PM:MR7151DCHEV131,MR7151DCHEV131,浙江吉利汽车有限公司,吉利牌,银河A7,411,电机总功率/扭矩,kW/N·m,175/262,175/262,175/262,candidate,A,EVID-A5-018,invariant_violation,总功率 175/262 与云端 v4.7.4 记录一致，可保留；冲突集中在前/后电机分列。
