evidence_id,entity_type,entity_id,field_name,source_name,source_url,source_date,retrieved_at,evidence_level,extraction_method,quoted_or_extracted_value,verification_status,review_note
EVID-A2-001,Vehicle,JL7007BEV02,车长,汽车之家 熊猫mini 参数配置库（与百度百科互证）,https://www.autohome.com.cn/config/series/6924.html,产品现行在售版本,2026-09-17,B,行业参数数据库读取（多版本：2024款耐力熊/2025款元气熊/熊猫卡丁/熊猫骑士）,2024款200km耐力熊 长3065mm/轴距2015mm；2025款210km元气熊 长3085mm/轴距2015mm；熊猫卡丁 长3150mm；熊猫骑士 长3135mm；整备质量 815kg（200km版）,candidate,真值随版本 3065~3150mm，须按型号对应版本定值。底表4640为错误值。
EVID-A2-002,Vehicle,JL7007BEV02,轴距,汽车之家 熊猫mini 参数配置库（与百度百科互证）,https://www.autohome.com.cn/config/series/6924.html,产品现行在售版本,2026-09-17,B,行业参数数据库读取（多版本：2024款耐力熊/2025款元气熊/熊猫卡丁/熊猫骑士）,2024款200km耐力熊 长3065mm/轴距2015mm；2025款210km元气熊 长3085mm/轴距2015mm；熊猫卡丁 长3150mm；熊猫骑士 长3135mm；整备质量 815kg（200km版）,candidate,轴距2015mm在熊猫Mini全系高度一致，可高置信直接定值。
EVID-A2-003,Vehicle,JL7007BEV04,车长,汽车之家 熊猫mini 参数配置库（与百度百科互证）,https://www.autohome.com.cn/config/series/6924.html,产品现行在售版本,2026-09-17,B,行业参数数据库读取（多版本：2024款耐力熊/2025款元气熊/熊猫卡丁/熊猫骑士）,2024款200km耐力熊 长3065mm/轴距2015mm；2025款210km元气熊 长3085mm/轴距2015mm；熊猫卡丁 长3150mm；熊猫骑士 长3135mm；整备质量 815kg（200km版）,candidate,真值随版本 3065~3150mm，须按型号对应版本定值。底表4640为错误值。
EVID-A2-004,Vehicle,JL7007BEV04,轴距,汽车之家 熊猫mini 参数配置库（与百度百科互证）,https://www.autohome.com.cn/config/series/6924.html,产品现行在售版本,2026-09-17,B,行业参数数据库读取（多版本：2024款耐力熊/2025款元气熊/熊猫卡丁/熊猫骑士）,2024款200km耐力熊 长3065mm/轴距2015mm；2025款210km元气熊 长3085mm/轴距2015mm；熊猫卡丁 长3150mm；熊猫骑士 长3135mm；整备质量 815kg（200km版）,candidate,轴距2015mm在熊猫Mini全系高度一致，可高置信直接定值。
EVID-A2-005,Vehicle,JL7007BEV05,车长,汽车之家 熊猫mini 参数配置库（与百度百科互证）,https://www.autohome.com.cn/config/series/6924.html,产品现行在售版本,2026-09-17,B,行业参数数据库读取（多版本：2024款耐力熊/2025款元气熊/熊猫卡丁/熊猫骑士）,2024款200km耐力熊 长3065mm/轴距2015mm；2025款210km元气熊 长3085mm/轴距2015mm；熊猫卡丁 长3150mm；熊猫骑士 长3135mm；整备质量 815kg（200km版）,candidate,真值随版本 3065~3150mm，须按型号对应版本定值。底表4640为错误值。
EVID-A2-006,Vehicle,JL7007BEV05,轴距,汽车之家 熊猫mini 参数配置库（与百度百科互证）,https://www.autohome.com.cn/config/series/6924.html,产品现行在售版本,2026-09-17,B,行业参数数据库读取（多版本：2024款耐力熊/2025款元气熊/熊猫卡丁/熊猫骑士）,2024款200km耐力熊 长3065mm/轴距2015mm；2025款210km元气熊 长3085mm/轴距2015mm；熊猫卡丁 长3150mm；熊猫骑士 长3135mm；整备质量 815kg（200km版）,candidate,轴距2015mm在熊猫Mini全系高度一致，可高置信直接定值。
EVID-A2-007,Vehicle,JL7007BEV06,车长,汽车之家 熊猫mini 参数配置库（与百度百科互证）,https://www.autohome.com.cn/config/series/6924.html,产品现行在售版本,2026-09-17,B,行业参数数据库读取（多版本：2024款耐力熊/2025款元气熊/熊猫卡丁/熊猫骑士）,2024款200km耐力熊 长3065mm/轴距2015mm；2025款210km元气熊 长3085mm/轴距2015mm；熊猫卡丁 长3150mm；熊猫骑士 长3135mm；整备质量 815kg（200km版）,candidate,真值随版本 3065~3150mm，须按型号对应版本定值。底表4640为错误值。
EVID-A2-008,Vehicle,JL7007BEV06,轴距,汽车之家 熊猫mini 参数配置库（与百度百科互证）,https://www.autohome.com.cn/config/series/6924.html,产品现行在售版本,2026-09-17,B,行业参数数据库读取（多版本：2024款耐力熊/2025款元气熊/熊猫卡丁/熊猫骑士）,2024款200km耐力熊 长3065mm/轴距2015mm；2025款210km元气熊 长3085mm/轴距2015mm；熊猫卡丁 长3150mm；熊猫骑士 长3135mm；整备质量 815kg（200km版）,candidate,轴距2015mm在熊猫Mini全系高度一致，可高置信直接定值。
EVID-A2-009,Vehicle,JL7007BEV07,车长,汽车之家 熊猫mini 参数配置库（与百度百科互证）,https://www.autohome.com.cn/config/series/6924.html,产品现行在售版本,2026-09-17,B,行业参数数据库读取（多版本：2024款耐力熊/2025款元气熊/熊猫卡丁/熊猫骑士）,2024款200km耐力熊 长3065mm/轴距2015mm；2025款210km元气熊 长3085mm/轴距2015mm；熊猫卡丁 长3150mm；熊猫骑士 长3135mm；整备质量 815kg（200km版）,candidate,真值随版本 3065~3150mm，须按型号对应版本定值。底表4640为错误值。
EVID-A2-010,Vehicle,JL7007BEV07,轴距,汽车之家 熊猫mini 参数配置库（与百度百科互证）,https://www.autohome.com.cn/config/series/6924.html,产品现行在售版本,2026-09-17,B,行业参数数据库读取（多版本：2024款耐力熊/2025款元气熊/熊猫卡丁/熊猫骑士）,2024款200km耐力熊 长3065mm/轴距2015mm；2025款210km元气熊 长3085mm/轴距2015mm；熊猫卡丁 长3150mm；熊猫骑士 长3135mm；整备质量 815kg（200km版）,candidate,轴距2015mm在熊猫Mini全系高度一致，可高置信直接定值。
EVID-A2-011,Vehicle,JL7007BEV08,车长,汽车之家 熊猫mini 参数配置库（与百度百科互证）,https://www.autohome.com.cn/config/series/6924.html,产品现行在售版本,2026-09-17,B,行业参数数据库读取（多版本：2024款耐力熊/2025款元气熊/熊猫卡丁/熊猫骑士）,2024款200km耐力熊 长3065mm/轴距2015mm；2025款210km元气熊 长3085mm/轴距2015mm；熊猫卡丁 长3150mm；熊猫骑士 长3135mm；整备质量 815kg（200km版）,candidate,真值随版本 3065~3150mm，须按型号对应版本定值。底表4640为错误值。
EVID-A2-012,Vehicle,JL7007BEV08,轴距,汽车之家 熊猫mini 参数配置库（与百度百科互证）,https://www.autohome.com.cn/config/series/6924.html,产品现行在售版本,2026-09-17,B,行业参数数据库读取（多版本：2024款耐力熊/2025款元气熊/熊猫卡丁/熊猫骑士）,2024款200km耐力熊 长3065mm/轴距2015mm；2025款210km元气熊 长3085mm/轴距2015mm；熊猫卡丁 长3150mm；熊猫骑士 长3135mm；整备质量 815kg（200km版）,candidate,轴距2015mm在熊猫Mini全系高度一致，可高置信直接定值。
EVID-A3-013,Vehicle,BAW7000UBJ1BEV,车长,工信部第390批《道路机动车辆生产企业及产品公告》（经 IT之家/中关村在线/搜狐 转述，多源一致）,https://www.ithome.com/0/816/716.htm ; https://auto.zol.com.cn/926/9266679.html,2024-12-10（390批公示）,2026-09-17,C,媒体转述官方公告数据（三源一致）,长宽高 3475×1585×1575mm，轴距 2240mm，整备质量 830kg，30kW 后置单电机后轮驱动，最高车速100km/h,candidate,暂定C级（经转述），可回溯工信部390批原件升A。底表5850为错误值。
EVID-A3-014,Vehicle,BAW7000UBJ1BEV,轴距,工信部第390批《道路机动车辆生产企业及产品公告》（经 IT之家/中关村在线/搜狐 转述，多源一致）,https://www.ithome.com/0/816/716.htm ; https://auto.zol.com.cn/926/9266679.html,2024-12-10（390批公示）,2026-09-17,C,媒体转述官方公告数据（三源一致）,长宽高 3475×1585×1575mm，轴距 2240mm，整备质量 830kg，30kW 后置单电机后轮驱动，最高车速100km/h,candidate,同上。
EVID-A3-015,Vehicle,BAW7000UBJ1BEV,电机总功率/扭矩,工信部第390批《道路机动车辆生产企业及产品公告》（经 IT之家/中关村在线/搜狐 转述，多源一致）,https://www.ithome.com/0/816/716.htm ; https://auto.zol.com.cn/926/9266679.html,2024-12-10（390批公示）,2026-09-17,C,媒体转述官方公告数据（三源一致）,长宽高 3475×1585×1575mm，轴距 2240mm，整备质量 830kg，30kW 后置单电机后轮驱动，最高车速100km/h,candidate,官方为 30kW 后置单电机；底表 180 疑与他车型串位。同时底表「后电机150/310」与知豆 LZD7001BEV20 完全相同且同属 TZ160X15H 电机型号族 → 疑跨车型串位。
EVID-A3-016,Vehicle,BAW7000UBJ1BEV,后电机功率/扭矩,工信部第390批《道路机动车辆生产企业及产品公告》（经 IT之家/中关村在线/搜狐 转述，多源一致）,https://www.ithome.com/0/816/716.htm ; https://auto.zol.com.cn/926/9266679.html,2024-12-10（390批公示）,2026-09-17,C,媒体转述官方公告数据（三源一致）,长宽高 3475×1585×1575mm，轴距 2240mm，整备质量 830kg，30kW 后置单电机后轮驱动，最高车速100km/h,candidate,官方为单电机后驱，不应有后电机独立值。须与知豆 LZD7001BEV20 联动核查串位来源。
EVID-A5-017,Vehicle,MR7151DCHEV131,后电机功率/扭矩,云端仓库 CHANGELOG.md v4.7.4 记录（本仓库自身权威版本记录）,https://github.com/coolcat0125/TA-Analysis/blob/main/CHANGELOG.md,2026-09-13（v4.7.4）,2026-09-17,A,版本记录比对（云端声称的修正与实际数据不一致）,CHANGELOG v4.7.4：『411 批银河A7（MR7151DCHEV131）电机三格官方佐证改值（媒体橙）：前79/后100/总160 → 前175/262·后空·总175/262』,conflicted,不变量冲突：前175 + 后100 = 275 ≠ 总175，违反「前+后=总」。云端 v4.7.4 声称已将「后」改为空，但当前 v4.8.5 数据中仍为 100/320 → **声称的修正未落盘**（流程性缺陷）。建议核查该行 git 变更历史。
EVID-A5-018,Vehicle,MR7151DCHEV131,电机总功率/扭矩,云端仓库 CHANGELOG.md v4.7.4 记录（本仓库自身权威版本记录）,https://github.com/coolcat0125/TA-Analysis/blob/main/CHANGELOG.md,2026-09-13（v4.7.4）,2026-09-17,A,版本记录比对（云端声称的修正与实际数据不一致）,CHANGELOG v4.7.4：『411 批银河A7（MR7151DCHEV131）电机三格官方佐证改值（媒体橙）：前79/后100/总160 → 前175/262·后空·总175/262』,candidate,总功率 175/262 与云端 v4.7.4 记录一致，可保留；冲突集中在前/后电机分列。
